store_id,sales_sum,sales_mean,total_ad_spend_mean,website_visits_mean,unique_lead_count_mean,ctr_clean_mean,conversion_rate_mean,roas_mean,search_spend_ratio_mean,social_spend_ratio_mean,display_spend_ratio_mean,video_spend_ratio_mean,pmax_spend_ratio_mean,month_nunique,ad_months_active,ad_active_ratio,spent_any,avg_ad_spend_active_only,search_avg_spend_active_only,social_avg_spend_active_only,display_avg_spend_active_only,video_avg_spend_active_only,pmax_avg_spend_active_only
00033435-6a15-49e5-a1a1-cb5350c0cfc1,424.0,17.666666666666668,2349.7262499999997,10214.916666666666,15.916666666666666,0.014412844410878834,0.0016396868195228875,0.011928903073539296,0.2240023052123518,0.12860494798711175,0.08871763043807294,0.01043634112397166,0.04657650715178053,24,15,0.625,1,3759.5619999999994,2038.988,353.12666666666667,326.5193346666667,107.04866666666666,354.7479997333333
0012401c-75c8-4e5b-87ca-c51172b14637,352.0,14.666666666666666,718.4604165833333,12421.375,19.625,0.008916021858249792,0.001679131585704671,0.8403367174362736,0.0,0.25059486016968463,0.09014280919030253,0.026469061185366637,0.1293482210196677,24,14,0.5833333333333334,1,1231.6464284285717,0.0,319.4707141428571,36.28357142857143,17.042142857142856,854.1335715714285
001edcd2-e886-4e7d-b3bf-1f2244e0e790,646.0,26.916666666666668,4093.030416666667,11737.666666666666,31.0,0.014959898749953654,0.0026931729780852918,0.003912165929822304,0.2685403971118449,0.2277512931888538,0.0011356179828234374,0.0,0.14891557701443828,24,16,0.6666666666666666,1,6139.545625000001,2441.7768749999996,2361.464375,9.3975,0.0,1166.1787625
0062a118-fadc-4e33-b3b1-08a42bb25e67,96.0,4.0,168.17875,4057.2083333333335,5.541666666666667,0.0035685981279953544,0.0014156382661887374,0.006436860441666633,0.0,0.25,0.041666666666666664,0.0,0.0,24,7,0.2916666666666667,1,576.6128571428571,0.0,566.6428571428571,9.97,0.0,0.0
00a3403e-0779-4fe5-88f6-dee69ebf8101,103.0,4.291666666666667,521.16375,2589.9166666666665,5.708333333333333,0.0020504419806290836,0.004699991252572054,0.002400528054056029,0.0,0.0,0.04214565808994248,0.11717680483273524,0.09067753658950027,24,6,0.25,1,2084.655,0.0,0.0,533.3566616666666,458.77,1092.5283333333334
00b6723d-5847-4811-85f2-9511be89b328,250.0,10.416666666666666,388.25666666666666,5707.583333333333,32.416666666666664,0.006258726700485255,0.006071644704939454,0.21479306049929062,0.0,0.26742782065287424,0.041666666666666664,0.0,0.09118290292539494,24,12,0.5,1,776.5133333333333,0.0,527.365,7.9675,0.0,124.835
00f8f157-b944-4395-846e-719ab0f60fd8,847.0,35.291666666666664,4456.9279166666665,17278.583333333332,45.541666666666664,0.023030476255098714,0.0026983723836426954,0.004204482697772838,0.48362236592057667,0.058335895700585276,0.0023950359896000085,0.00447320100206245,0.11519402173789199,24,16,0.6666666666666666,1,6685.391875,4829.9525,628.401875,19.20875,43.97249975,1135.15125
01028f18-dbc3-4b37-bcfa-7eb7d964db72,421.0,17.541666666666668,734.0204208333333,15083.5,21.75,0.0034749356126094707,0.0016618412616518502,0.12840272293804397,0.0,0.4501284221389759,0.0,0.0,0.0,24,12,0.5,1,1468.0408416666667,0.0,1426.9225083333333,0.0,0.0,0.0
014cc524-d9a8-4e54-8969-b4247e003670,560.0,23.333333333333332,1799.6850000000002,13355.583333333334,42.291666666666664,0.020786023660095986,0.003158891989289342,0.013161206392738607,0.18753951010446215,0.21990085717460792,0.0,0.04898619582469185,0.16796607030292546,24,15,0.625,1,2879.496,827.3693446666667,1007.1486666666667,0.0,248.709333,792.2519979999998
01555a1c-5b93-4717-b3df-842c96d7b520,1077.0,44.875,6154.822941666666,28923.5,92.79166666666667,0.029150019589702227,0.003277100262535046,0.004180749965631246,0.37296249664156456,0.020255888054795806,0.0012538585247904791,0.0,0.08290335282376815,24,16,0.6666666666666666,1,9232.2344125,5010.09310625,370.975,14.509375,0.0,1301.17125
018598b6-9056-404f-9b14-11de251b9c78,274.0,11.416666666666666,3192.337079166666,21404.083333333332,13.958333333333334,0.006950821324770755,0.0007456103704609791,0.014179620261323586,0.20265687492198858,0.2634591694267909,0.03105050116493588,0.0,0.07529059391449096,24,16,0.6666666666666666,1,4788.5056187499995,1621.0575,1173.8893875,388.446876875,0.0,426.021875
018e2471-f1a1-4ac6-80b2-df6895385b98,1036.0,43.166666666666664,2147.9874999999997,45824.333333333336,87.04166666666667,0.011506242914133179,0.002035922971661121,0.024419406827387375,0.0,0.4507207061208088,0.024274256082194436,0.0,0.14733691631037155,24,15,0.625,1,3436.7799999999997,0.0,2551.3106666666667,13.356666666666666,0.0,850.9993333333333
01955bc0-09f9-4e54-9c8e-dea26e4f2bbe,265.0,11.041666666666666,2103.54875,5378.75,4.625,0.01444017986381449,0.0009070895659241207,0.002724407641200429,0.38267450045547075,0.11868904390844048,0.0029747382526993083,0.0,0.16232838455983362,24,16,0.6666666666666666,1,3155.323125,1826.15,609.41,14.54,0.0,705.2231268749999
019e4056-3096-4e6f-a823-3c28ca2e4a9d,11.0,0.4583333333333333,4.637916583333333,211.95833333333334,0.5416666666666666,0.0036762317737596083,0.0027314805100486002,0.003605592111499046,0.0,0.041666666666666664,0.08333333333333333,0.0,0.0,24,3,0.125,1,37.10333266666667,0.0,9.200000000000001,27.903332666666667,0.0,0.0
01a79a79-f1e1-4708-b064-2499bef67a4a,82.0,3.4166666666666665,162.72166666666666,7792.916666666667,5.375,0.003356639948705916,0.0008558647593532434,0.004604920737103167,0.0,0.3333333333333333,0.0,0.0,0.0,24,8,0.3333333333333333,1,488.165,0.0,488.165,0.0,0.0,0.0
020665b1-1535-4def-a9c6-87aeb4e660f6,151.0,6.291666666666667,247.61208341666665,3821.0416666666665,8.583333333333334,0.012846077467797383,0.0022395760951628915,0.009316617944739541,0.0,0.08333333333333333,0.0,0.0,0.2916666666666667,24,9,0.375,1,660.2988891111112,0.0,27.741111111111113,0.0,0.0,632.557778
0251eb94-97b2-4b5a-96ca-337af153e5e8,150.0,6.25,780.9245833333334,4264.125,11.041666666666666,0.00656620070269745,0.0029036482148203624,0.04253671054840542,0.0,0.29909889513654114,0.23353692329392098,0.0,0.0,24,14,0.5833333333333334,1,1338.7278571428571,0.0,947.9357142857142,67.565,0.0,0.0
028bebe2-61a2-4a60-81a9-b8ef86987336,1099.0,45.791666666666664,4571.6033333333335,14558.291666666666,38.25,0.009692676677392443,0.0026820742727037914,0.0057946334910170955,0.6553244485122778,0.01049649218298311,0.0,0.0,0.0,24,16,0.6666666666666666,1,6857.405,6758.3975,90.85875,0.0,0.0,0.0
0292c5a9-fece-4428-8464-f3e9e83540cc,984.0,41.0,1444.8704175,44575.416666666664,121.45833333333333,0.014787599771657256,0.002798158389576371,0.059381063690332365,0.0,0.14434182066345955,0.016296155660648737,0.0,0.2969550711500207,24,15,0.625,1,2311.792668,0.0,100.28933333333335,15.106666666666666,0.0,1473.5906666666667
02a0659c-2fab-4ffb-8c16-1b9c31eaad7e,135.0,5.625,89.79916666666666,7995.5,15.166666666666666,0.005223476237632608,0.001965163692296133,0.028256373984914096,0.0,0.07552490551951864,0.35859821932156954,0.0,0.02421020948544368,24,11,0.4583333333333333,1,195.92545454545453,0.0,35.58181818181818,149.26363636363635,0.0,11.080000454545454
02a11085-b27d-4000-bdd6-5975d294b739,341.0,14.208333333333334,3524.5437500000003,8747.125,24.25,0.008118775138654609,0.002712305438274675,0.0021141627599194665,0.36283532808673025,0.03160241361207718,0.004808144521829867,0.0,0.22193685997596604,24,16,0.6666666666666666,1,5286.815625,2820.918125,45.335,13.9175,0.0,2058.1525
02b3a551-68b4-4ce2-afbc-a606293b90bb,461.0,19.208333333333332,637.8745883333332,2415.625,4.5,0.010076831901589913,0.0029508836171792123,0.21322893735813211,0.051950345892808975,0.3108111127756688,0.0,0.0,0.024136347768523927,24,15,0.625,1,1020.5993413333332,62.89599966666666,431.28267466666665,0.0,0.0,84.25866666666667
02d8ff72-83b2-4c87-af29-57caf6d81b21,129.0,5.375,47.64958333333333,397.2083333333333,0.875,0.002729819495037892,0.0022128878352582746,0.006393852476250329,0.0,0.16666666666666666,0.041666666666666664,0.0,0.0,24,5,0.20833333333333334,1,228.71800000000002,0.0,207.99,20.728,0.0,0.0
02e63b23-b67b-4b25-bb15-710c79b0b3aa,267.0,11.125,2221.4987375,8994.166666666666,11.208333333333334,0.023661518140387455,0.0013195991913246,0.010145282119812938,0.3807008757605678,0.07593043684079702,0.017895268078650384,0.0,0.05116714208487303,24,16,0.6666666666666666,1,3332.24810625,1599.07374375,424.515,158.28749374999998,0.0,270.71375
03011b77-96cd-4557-8d65-6d57fb6f2824,290.0,12.083333333333334,196.15291666666667,13448.833333333334,24.875,0.0017699108667983542,0.0018908054384295415,0.011790632188244247,0.0,0.2916666666666667,0.0,0.0,0.0,24,7,0.2916666666666667,1,672.5242857142857,0.0,672.5242857142857,0.0,0.0,0.0
0308341c-a4d3-4384-a90a-148eeb5e2a01,1469.0,61.208333333333336,2843.0912624999996,8653.833333333334,58.208333333333336,0.015447615502086854,0.00923156509204883,0.01314736680207696,0.29675062481554737,0.11170308045453899,0.05505047012196554,0.0,0.02881402189339165,24,16,0.6666666666666666,1,4264.636893749999,1552.40436875,539.661875625,419.56375,0.0,283.793126875
0335aa2d-2241-4945-b6d3-bfa4007adb0b,745.0,31.041666666666668,3121.342083333333,15703.625,55.416666666666664,0.011927235666029415,0.0038639768746009753,0.005435848553682512,0.15590337350407188,0.28149840312649077,0.15070291570175967,0.0,0.07710829077109987,24,16,0.6666666666666666,1,4682.0131249999995,966.8268743750001,1792.0793800000001,1190.8649999999998,0.0,719.9825000000001
034b8e26-687d-4ea2-8ed8-74931c2907f2,3915.0,163.125,10079.911625,94248.41666666667,165.33333333333334,0.007956799748262938,0.0018972839431823625,0.012253777076737778,0.5272020198047507,0.04147670051980538,0.0021283031159660543,0.0,0.01235344403581983,24,14,0.5833333333333334,1,17279.8485,17019.919292857143,185.21,10.454285714285716,0.0,57.49
034c227f-d80d-4b4a-afb8-55ba750b7f9e,140.0,5.833333333333333,156.82708333333332,587.2083333333334,3.875,0.0020704256346425706,0.007348788314555728,0.052196796671405345,0.0,0.25,0.0,0.0,0.041666666666666664,24,7,0.2916666666666667,1,537.6928571428572,0.0,536.9328571428572,0.0,0.0,0.76
036e6156-777a-46d8-9a7f-a358a35ba895,1886.0,78.58333333333333,2645.7508333333335,23367.708333333332,149.41666666666666,0.006422003132050043,0.006423188180387534,0.5057548437011489,0.22785880131975675,0.16705126904348874,0.0,0.0,0.00061580134017925,24,14,0.5833333333333334,1,4535.572857142857,2574.7914285714287,157.85142857142858,0.0,0.0,6.478571428571429
03f803bd-a2df-40fe-8b57-090b0d22de3e,659.0,27.458333333333332,2528.2316666666666,17377.583333333332,35.333333333333336,0.010767190875454366,0.0021628157490905624,0.028869008832328253,0.275797971192337,0.18559281708964562,0.05002350682239124,0.0,0.09684964629375287,24,15,0.625,1,4045.170666666667,2178.5353333333333,660.4566666666666,34.208,0.0,742.7673333333333
042e36da-4033-43ae-abde-bdfc15e73b7a,1604.0,66.83333333333333,9280.874583333332,34653.125,104.91666666666667,0.02190323700341292,0.0030338036330341002,0.003457768839501154,0.2166842815976482,0.02181552001588742,0.013514665684415735,0.024013627336510898,0.006031598881183597,24,16,0.6666666666666666,1,13921.311875,4405.96750625,583.5387499999999,343.02875,557.0818750000001,146.625
046cb2bf-2c06-4b7f-920c-a266cd729d38,80.0,3.3333333333333335,122.79875000000003,1345.9583333333333,1.6666666666666667,0.0023196930844041623,0.0012077021370057166,0.005836514288624458,0.0,0.16666666666666666,0.041666666666666664,0.0,0.0,24,5,0.20833333333333334,1,589.434,0.0,554.568,34.866,0.0,0.0
04839924-4da0-4309-96fe-caa34dfebff8,316.0,13.166666666666666,596.1587458333333,6708.791666666667,12.25,0.008350978120392226,0.0018924297368805166,0.22459729994113498,0.3629467539162043,0.07115469324339248,0.07063475805109644,0.018288435580386467,0.018188635899497072,24,14,0.5833333333333334,1,1021.9864214285714,871.2385714285714,53.190000000000005,52.53071428571428,14.477857142857143,29.514999999999997
04847f9c-b46c-4d76-adfb-c6e3bcc4ae91,882.0,36.75,1588.7550000395834,18283.375,39.833333333333336,0.002683663565055104,0.0022315931233038624,3.373908588024801,0.0,0.24399283095474777,0.0053036983856896,0.0,0.008243873276388567,24,11,0.4583333333333333,1,3466.3745455409094,0.0,3304.3199999999997,20.47,0.0,6.97
049d72ac-6f3a-4640-b6d1-033be6459933,75.0,3.125,156.69833337499998,874.0833333333334,2.8333333333333335,0.00391572251116765,0.0031991716238384247,0.008187018897756988,0.0,0.2360414296842319,0.07882856662397972,0.0,0.01846333790411898,24,8,0.3333333333333333,1,470.095000125,0.0,417.915000125,41.6775,0.0,10.5025005
04b38b0b-bde2-472f-94bb-6f6072f5975f,1115.0,46.458333333333336,2159.3995833333333,2427.125,5.541666666666667,0.003873171324806062,0.0025884749970740664,0.022982057582230996,0.31405216185631396,0.1753781451200412,0.05579662444978949,0.0,0.027243604736839847,24,14,0.5833333333333334,1,3701.8278571428564,2758.3143071428567,791.1764499999999,71.80785714285715,0.0,22.768571428571427
04b84ab4-85cb-4aba-9c51-d0ab51f69538,302.0,12.583333333333334,4669.810833333333,8413.625,24.25,0.013744902298154676,0.00320518790284975,0.0012731131917319667,0.4101333480478462,0.1449704169948929,0.0027041150193609794,0.0,0.10885878660456656,24,16,0.6666666666666666,1,7004.7162499999995,4047.585,1666.8543750000001,25.000625,0.0,1265.2762500000001
04ba8961-5300-40dc-a48c-5ec4f14f2d1e,227.0,9.458333333333334,2980.44875,10061.625,5.125,0.02108286093531696,0.0005977885924686536,0.001382631620006179,0.10278862646415905,0.06693253838794637,0.0,0.0,0.0,24,16,0.6666666666666666,1,4470.673125,664.888125,514.681875,0.0,0.0,0.0
04c579bf-3183-4131-a64a-f7cc21dfc3f3,188.0,7.833333333333333,364.2287483333333,4200.541666666667,13.291666666666666,0.008415009679218615,0.003169579856801504,0.09853850332135095,0.1947978645050419,0.013535468828291408,0.3048583038354973,0.0,0.0,24,14,0.5833333333333334,1,624.39214,466.58642571428567,38.84928571428572,110.09214214285716,0.0,0.0
04d1fe2d-48b1-47e3-960c-0f9999d9e7f8,686.0,28.583333333333332,11733.89625,15983.458333333334,71.45833333333333,0.019898098226380525,0.0045689763842827625,0.004812540667951971,0.558036343640152,0.05282314242083489,0.0,0.0,0.05541375509405852,24,16,0.6666666666666666,1,17600.844375,15921.493124999997,89.640625,0.0,0.0,1574.3093749999998
04da0aa3-a671-4617-96bc-a63530589e76,407.0,16.958333333333332,2374.616249166667,16774.125,57.583333333333336,0.014114056432252118,0.003373017695336175,0.00891902686453343,0.3984031029499297,0.12350331280681542,0.03299153505288966,0.0,0.04292855163831103,24,15,0.625,1,3799.385998666666,2796.0453333333335,341.22333266666664,134.196,0.0,243.478
04ea48ab-fffd-4272-aeb2-d94e844ac4f8,436.0,18.166666666666668,699.3545825,14157.625,44.708333333333336,0.008753083629452601,0.0031525616812147334,0.011326571322959876,0.0,0.4442292962414662,0.027211069895992437,0.0,0.009587577531618484,24,12,0.5,1,1398.709165,0.0,1320.6983333333335,14.965000000000002,0.0,7.116666666666667
050555c3-eb32-49ac-aeb4-e5fe3db3745b,495.0,20.625,2239.78333325,12477.333333333334,14.416666666666666,0.012001552791450433,0.0011747729673659668,0.02264046928487558,0.22849978617459432,0.13418914269349944,0.004952706910944371,0.006953113620994587,0.14372013670631056,24,14,0.5833333333333334,1,3839.6285712857143,2111.5907142857145,179.98357142857145,52.583571428571425,18.33142714285714,1367.5185714285712
051a85ba-55d8-4154-a95e-7c7e72dfb62a,117.0,4.875,2295.4929166666666,4210.0,5.333333333333333,0.010616314922315559,0.0015077578180536417,0.0025618510269589706,0.15949405713214584,0.044744085603316906,0.24825919923164655,0.0,0.0058359913748096,24,11,0.4583333333333333,1,5008.348181818182,4190.266363636364,61.62908909090909,604.3627272727273,0.0,152.09000154545456
052bb8d0-29c9-4434-9c75-e2f2dbec58c0,1618.0,67.41666666666667,16725.710416666665,38682.875,89.5,0.009706872069856204,0.0023404573471602374,0.0019287672534949749,0.41542829577284374,0.10725821631951608,0.023705299544714665,0.001005978368577288,0.11820152431406834,24,16,0.6666666666666666,1,25088.565625,14618.568125000002,3870.230625,996.5831246875,20.85625,5528.99625
05304adf-0963-4d18-a0d5-bc8333a53128,1529.0,63.708333333333336,19111.492416666668,48427.083333333336,91.83333333333333,0.015485248909980367,0.0019140565925973333,0.001337180866287621,0.44106307666969574,0.061146763287350324,0.008399466782468732,0.002851033086015246,0.09235658371954673,24,16,0.6666666666666666,1,28667.238625,17692.306875,3020.2187249999997,367.27124937475,128.685625,4440.403125
053886bc-6aa7-434d-bfea-1af7e1fc5b7f,267.0,11.125,1105.2933333333333,3854.2916666666665,5.0,0.01207515987814393,0.0013386251650096043,0.013936703031360914,0.10093016557276607,0.04875503751635943,0.051026045131755564,0.0,0.38262208511245227,24,14,0.5833333333333334,1,1894.7885714285715,616.6571428571427,25.444285714285716,187.58214285714286,0.0,1065.105
05520aed-8b15-4a48-8b76-e3ce83c6d596,1744.0,72.66666666666667,9092.574583333333,61994.833333333336,109.625,0.011888379343167887,0.001832843873717025,0.0037957443618844375,0.1671783612204667,0.15725448540164086,0.05999959319674012,0.009515829709672442,0.1465596554740299,24,16,0.6666666666666666,1,13638.861875,3792.1706249999997,2413.2075,1331.2881256249998,225.883125,2900.0843624999998
0559a70c-7b0b-4991-abe7-1464a055e540,627.0,26.125,439.52416666666664,21068.0,60.208333333333336,0.002828268319654679,0.0030047248705199706,0.04058944564006165,0.0,0.2883289676384402,0.03476488657844991,0.0,0.010239478870302738,24,11,0.4583333333333333,1,958.9618181818182,0.0,862.4045453636362,12.840000000000002,0.0,11.071818181818182
055ba939-f2e6-4a23-9341-e9d255999ed7,1031.0,42.958333333333336,4637.407087500001,4242.208333333333,5.041666666666667,0.007846097232357255,0.0016845767784965042,0.004454810920922712,0.310458405927076,0.014357963947975472,0.07970903918611699,0.0,0.26211071412078274,24,16,0.6666666666666666,1,6956.110631250001,3108.22125,156.7237561875,650.04125,0.0,3040.7425000000003
059136c9-fb2c-4d39-ae7e-d1c1dc1683bf,1097.0,45.708333333333336,4287.510420833333,20627.208333333332,47.333333333333336,0.024999267747757997,0.0023178736965199,0.005896761737635754,0.30142755890707845,0.028126443363171202,0.001931942019660071,0.0,0.22849295519109503,24,16,0.6666666666666666,1,6431.26563125,2548.75313125,179.56125001874997,12.25,0.0,2683.966875
05a93efe-e727-4507-9f74-6dfa72e527b0,831.0,34.625,12337.319583333336,18782.708333333332,21.625,0.008787727114895488,0.0010524989595042666,0.0012792249774474793,0.4360456315199362,0.07174736715624509,0.007475828417114053,0.0006188118193460513,0.14630353435852475,24,16,0.6666666666666666,1,18505.979375000003,11484.738125,2442.87181125,250.403125,22.765,4163.150606249999
05beec0f-5007-4d89-860b-2b90c1278841,979.0,40.791666666666664,1543.1904166666666,30640.958333333332,102.20833333333333,0.004966448725285933,0.003361776333036158,0.06939276473180969,0.0,0.2561577537695206,0.40961140063490403,0.0,0.0,24,16,0.6666666666666666,1,2314.785625,0.0,934.19875,1375.234375,0.0,0.0
05d27088-b8d7-4f8a-8b60-1c97309c52b3,781.0,32.541666666666664,11777.5675,27837.416666666668,75.33333333333333,0.015486369067837409,0.0027884213185792213,0.0014124076769159624,0.33715277268151905,0.13472568865322435,0.08811321644966963,0.0,0.027461338951099964,24,16,0.6666666666666666,1,17666.35125,9025.805,3542.752498125,2010.40875,0.0,809.64624875
05da9e56-0205-4f45-a745-4d1754f6e70f,379.0,15.791666666666666,1414.4633333333331,10739.083333333334,27.541666666666668,0.006769445274693943,0.002643914579287971,3.5481170705018834,0.18002644589104264,0.22156448789561567,0.0,0.0,0.09255038915432105,24,14,0.5833333333333334,1,2424.7942857142853,1012.2249999999998,590.0492857142857,0.0,0.0,518.9464285714286
05dfd254-74e1-4ea1-bb65-8a160f4b0407,379.0,15.791666666666666,3933.3491666666664,6344.25,22.083333333333332,0.0311525180178981,0.0036165723066052084,0.0018654647369824708,0.581540737856346,0.0013254592181628666,0.0,0.008694560388356634,0.07510590896339138,24,16,0.6666666666666666,1,5900.023749999999,5158.499374999999,14.15437501875,0.0,94.55375,632.8162474999999
06135c0f-f34f-4b36-b52b-69eb3873cc6c,245.0,10.208333333333334,260.91625,3855.625,7.916666666666667,0.0031785757824184455,0.0020689992257794,0.007202615150321229,0.0,0.27847672105447546,0.03613442765653174,0.0,0.018722184622326134,24,8,0.3333333333333333,1,782.7487500000001,0.0,744.5625,29.0575,0.0,9.12875
061e626f-38af-4e75-bfed-b269864a3125,488.0,20.333333333333332,2650.3475000000003,11154.458333333334,20.791666666666668,0.01035267631105652,0.012654407385518778,0.016656843818180462,0.10943611985972944,0.40745583530475366,0.07995841862799281,0.0,0.0,24,16,0.6666666666666666,1,3975.5212500000002,955.9674949999999,1938.92875,768.92,0.0,0.0
061f54e6-e6fb-4114-9c1f-ee9caf9a975c,2155.0,89.79166666666667,21765.539166666666,54047.416666666664,121.66666666666667,0.014269578640205406,0.0023143822660930875,0.002192485323931504,0.2795277809540123,0.044537026182289004,0.017844156379087938,0.002866858378453617,0.08795496206379307,24,16,0.6666666666666666,1,32648.30875,12757.61625,2333.76374375,828.785625,45.310625,4489.9824874999995
062e4c12-a2bd-4489-a21b-5c2ebc2f1ad0,262.0,10.916666666666666,119.67291666666667,2514.5833333333335,5.416666666666667,0.003971861521642909,0.0023993497457361706,0.26685777909986685,0.0,0.16742709838048597,0.332572901619514,0.0,0.0,24,12,0.5,1,239.34583333333333,0.0,27.925,211.42083333333335,0.0,0.0
06353979-9713-4550-9331-c9b01efe0a9c,431.0,17.958333333333332,6023.044583333333,11487.416666666666,21.041666666666668,0.012838498610762394,0.0020003886755234628,0.001429025404172746,0.41213817648345924,0.09330984087372389,0.001580395502349408,0.02333893160475668,0.07266065185593627,24,16,0.6666666666666666,1,9034.566875,5605.529375,1076.814375,11.536874999999998,336.06624999999997,1073.6056250000001
063b44fb-647b-426d-9e2a-c7902bb7e908,996.0,41.5,11141.397125000001,22586.833333333332,84.875,0.012427007488713575,0.004264049060184367,0.0015639759628811665,0.24183588051071528,0.051849708612240024,0.01127801151990577,0.002351265088818388,0.1933043843588517,24,16,0.6666666666666666,1,16712.0956875,5817.77625,1383.6793687499999,299.50687500000004,71.1868749375,4969.7443812500005
0654c50e-9e8f-4e52-aa28-820b0b39a056,71.0,2.9583333333333335,0.0,2371.9166666666665,6.625,0.0,0.0007010184109637,0.0,0.0,0.0,0.0,0.0,0.0,24,0,0.0,0,0.0,0.0,0.0,0.0,0.0,0.0
0679af2a-2c04-491a-a93c-2aac411e7846,593.0,24.708333333333332,815.5720875000001,737.9583333333334,24.083333333333332,0.005170701249692583,0.3950875079956398,0.0385404239901603,0.37371337404094884,0.08460918628702437,0.0,0.0,0.0,24,11,0.4583333333333333,1,1779.4300090909092,1744.3436363636363,35.03,0.0,0.0,0.0
06c86a69-a96a-4dec-b2f7-b65cd614e13d,1652.0,68.83333333333333,7410.635416666667,31619.541666666668,124.91666666666667,0.010894040330686342,0.003954323756829988,0.014103348226846321,0.10091202207598222,0.23942439841799848,0.027040797348083633,0.0094686224295218,0.060420046065752575,24,16,0.6666666666666666,1,11115.953125,4711.6068749999995,3215.449375,84.33375,45.310625,1507.8999999999999
06ee8d75-61db-4e2c-9936-b1c8cfde8da7,743.0,30.958333333333332,6169.227916666667,19735.583333333332,29.333333333333332,0.01822771346783707,0.0015009649902660166,0.0023881603923393835,0.5003005702109425,0.14110845393797347,0.02188969103934788,0.0,0.003124835688697421,24,16,0.6666666666666666,1,9253.841875,6836.896875,2068.4918749999997,299.179375,0.0,46.063125
06fbb861-2a90-47e7-b30f-abd92c925c8d,6817.0,284.0416666666667,66763.66833333333,67740.125,692.1666666666666,0.006741093308980588,0.010461128300088761,0.0023227227392656753,0.26003078733097934,0.20721876366652162,0.0004740019477159458,0.11225387328088117,0.0800082997548358,24,16,0.6666666666666666,1,100145.5025,39309.124375,31520.19,74.458125,16558.78753125,11613.5075
07010103-4999-4a00-bc30-af05f01b1f7b,150.0,6.25,632.0274958333333,1740.6666666666667,7.041666666666667,0.0017399111104566959,0.004071411811422108,0.004414495925300579,0.0,0.16666666666666666,0.0,0.0,0.0,24,4,0.16666666666666666,1,3792.164975,0.0,3792.164975,0.0,0.0,0.0
07439f5e-4837-4195-b85a-e76771084fbc,335.0,13.958333333333334,8077.584999999999,44918.625,24.375,0.011457217131751586,0.0005510908034953708,0.0008233595805791291,0.3098551698614902,0.059664273774460395,0.07757097579374865,0.0,0.09610849008035395,24,16,0.6666666666666666,1,12116.377499999999,5039.1175,1101.7075018750002,1408.9793775,0.0,1955.31875
0743bd70-3949-45c1-a72f-05d5d1b0b3d9,893.0,37.208333333333336,10848.888333333334,18001.375,106.58333333333333,0.020468019265835663,0.006024882943943853,0.002478479425950883,0.5753230790715885,0.0471664099801136,0.0009171265248991041,0.0,0.042682768827933364,24,16,0.6666666666666666,1,16273.3325,14321.9575,873.43313125,13.943125,0.0,1050.893125
07498e3f-3e4c-4db9-83dc-0f8dd9e8d70a,1112.0,46.333333333333336,21493.997916666664,20886.083333333332,68.91666666666667,0.013952900328047524,0.0036144331702911707,0.0009657939389597333,0.3561490913480574,0.014062866048200973,0.004588782773430638,0.0,0.24200115454588347,24,16,0.6666666666666666,1,32240.996874999997,17276.913125,654.984375,235.86312499999997,0.0,11551.5238125
07694332-3237-4020-a9bf-b4983053b3cb,755.0,31.458333333333332,953.6662540833335,19860.833333333332,29.125,0.006548093738254345,0.023249247439615917,0.045134690944370025,0.03741376886727896,0.27327855202948426,0.1604792991932612,0.003939042565082884,0.010217946774647579,24,14,0.5833333333333334,1,1634.8564355714286,125.24571535714283,714.9185714285716,449.4035867857143,11.289285714285713,8.089285714285714
076e1de4-be35-4f3b-8fd5-9ef433f8509d,163.0,6.791666666666667,117.74125000000002,3678.375,9.166666666666666,0.0034463068661781376,0.002510762641194946,0.005932649235232203,0.0,0.20833333333333334,0.0,0.0,0.0,24,5,0.20833333333333334,1,565.1580000000001,0.0,565.1580000000001,0.0,0.0,0.0
077c331d-7c00-466d-bd12-d541f748720d,76.0,3.1666666666666665,11.91125,2678.25,3.2916666666666665,0.0025980449497104543,0.0013411651880577292,0.18800713588893983,0.0,0.125,0.041666666666666664,0.0,0.0,24,4,0.16666666666666666,1,71.4675,0.0,23.419999999999998,48.0475,0.0,0.0
079cea8c-ef2c-43d9-af4f-a05a6a4a1ead,400.0,16.666666666666668,4050.8524999999995,6270.0,20.791666666666668,0.009135547679929844,0.003365082566628813,0.0019633094891269,0.44138894235771664,0.1286830262350376,0.0,0.0,0.0964533381754999,24,16,0.6666666666666666,1,6076.2787499999995,3872.661875,1267.832499375,0.0,0.0,934.415626875
079dd915-4726-4c3a-a19a-22eae2e147c2,354.0,14.75,2157.909166666667,6833.541666666667,17.541666666666668,0.004339173209035054,0.0026557404434458995,0.006524939574639875,0.5516671798841842,0.07117959642751147,0.0,0.0,0.0,24,15,0.625,1,3452.654666666667,3333.4759980000003,107.09266666666666,0.0,0.0,0.0
07eefa3a-3876-4f33-adcb-bd0c97a0612d,299.0,12.458333333333334,2948.414166666667,10056.625,6.5,0.008011484572792485,0.0007438538568873375,0.002142697291608379,0.36325041703115174,0.04783241184175744,0.21481411153202257,0.0,0.0407697271907161,24,16,0.6666666666666666,1,4422.62125,2369.5331312499998,299.51187500000003,1451.850625,0.0,301.725625
08087993-2ad8-4d73-b152-33e17af46b02,485.0,20.208333333333332,1971.7712541666667,25723.916666666668,108.54166666666667,0.003935102871165513,0.003031191733861571,0.007309417551594037,0.010093630128048595,0.4125400981756934,0.0,0.0,0.07715019132594313,24,12,0.5,1,3943.5425083333334,104.16666666666667,3152.859158333333,0.0,0.0,684.4050000000001
08219dc4-4be1-4dfb-92e1-f9b555885136,521.0,21.708333333333332,1348.6599999999999,8961.458333333334,12.916666666666666,0.006594976338355887,0.0015369192413779208,0.012343222649039066,0.42045291240005317,0.13978267133232117,0.01592050124793212,0.0,0.04652603362273617,24,15,0.625,1,2157.856,1843.189333333334,140.94133333333332,14.730666666666668,0.0,150.21400666666665
08304cdc-67c0-4307-ac47-86d53c2fd078,473.0,19.708333333333332,1050.7008334999998,17314.583333333332,27.625,0.015749883800912166,0.001878448104941325,1.3708272165067923,0.015675448642750386,0.17706829688856848,0.12445864622687268,0.0,0.19757924953496395,24,15,0.625,1,1681.1213336,108.18266666666666,112.20866626666665,431.73333333333335,0.0,754.5333333333333
0884de3d-60d7-4cb9-bd05-33462dd9b4f5,1060.0,44.166666666666664,7366.6641666666665,12748.791666666666,148.45833333333334,0.009839242514554425,0.011707588653650763,0.0029488276689996463,0.27634535716445413,0.1796997982833507,0.0008201148430226041,0.0,0.2079670205987251,24,16,0.6666666666666666,1,11049.99625,4410.67375,3080.61875,11.794375,0.0,3514.39
08956e9d-d080-4419-aa6a-aa69e73f4bd3,187.0,7.791666666666667,75.80583333333334,3952.5833333333335,9.625,0.0029482581835694084,0.002489335328438225,0.011982732672453755,0.0,0.20833333333333334,0.041666666666666664,0.0,0.0,24,6,0.25,1,303.22333333333336,0.0,274.49333333333334,28.73,0.0,0.0
08a91b4d-97a8-4786-9aaf-5b015061bd68,72.0,3.0,94.27625,527.5,0.9583333333333334,0.0019085435992108584,0.0018444714170340957,0.0037492150246132457,0.0,0.13857571629212997,0.1459175134967987,0.0,0.00717343687773795,24,7,0.2916666666666667,1,323.23285714285714,0.0,205.39428571428567,109.6042857142857,0.0,8.234285714285715
08cb2b03-1924-4cc7-8bc4-f4cf0794a458,634.0,26.416666666666668,55.06625,20635.208333333332,23.708333333333332,0.003355475176901712,0.0011683037915216667,4.850121375693766,0.0,0.14527986999388062,0.06822362433309485,0.0,0.03464544810232548,24,9,0.375,1,146.84333333333333,0.0,44.77333333333334,57.24222222222222,0.0,41.86555555555555
08daada5-0416-4c81-9e27-02752f50e9bf,909.0,37.875,471.2579175000001,4627.458333333333,18.25,0.013211116068506425,0.004813571016126871,0.10628117793677155,0.1599856070387133,0.25,0.0,0.0,0.0,24,11,0.4583333333333333,1,1028.1990927272727,143.10363636363638,871.0800018181818,0.0,0.0,0.0
08f06e2e-fe40-47af-a992-021874996b20,57.0,2.375,51.75958333333333,504.9583333333333,0.4166666666666667,0.001253609355405396,0.0014130224390415502,0.005845179203518733,0.08333333333333333,0.041666666666666664,0.041666666666666664,0.0,0.0,24,4,0.16666666666666666,1,310.5575,281.05,12.33,17.1775,0.0,0.0
08f965ac-280c-43fa-bdc7-3a59aed83e7a,1017.0,42.375,4480.378333333333,21653.25,23.791666666666668,0.009551257199969238,0.0011182209648055625,0.00454170138263905,0.2515430966680732,0.16108484610268417,0.0017497712467543208,0.0030132638211295246,0.24114379778833883,24,16,0.6666666666666666,1,6720.5675,2418.255,1685.62436875,12.01875,44.42375,2452.6056249999997
091441d2-0a40-4f3d-b5c5-0e78c1fd023a,259.0,10.791666666666666,1183.37625,3292.625,4.916666666666667,0.009475816710299042,0.0015838033266727,0.006421505023526938,0.167155981910283,0.0757231685975961,0.0017214904936174167,0.0,0.3155985616663002,24,14,0.5833333333333334,1,2028.645,715.4250071428571,218.99714285714285,9.692857142857141,0.0,966.0785714285713
0925e30d-bf91-4663-83c0-06da9848d623,212.0,8.833333333333334,960.57125,6408.208333333333,13.333333333333334,0.017023220524280205,0.0022790694007366833,0.009733240319758342,0.35299656691022624,0.1220586866179205,0.10552103620487936,0.0,0.0027570401246061003,24,14,0.5833333333333334,1,1646.6935714285714,912.759992857143,326.4771405714286,399.58714285714285,0.0,7.869285714285715
092fa4bc-537c-4602-a0ab-c1ce46b46204,572.0,23.833333333333332,5129.691666666667,16063.875,15.5,0.013477889660682954,0.0011810000345854291,0.005184649419150909,0.39993672803733477,0.0011243915298507832,0.01021432872242631,0.05292156507050002,0.11164872572923101,24,16,0.6666666666666666,1,7694.5375,5443.891875006249,21.340625000000003,174.35375,627.889375,1069.87061873125
094ac3da-8e81-468d-a570-c6211b34e2bc,266.0,11.083333333333334,477.62624916666664,3701.0,12.916666666666666,0.004620094853800904,0.0036077116973643546,0.42627840099895337,0.0,0.2326385358413828,0.21859685255340133,0.0,0.006022676121344883,24,14,0.5833333333333334,1,818.7878557142857,0.0,204.26857,609.0628571428572,0.0,2.797857142857143
094bd8b5-e8ff-4b1b-adea-21cf27a57dcf,131.0,5.458333333333333,421.9741666666667,3467.2916666666665,7.041666666666667,0.010219904710401616,0.002313613386344325,0.009369064656596975,0.0,0.2916666666666667,0.06082622047599692,0.0,0.08755385425512163,24,11,0.4583333333333333,1,920.6709090909088,0.0,826.3518181818181,12.483636363636363,0.0,68.24454545454546
0951eafa-6b3b-4d57-8219-403098b1ef11,60.0,2.5,477.05875,849.9583333333334,4.375,0.0003910153276613667,0.005202402668990316,0.00027971092153978336,0.0,0.0,0.0,0.25,0.0,24,6,0.25,1,1908.235,0.0,0.0,0.0,1908.235,0.0
09a7d25b-fa07-4d70-bae1-1774ae7efe27,324.0,13.5,164.09708333333333,6167.875,8.5,0.004636642771820925,0.00135764049801795,0.028287735344954153,0.0,0.08391600532633729,0.374417328006996,0.0,0.0,24,11,0.4583333333333333,1,358.03,0.0,23.568181818181817,334.46181818181816,0.0,0.0
09ac0ba9-e831-4765-866d-e30862a23b15,2526.0,105.25,38794.120416666665,78166.79166666667,195.25,0.019636646128597668,0.0024735369613472584,0.0011545263124921542,0.4274573873873419,0.03864501364355005,0.02838823216611802,0.007513302540485308,0.06291880132367182,24,16,0.6666666666666666,1,58191.180625,36225.15875,3671.2806250000003,2782.82625,339.19187500000004,5596.66373125
09afa05d-fed3-4a8a-84ce-807706917b87,858.0,35.75,6726.484166666666,19148.5,48.083333333333336,0.03184122374866798,0.002561303659318654,0.003818596121113954,0.4540253922493725,0.019667998711499005,0.0,0.0,0.10641191447033382,24,16,0.6666666666666666,1,10089.72625,6668.628125,121.87874987499998,0.0,0.0,1622.97124375
09c69f77-3df0-4d95-9460-fc10585daf30,977.0,40.708333333333336,587.3545784166666,9776.916666666666,79.08333333333333,0.005974188447725542,0.008407446730001954,0.060518515984714166,0.0,0.1634093786576333,0.15224983276232815,0.0,0.06166898613070946,24,11,0.4583333333333333,1,1281.5008983636365,0.0,504.4999963636364,206.6554547272727,0.0,379.4281818181818
09d6d8fb-5836-4795-b2fa-cb5cb77b9e62,252.0,10.5,2587.3037499999996,5527.875,11.583333333333334,0.008600875853379012,0.0021228038498642293,0.0032320876492970205,0.3970223866689757,0.11334867659224805,0.008486896217343163,0.0,0.10582668189843088,24,15,0.625,1,4139.686,1733.6699999999998,1912.6940002666668,33.85733333333334,0.0,457.79666666666657
09e63a5f-e5f4-447d-9a1f-88e2a3c08d75,811.0,33.791666666666664,4846.498750833333,18578.75,37.708333333333336,0.011703266287560875,0.002100766650184254,0.008234496142120646,0.37836973714448113,0.06099602052332933,0.016592918702166056,0.0,0.20744551192563196,24,16,0.6666666666666666,1,7269.7481262500005,4040.918125,92.47812625,82.334375,0.0,3029.4862500000004
09f165ac-5800-48e5-b864-1b5d10b0ba46,256.0,10.666666666666666,4407.7725,7437.875,10.5,0.01088708498443703,0.0015303957986326083,0.0010226446914742874,0.4445334704311061,0.08420672065002222,0.04973896469922099,0.0,0.08805789301585439,24,16,0.6666666666666666,1,6611.6587500000005,4381.100624999999,784.860625,535.76249875,0.0,908.6306249999999
0a1092c0-f860-4c60-a863-573cc00086ec,381.0,15.875,6847.550416666668,12947.541666666666,28.333333333333332,0.011021803686304099,0.0023844859363649456,0.0009695168523401624,0.2802772915930326,0.05751942965763385,0.036829308640341486,0.016708032302065683,0.14869363702816185,24,16,0.6666666666666666,1,10271.325625000001,4274.568125,891.248125,558.16999875,271.63750000000005,2274.0787499999997
0a1cc94a-3e26-4a7d-9768-2172b07b7761,942.0,39.25,6858.512500000001,21132.416666666668,63.5,0.014449094809341497,0.003128072579397604,0.0027716995772665044,0.23538457348837336,0.27650606945645206,0.013025390245242177,0.0,0.05557488078182393,24,16,0.6666666666666666,1,10287.768750000001,4018.523125,3529.73061875,229.11312487499998,0.0,941.0137502499999
0a300aa3-44b5-4685-9c67-8362b15e038f,218.0,9.083333333333334,1470.620829166667,3019.3333333333335,11.708333333333334,0.012206027858577063,0.003991386370486716,0.0028761923280812333,0.4809894356267268,0.10848641455493557,0.07719081768512946,0.0,0.0,24,16,0.6666666666666666,1,2205.9312437500002,1525.096875,435.45375,245.380624375,0.0,0.0
0a405c52-0beb-454d-991f-cc7c68470694,1269.0,52.875,9294.040833333333,12213.125,55.875,0.018380842091749974,0.005133078863224996,0.0026705601358000997,0.35517751396760416,0.11883466343262013,0.004442328578033667,0.0036306573243208083,0.08712530509835596,24,16,0.6666666666666666,1,13941.061249999999,7059.26875,2522.54314375,103.078125,89.02375,2214.48375
0a6ea551-bbc7-4c0d-a84d-0aef8a1a6a07,832.0,34.666666666666664,4534.210416666667,14150.875,14.208333333333334,0.009263173910425991,0.0010531706048193376,0.0035984646088554873,0.3379500357777676,0.08624431943327497,0.04367754187941886,0.0,0.1944786371065755,24,16,0.6666666666666666,1,6801.315625,3230.1475,814.201875,420.294998125,0.0,2285.811875
0a7c767a-7793-4dbf-9549-d3680ed99089,396.0,16.5,881.8183333333333,10558.75,25.833333333333332,0.006261081437607942,0.003525265281362304,0.014815731149654046,0.041666666666666664,0.07976440620454255,0.40659444525091254,0.0,0.01271976315657491,24,13,0.5416666666666666,1,1627.9723076923076,415.3692307692308,68.50153846153846,1109.676923076923,0.0,31.705384615384613
0abdb667-9e20-4973-b130-58cd10db41de,1834.0,76.41666666666667,2172.6070832916666,11033.5,34.041666666666664,0.007420085777231726,0.0031155194815745877,3.7602112650491493,0.08331380011484146,0.08409519897411392,0.0,0.0,0.0607983378980532,24,12,0.5,1,4345.214166583334,1230.5366666666666,109.68166666666666,0.0,0.0,850.6258574999998
0adfbaaa-a52e-4e49-8e99-356c4e5ca6e4,274.0,11.416666666666666,2087.973754166667,8141.291666666667,23.0,0.013819783710623243,0.0029419724852664413,0.0027341261834314414,0.40604074476552715,0.1685932129156358,0.0031087524538873246,0.08747326889662861,0.0,24,16,0.6666666666666666,1,3131.96063125,1998.6712499999999,713.79188125,12.63125,399.21375,0.0
0ae0215e-fa7d-4d7b-baf1-9e7f341fa220,403.0,16.791666666666668,371.7058333333334,18077.708333333332,32.083333333333336,0.006272874347984692,0.0018312318038764582,0.6548567520873019,0.0,0.33318914491125784,0.11930565398850303,0.0,0.0,24,15,0.625,1,594.7293333333333,0.0,501.26666666666665,78.26333333333334,0.0,0.0
0afb6a0f-8ba4-40c2-b906-b6bfc4aa39ab,7.0,7.0,0.0,2.0,0.0,0.0,0.0,0.0,0.0,0.0,0.0,0.0,0.0,1,0,0.0,0,0.0,0.0,0.0,0.0,0.0,0.0
0b166b5a-6705-4483-9606-47d1150bc439,83.0,3.4583333333333335,24.62125,651.375,2.125,0.002299137830890525,0.0035531267660661916,0.029553765924326902,0.0,0.16666666666666666,0.041666666666666664,0.0,0.0,24,5,0.20833333333333334,1,118.18199999999999,0.0,83.752,34.43,0.0,0.0
0b3de7e8-9c16-45fc-ae1d-ec75c46ffcd5,858.0,35.75,544.7904166666667,19445.666666666668,49.291666666666664,0.004757176916534129,0.0027498777755780336,1.516150984265314,0.0,0.05097315024860733,0.3841290267870892,0.027128610320816916,0.07861890490938732,24,14,0.5833333333333334,1,933.9264285714287,0.0,74.5642842857143,622.4614285714285,25.922142857142855,210.07714285714286
0b5832f9-f795-4e11-810b-2ea2f76ffd31,2772.0,115.5,2910.0200000041664,34189.875,93.54166666666667,0.003792030792577679,0.0028234542601981044,481.4562027547112,0.018083130262364872,0.18445671623966717,0.06331823211989254,0.0,0.10339750760500593,24,14,0.5833333333333334,1,4988.605714292857,603.9242857142857,1237.3442857142857,2035.7721428571429,0.0,925.0442857142858
0b700241-1137-45fb-a37c-7302ec00194d,282.0,11.75,1009.6216666666666,11144.833333333334,19.541666666666668,0.005676325968397675,0.0015464471589333375,0.08424282075755651,0.03379923107932978,0.32780929382590435,0.15229284106450783,0.004060709626292971,0.0,24,14,0.5833333333333334,1,1730.78,71.38571428571429,591.0828571428573,838.3228499999999,34.77571428571429,0.0
0b7acc43-41d7-4169-b0d2-9ae14eead694,385.0,16.041666666666668,671.3074995875,10147.333333333334,25.958333333333332,0.0014574748805383543,0.00265433893055675,0.3859954117475494,0.37492464020480226,0.08333333333333333,0.0,0.0,0.0,24,12,0.5,1,1342.6149991749999,1309.3616658333333,32.81,0.0,0.0,0.0
0b92aff5-2336-4aa3-9286-441f99092f41,1070.0,44.583333333333336,6798.331249999999,28862.291666666668,91.79166666666667,0.029885336858115587,0.0031486777495460584,0.0036223948146765126,0.4721768114071882,0.021207817862934557,0.0011521159980202708,0.0,0.17152095578260526,24,16,0.6666666666666666,1,10197.496874999999,6962.781875000001,402.00750000000005,12.954375,0.0,2810.1831250000005
0b932916-9c89-4ff6-a0e4-62c1a83bc6d2,42.0,1.75,711.065,1292.5416666666667,4.041666666666667,0.0033160486873971,0.0017735653618295042,0.08081358335607931,0.16287662743641398,0.041666666666666664,0.045456705896919365,0.0,0.0,24,6,0.25,1,2844.26,2206.5116666666668,0.345,637.4033333333333,0.0,0.0
0b948f8e-e34a-4226-914b-db2118169c95,153.0,6.375,124.22416666666665,1337.2083333333333,2.3333333333333335,0.007954763311676367,0.0015754421083929333,0.010695350678352882,0.0,0.08333333333333333,0.0,0.0,0.12103406094774566,24,6,0.25,1,496.8966666666667,0.0,26.823333333333334,0.0,0.0,337.04333333333335
0ba5c712-c0b7-4caf-aaa1-1842010b4fa6,176.0,7.333333333333333,0.0,18518.208333333332,8.833333333333334,0.0,0.0004934452376612226,0.0,0.0,0.0,0.0,0.0,0.0,24,0,0.0,0,0.0,0.0,0.0,0.0,0.0,0.0
0bc04be2-b31a-4b7f-a5b8-28aac41f88b7,348.0,14.5,3699.447083333333,14578.791666666666,51.833333333333336,0.03333333333333333,0.003497370784344292,0.001830659698772554,0.5764943307084214,0.00991313842974097,0.0,0.0,0.02076037252581508,24,16,0.6666666666666666,1,5549.170625,4808.7875,95.318125,0.0,0.0,161.99125
0bd95ae1-24d9-4fa2-b7ac-ff9adec33948,1736.0,72.33333333333333,22329.97875,38198.041666666664,139.875,0.013915502788855567,0.003858000503485079,0.0018829444439606169,0.5009823237836394,0.09960344204924802,0.010631390186396193,0.022283434315596807,0.0027787801035945837,24,16,0.6666666666666666,1,33494.968125,25810.7225,4512.08875,575.18875,1219.2774999968751,158.28187624999998
0be1af07-2d50-459e-9c51-897a9d0fe862,794.0,33.083333333333336,1644.06375,18455.625,31.416666666666668,0.010101112005098513,0.001782948084684429,0.015244245097204553,0.10114458712528739,0.3309596709745824,0.02749807181420859,0.0,0.16230417875437975,24,15,0.625,1,2630.502,390.0346666666666,1512.8273333333334,15.402,0.0,700.6100066666665
0bf69270-460d-464b-bac9-e9e7dcfbeb94,940.0,39.166666666666664,4841.661666666667,18559.708333333332,29.25,0.011112614865998488,0.0016309835455386456,0.0037494955192531212,0.2295784508304668,0.2605069802849678,0.10298183956036056,0.0022710712422264706,0.03515902185650425,24,16,0.6666666666666666,1,7262.4925,2367.873125,2789.19749375,1041.731875,36.950625,544.2043750000001
0bfd17da-1dc6-41b8-aeeb-3924f1a04608,1146.0,47.75,18689.273749999997,27811.041666666668,70.83333333333333,0.012119162895422135,0.002643570127540996,0.0015323102078771914,0.24738356098075454,0.1634735744636657,0.0392233240419587,0.02136269796375261,0.003403183443800579,24,16,0.6666666666666666,1,28033.910624999997,9299.2137625,6488.364374999999,1551.2431187500001,935.8637512500001,170.91187374999998
0c090c13-2334-4f88-ad58-3a70349ee652,234.0,9.75,342.81666791666663,2911.8333333333335,4.708333333333333,0.0027887292627738793,0.0040752591489244296,1.0375534178030577,0.0,0.16666666666666666,0.0,0.0,0.007540582837902084,24,10,0.4166666666666667,1,822.7600030000001,0.0,29.87099999999999,0.0,0.0,15.63
0c113cd6-6da6-47af-978c-1c28efcf8d5d,241.0,10.041666666666666,181.13666666666668,3172.25,7.0,0.0064882901505793,0.002218962557119996,0.015459873441428053,0.041666666666666664,0.25,0.0,0.0,0.0,24,7,0.2916666666666667,1,621.04,106.14285714285714,514.8971428571429,0.0,0.0,0.0
0c1e3304-f021-4e34-8aad-32539ba9a9d1,989.0,41.208333333333336,6199.954999999999,17687.333333333332,19.875,0.009452460808011555,0.001146819379917754,0.018222971687022155,0.22979079493130258,0.17501482465678966,0.0555321466328374,0.033846944556033855,0.1723409402409154,24,16,0.6666666666666666,1,9299.932499999999,3857.6775,1574.86,554.2181312499999,654.41,2656.73875625
0c3ce6a8-f78b-40f9-9c1c-d8077308923a,110.0,4.583333333333333,774.2441679166667,3475.8333333333335,4.333333333333333,0.020328914100632003,0.0012709426054645292,0.002835648331522521,0.5093602433219656,0.056884082640675064,0.09772296670307451,0.0,0.002699371487605538,24,16,0.6666666666666666,1,1161.366251875,842.368123125,150.42562500000003,163.581875,0.0,4.990625
0c44173c-23c7-4a71-b1f5-cdbf92187baa,610.0,25.416666666666668,5707.531666666667,13698.666666666666,13.208333333333334,0.01275253545417602,0.0010667915266365708,0.0023344899720285166,0.32017575514795116,0.15462183493944892,0.031050446197475354,0.0,0.13968158616716647,24,16,0.6666666666666666,1,8561.2975,3609.21750625,2090.35375,434.93125000000003,0.0,2022.290625
0c60f2bf-bfeb-4e2c-b100-66bdf3b5c983,1568.0,65.33333333333333,27953.46541666667,52687.583333333336,99.83333333333333,0.010891024919946651,0.0019851728273185417,0.0010340415655452583,0.48274216473541043,0.09870960325453064,0.05454726465123799,0.015282417641762478,0.0013733027003575585,24,16,0.6666666666666666,1,41930.198125,30151.6675625,6208.378125,3423.4400000000005,1074.1725075,73.90187624999999
0c7090f7-06a2-4106-b641-f8e7478d6156,109.0,4.541666666666667,804.2529158333333,1487.6666666666667,4.208333333333333,0.012660859912415954,0.002965920859989263,0.0026727595255248543,0.44243184778019123,0.0030015501307914714,0.030524612389682706,0.0,0.19070865597076855,24,16,0.6666666666666666,1,1206.37937375,731.618123125,4.783125,46.261875062499996,0.0,423.71625
0c960b1c-27b9-4e8e-abfc-d01ac3d78376,1687.0,70.29166666666667,8700.269166666667,36090.833333333336,134.54166666666666,0.01778757699105957,0.0037239348908357714,0.0038693651208825132,0.32267174598924037,0.11128247369279631,0.0008340470275743084,0.0,0.15941233176869654,24,16,0.6666666666666666,1,13050.403750000001,5901.56125,2004.5025,11.759375,0.0,3831.6031249999996
0cff9e0e-773e-4dc9-9f0e-bea87da93947,262.0,10.916666666666666,3745.810420833333,14450.208333333334,10.75,0.009316654864330946,0.0009065989438381042,0.0015769564170096835,0.3091191378221357,0.12372010830577561,0.012229874854118541,0.0,0.08032193513281287,24,14,0.5833333333333334,1,6421.389292857143,3482.0342857142855,1271.2057157142858,134.76285714285714,0.0,1187.7864357142857
0d0b449e-e5d4-49f8-b69f-b47c203a76ab,1003.0,41.791666666666664,14149.028770833334,26691.833333333332,44.833333333333336,0.01240168270233269,0.0018591427441917874,0.0016201842169262834,0.4626267456260466,0.1153266624945825,0.03339037950521849,0.0,0.05486152813860177,24,16,0.6666666666666666,1,21223.54315625,13516.641875,5030.08375,977.55563375,0.0,1683.4950000000003
0d4bf26b-c6f4-4397-9780-950497e6bc8f,2782.0,115.91666666666667,13896.382083333336,41832.958333333336,127.625,0.015769781564928833,0.003070397497686433,0.0038813045068034294,0.26707412164063565,0.052851887540918914,0.009451065523552533,0.006138213287518179,0.29585729508178094,24,16,0.6666666666666666,1,20844.573125000003,8183.05255,1727.019375,291.404375,198.09312500000001,9323.924374999999
0d85adea-2985-4125-8f6d-e0865a931a42,248.0,10.333333333333334,1673.2445875,3761.25,7.208333333333333,0.007609870257839771,0.0019598347497353417,0.002914879434221817,0.5167635544514618,0.11075241515232026,0.037036736821930406,0.0,0.001971842476175929,24,16,0.6666666666666666,1,2509.86688125,1830.545625,540.849375,132.57,0.0,5.338125
0db60743-eb5e-454f-9d99-15781b5fd6c4,1414.0,58.916666666666664,6971.571250000001,13495.375,69.83333333333333,0.020961303338117812,0.0065763196856726824,0.004461978781119287,0.4906019986539925,0.09157795664249324,0.0013782715972852292,0.0,0.03639590840694714,24,16,0.6666666666666666,1,10457.356875000001,7372.599375,1741.9124975,14.674375,0.0,613.829375
0e15d45b-13e7-49b7-81a0-0e1394a22747,313.0,13.041666666666666,1535.71,5736.5,14.291666666666666,0.015267791767097786,0.002563287914995821,0.0026638827779836005,0.36385843122856204,0.1056042258834336,0.017826226140749826,0.0,0.0,24,13,0.5416666666666666,1,2835.1569230769232,1913.7438461538463,520.794616923077,82.23230769230769,0.0,0.0
0e2c79dd-014a-4b5c-9b2c-67add1d4dceb,168.0,7.0,200.02124999999998,4907.375,7.791666666666667,0.002338168696552179,0.0017369706917347752,0.5136843680009175,0.0,0.2916666666666667,0.0,0.0,0.0,24,7,0.2916666666666667,1,685.7871428571428,0.0,685.7871428571428,0.0,0.0,0.0
0e4c44ec-7220-4546-b16b-74b50e508e2a,576.0,24.0,8491.037479166667,21441.541666666668,58.25,0.016370178688690982,0.0027868477435670502,0.0013076924031783582,0.3822479553515441,0.11554455320300645,5.23761678356799e-05,0.05382319929487798,0.08776841574359152,24,16,0.6666666666666666,1,12736.55621875,7494.923124999999,2049.554375,0.7706249996875,1120.335,1615.3093749999998
0e9aa424-582f-4e38-a0f4-1ce18f9a9026,571.0,23.791666666666668,3656.859179166667,8887.041666666666,56.416666666666664,0.014544398249092316,0.006565258556432162,0.002861594830363025,0.4411693256063029,0.007220477732293083,0.027618776267589823,0.0,0.18784958258154716,24,16,0.6666666666666666,1,5485.288768750001,3464.400625,56.151875000000004,213.25437625,0.0,1725.9112499999999
0ec22e43-f90e-4a03-9457-a9caffa11ce2,110.0,4.583333333333333,1038.3941666666667,2917.9583333333335,4.625,0.0065729596725663,0.00160197939984095,0.0023232114060437003,0.38765417818528053,0.07606406775684481,0.20012479743833766,0.0,0.00282362293990775,24,16,0.6666666666666666,1,1557.59125,839.314375,274.805,437.46937375,0.0,6.0025
0ed48e4c-bb24-4c00-82a7-b73bc03c92aa,693.0,28.875,1180.2279125000002,24342.291666666668,19.541666666666668,0.007689755771270567,0.0010728626587939334,6.2158007314651655,0.0,0.29684028241189275,0.12753845081312062,0.010544661888893178,0.09643912257215963,24,15,0.625,1,1888.36466,0.0,1058.9046666666666,59.202666666666666,13.112666666666666,748.76534
0ed4c375-a536-4c88-8eb1-1cbf3f66dda0,373.0,15.541666666666666,1104.0750041666668,16998.625,31.375,0.007892690533702288,0.0019922245617888623,0.004867749412363242,0.37418947524993346,0.007001873326881608,0.005510897410333975,0.0597580376103618,0.05446483471940256,24,13,0.5416666666666666,1,2038.2923153846154,1189.1338461538462,40.71692307692308,17.858461538461537,350.02461538461534,194.05384615384614
0ee1a27b-db0a-4945-9c93-c57f634b8145,1484.0,61.833333333333336,36744.20916666667,63264.375,114.08333333333333,0.024665649612507844,0.0017764780341367667,0.0006981498723927958,0.44764283628972484,0.0443813686272796,0.03572247298028105,0.008056215824074271,0.04083022115040093,24,16,0.6666666666666666,1,55116.31375,36242.67125,3956.19811875,3162.1037499999998,403.013125,3537.24503125
0f176dcf-4986-480a-9695-4b88b24ca4ec,740.0,30.833333333333332,7136.74625,22719.958333333332,26.583333333333332,0.01602847937606051,0.0011961078715147916,0.001923111602255121,0.4322724133484148,0.0024993055801212417,0.015069639504273,0.0,0.21667358897042768,24,16,0.6666666666666666,1,10705.119375,6803.240625,39.26125,274.675,0.0,3585.40875
0f18dd0b-f60f-4f5e-8967-2dbcc89a6928,649.0,27.041666666666668,804.2016666666665,3252.0,19.708333333333332,0.013990883238871467,0.006693293970234412,0.012833177528344564,0.3459209502606135,0.05636290488171284,0.008899710887019859,0.0,0.005483100461487242,24,10,0.4166666666666667,1,1930.0839999999996,1745.1919999999998,101.134,50.425,0.0,33.332998999999994
0f42df5c-f4ff-416e-ba51-f989bf6b45b4,25.0,1.0416666666666667,170.83333333333334,238.79166666666666,0.7083333333333334,0.0,0.00042382080252868336,0.0010208333333333332,0.0820023148148148,0.0,0.00017361111111110833,0.0,0.0,24,2,0.08333333333333333,1,2050.0,1992.5,0.0,7.5,0.0,0.0
0f674600-15ae-4b13-8a17-6563e218760e,706.0,29.416666666666668,12539.178770833334,10135.125,19.25,0.004289829491647992,0.00198655772627285,0.0011016431129453209,0.38785860596385424,0.04615108855266461,0.0261418465217859,0.07598004870254531,0.09957894459554813,24,16,0.6666666666666666,1,18808.76815625,11024.94125,1188.0637499999998,779.1737577499999,2166.88313125,2787.99125
0f8f50ca-6db2-4977-9eca-7e3fc16a1a92,1026.0,42.75,6174.389583333334,18104.916666666668,61.291666666666664,0.0074877768329850965,0.003649628624467221,0.002963831227923637,0.453510361216678,0.047146013155166,0.0656808573277244,0.0,0.05810046181955477,24,15,0.625,1,9879.023333333333,7013.013999999999,809.446,959.1866666666667,0.0,1089.9946666666667
0f972d59-19db-4924-97ea-b32be84d2b95,899.0,37.458333333333336,1300.8720833333334,23749.208333333332,44.25,0.009283682814884203,0.0020061241026522792,0.04098253806613885,0.0,0.20828865744926892,0.13069885371044754,0.026911214985415533,0.028613166837061967,24,15,0.625,1,2081.3953333333334,0.0,939.1473333333332,547.0886666666667,22.47533333333333,27.242
0f98956e-b500-4327-b0b7-aa9ce58d9f28,1135.0,47.291666666666664,15214.453333333333,36956.541666666664,79.83333333333333,0.009629263383443576,0.0022190896307438374,0.0013490240011703291,0.29633381663770625,0.0017765788267166873,0.031354532711278464,0.0014051963014478166,0.32190704632957895,24,16,0.6666666666666666,1,22821.68,10022.139374999999,55.064375,1127.9075,45.310625,11094.12246875
0fa755f8-6c59-43ab-a6ee-2ca165617b43,429.0,17.875,648.9862456666666,5845.833333333333,20.666666666666668,0.004061176528703283,0.0037349597214341498,0.01795957309301328,0.0,0.4138080790293506,0.027386101288757708,0.0,0.0171391550562081,24,11,0.4583333333333333,1,1415.9699905454545,0.0,1392.469990909091,20.446363636363635,0.0,3.053636363636364
0fa86bb6-8833-46c8-b121-9684b3ef285d,352.0,14.666666666666666,1177.8654166666665,8198.75,10.625,0.0080809981122568,0.0012914472978525918,0.007210110588106916,0.11835573862041408,0.3744614604232373,0.01529306105240195,0.0,0.01815804965269253,24,16,0.6666666666666666,1,1766.7981249999998,562.45625,785.278125,23.38187475,0.0,51.194375
0fb7e6c3-4f6a-4896-a0b2-59d39838a637,1071.0,44.625,916.8895795833333,24411.583333333332,71.83333333333333,0.007834644887221784,0.0030755148939517088,1.100507576338743,0.03341304076019005,0.2592715632262488,0.007523597156694283,0.0,0.015359446994962542,24,13,0.5416666666666666,1,1692.719223846154,98.6723076923077,1120.11077,20.908461538461538,0.0,15.83769246153846
0fcd14ea-6de9-45b2-874a-72be9782973b,216.0,9.0,111.89458333333334,1562.625,3.5416666666666665,0.0022499494998452,0.0023369649381996126,0.01116135754779801,0.0,0.25,0.0,0.0,0.0,24,6,0.25,1,447.5783333333334,0.0,447.5783333333334,0.0,0.0,0.0
0fd046b1-526a-4038-a8f0-555188b9c8db,77.0,3.2083333333333335,32.39291666666667,5088.833333333333,1.9166666666666667,0.001354486019166075,7.870098301227367e-05,0.0,0.0,0.0,0.0911695388506291,0.0,0.03383046114937088,24,3,0.125,1,259.1433333333333,0.0,0.0,185.42333333333332,0.0,73.72
0ff4a434-44de-47da-8213-ab298ff5658c,329.0,13.708333333333334,3354.1445833333332,8308.958333333334,11.541666666666666,0.011025634890166933,0.0014764929053139458,0.0019759532174466084,0.46475561553478834,0.015308672729098112,0.04923096669272172,0.0,0.13661884487252676,24,16,0.6666666666666666,1,5031.216875,3524.2125187499996,91.38375,358.29499875,0.0,1051.84437375
0ff72bb7-3042-4a62-b651-8bafc9ffb4c1,122.0,5.083333333333333,1188.6029166666667,2282.8333333333335,3.5833333333333335,0.012657627721083342,0.0019628489036043334,0.0013955713474963166,0.4076866811404744,0.013897023506364079,0.03995025498912034,0.0,0.0801327070390316,24,13,0.5416666666666666,1,2194.343846153846,1659.376153846154,40.73923046923077,23.199230769230773,0.0,471.02923076769235
100c924a-8c0a-4da2-b216-8554f4fbc4a3,1003.0,41.791666666666664,5526.637916666667,92499.79166666667,57.416666666666664,0.013525351856642968,0.0006204713869047625,0.003401690047435308,0.24259038080240444,0.014962487376152118,0.0018520870375074083,0.0,0.34702973516910035,24,16,0.6666666666666666,1,8289.956875,3055.4350000000004,110.55937499999999,14.984375,0.0,4266.88
10765e8c-7d31-4345-a44a-d91c6a83067f,289.0,12.041666666666666,265.88791807916664,8434.958333333334,3.9583333333333335,0.0039129977006096455,0.0005048004002344126,0.7487847570024164,0.0,0.4166666666666667,0.0,0.0,0.0,24,14,0.5833333333333334,1,455.8078595642857,0.0,454.9228595714286,0.0,0.0,0.0
107f859f-586f-46ba-9068-6cd8ea8dc841,799.0,33.291666666666664,2656.2391625,16166.5,42.833333333333336,0.0141669494099346,0.0026915686950008456,0.028074734323599526,0.415270391804437,0.06553973131552088,0.10273882962338927,0.0,0.06706983947268226,24,16,0.6666666666666666,1,3984.35874375,2618.6600012500003,170.54999999999998,274.88562487499996,0.0,769.403125
1080831a-036e-4a8b-a5c8-c5b7bda8edbd,120.0,5.0,625.85,3864.0,2.0416666666666665,0.01185151982205853,0.0005637968085026708,0.005469888317090359,0.3056285651972772,0.08397481329296037,0.27573795654200217,0.0,0.0,24,16,0.6666666666666666,1,938.7750000000001,455.41562500000003,230.40812499999998,244.826249375,0.0,0.0
109fda8d-64e1-4027-bfc7-319728e1ef68,625.0,26.041666666666668,3717.75,12200.333333333334,19.666666666666668,0.01971927356284064,0.0017722376007737876,0.00395427221928693,0.5598451312783438,0.06890447293341101,0.008112071717598842,0.0,0.0131434208163111,24,16,0.6666666666666666,1,5576.625,4572.780624999999,706.245625,38.4775,0.0,144.19625
10f4847b-034a-45ef-9c70-cf333e80b737,687.0,28.625,724.3991665791667,30527.125,48.375,0.008193070079968709,0.0017487148741157582,0.5940826688015871,0.041666666666666664,0.14398305408190526,0.19399291212802375,0.0,0.07285164539503575,24,13,0.5416666666666666,1,1337.3523075307692,114.51384615384616,36.52307676923077,1118.1853846153847,0.0,56.35307692307692
1110fd06-f552-4584-b32e-b77785814e3d,20.0,0.8333333333333334,0.0,712.5,0.5833333333333334,0.0,9.467948164023334e-05,0.0,0.0,0.0,0.0,0.0,0.0,24,0,0.0,0,0.0,0.0,0.0,0.0,0.0,0.0
112bab3e-c780-40da-b799-8d3485222d23,70.0,2.9166666666666665,132.81916625,436.2083333333333,2.5,0.00294052483969125,0.006859798224443759,0.004884969496036263,0.0,0.19855307915690487,0.07362562405814654,0.0,0.01948796435059037,24,7,0.2916666666666667,1,455.37999857142864,0.0,408.33857142857147,37.23285714285714,0.0,9.808570857142858
114ec4dd-8238-42e3-8ca5-b6a3950e2ce8,793.0,33.041666666666664,14.931666666666667,215.58333333333334,0.5,0.0020833333333333333,0.0012691517341792207,0.0025579491758752834,0.041666666666666664,0.0,0.0,0.0,0.0,24,1,0.041666666666666664,1,358.36,358.36,0.0,0.0,0.0,0.0
119f6b32-d072-46d8-8527-9515f509b907,932.0,38.833333333333336,5419.663333333333,22245.875,67.75,0.015548737237812261,0.0030617256163288672,0.003757463179965087,0.578368472950824,0.007245756862762179,0.017552446159506713,0.0,0.06296963810044905,24,16,0.6666666666666666,1,8129.495,7029.2762812500005,49.43375,195.12499937500002,0.0,848.3018749999999
11a31467-2053-4858-b2f4-72c2bc76ce71,1311.0,54.625,7973.206666666666,20124.333333333332,29.333333333333332,0.015340515782402071,0.0014986478790500876,0.002933334459775875,0.41905822128223874,0.11383347550879137,0.0032866649071054545,0.0016107375531531794,0.11576188525811282,24,16,0.6666666666666666,1,11959.81,7378.321875000001,2309.7381187500005,52.661874375,22.145625,2017.6375062500001
11ad4a0c-9e6a-487d-b3b2-2a37096fde58,126.0,5.25,201.52374999999998,415.9166666666667,1.1666666666666667,0.0035152479067202245,0.0030378112895076,0.013307345257008508,0.0,0.3333333333333333,0.0,0.0,0.0,24,8,0.3333333333333333,1,604.57125,0.0,604.57125,0.0,0.0,0.0
11afebde-8fc7-4fdb-ad05-7af5bbd8f715,282.0,11.75,4776.480416666666,5330.875,18.375,0.026512253803262737,0.0036431707500157334,0.0010926234953161458,0.40422436820723534,0.01619527887732553,0.0014214357519603332,0.0,0.215103861300187,24,16,0.6666666666666666,1,7164.720625,4550.58125,159.38875,13.694375,0.0,2140.304375
11b23840-ceac-4471-85c3-e632f2ec58b1,567.0,23.625,1956.1516666666666,16027.208333333334,23.666666666666668,0.0057068713007748665,0.0011243645241932208,0.4241682589192188,0.08230783804939265,0.2717197021540049,6.342141449710834e-05,0.0,0.020226559104507158,24,13,0.5416666666666666,1,3611.356923076923,2114.87,1208.5453846153846,2.5961538461538463,0.0,234.81076923076924
11cb91ef-fd12-4268-9921-7da6e49ceef4,1082.0,45.083333333333336,5278.867916666667,17147.916666666668,33.958333333333336,0.01127908988465746,0.001980885800816904,0.006752890459553928,0.29164212363775516,0.15931008973693592,0.01744359921901585,0.0,0.15861504377068236,24,16,0.6666666666666666,1,7918.301875000001,4812.50375,1373.9250000000002,169.08625126875,0.0,1425.09875
11f59e01-8461-469b-98f3-18ba3c869686,560.0,23.333333333333332,3684.17625,4003.6666666666665,14.708333333333334,0.007270321189254768,0.004263384448860105,0.010831779494260294,0.24949633329359053,0.10828919588030184,0.0,0.0,0.021312545389686896,24,12,0.5,1,7368.352500000001,1029.3,626.33333333375,0.0,0.0,199.94833333333335
12266552-6df9-4b47-987b-d8455b28c59d,56.0,2.3333333333333335,954.9512500000001,408.625,2.9583333333333335,0.005121105253483817,0.00455431838501715,0.0007303699331159208,0.21993570832549172,0.054250593446888505,0.0,0.0,0.05914703200607487,24,8,0.3333333333333333,1,2864.85375,1876.78375,491.41125374999996,0.0,0.0,496.65875
123f6361-a4ab-4cd6-8b07-67c78f68a2a5,1215.0,50.625,20195.08541666667,25804.458333333332,98.375,0.01207301053460453,0.0038295677181198287,0.0011999086710594,0.3663495719345715,0.07589464367860575,0.008920827466773229,0.0007922026502098751,0.19938679500516276,24,16,0.6666666666666666,1,30292.628125000003,16579.77496875,3425.31875,411.904998125,46.040625000000006,9034.902518750001
123fb5c3-0459-4dec-b7be-c70a9a5fc2d8,381.0,15.875,5462.020833333333,14124.5,20.791666666666668,0.016140410553061254,0.0010387644271977207,0.0023754347005249415,0.37116786198792684,0.009237920410370241,0.06474220182303062,0.0,0.09358239052193061,24,14,0.5833333333333334,1,9363.464285714288,5956.460707142857,174.31500000000003,861.8214357142857,0.0,1355.4578592857144
124589cf-4331-4d96-ae78-31ba64014e72,2046.0,85.25,5137.467041666667,10870.25,45.333333333333336,0.0055708520246768286,0.004351844691214379,0.08372833367853733,0.006491659167993355,0.3353884164929808,0.0027102233201300456,0.008577049940608863,0.10545896455899939,24,16,0.6666666666666666,1,7706.2005625,35.169375,6041.893725,14.3175,45.310625,693.6025
125226e0-2027-43d7-a0df-ab5ddf7cb886,789.0,32.875,3293.429583333333,26743.416666666668,35.583333333333336,0.01166486654507176,0.0013988461596159292,0.004572982540144662,0.3089143531203236,0.16046340044610155,0.010623361691865845,0.0,0.17580413642258805,24,16,0.6666666666666666,1,4940.144375,2118.9718749999997,1337.649379375,70.82,0.0,1322.6025
1279ab8d-cc3f-45f4-ac4d-76af1ba79bdd,1686.0,70.25,3996.978333333333,8194.75,16.708333333333332,0.010651070765874284,0.0021962268320655748,0.013596787352992808,0.2610154113835236,0.30740967414252496,0.013604219153447483,0.0,0.008883981179550825,24,16,0.6666666666666666,1,5995.4675,3985.86251875,1438.445625,73.836875,0.0,42.744375
12b1abde-5bf7-4652-b762-a09b5c35c359,319.0,13.291666666666666,3536.7345833333334,10301.375,15.166666666666666,0.016947194640323748,0.001483311679142,0.0016235336189466376,0.49072760141864286,0.02520006877281114,0.03216544734552728,0.0,0.1183390313140996,24,16,0.6666666666666666,1,5305.101875,3891.08750625,236.07375000000002,235.16562499999998,0.0,940.89374875
1353c9d8-5361-4c21-b9dd-259d8d13d677,880.0,36.666666666666664,3175.8370875,17465.416666666668,39.625,0.0101584411084892,0.0023947095882520084,2.45518308792949,0.08029073432730825,0.41319362740939747,0.0008813221545094374,0.0,0.031974816343518765,24,14,0.5833333333333334,1,5444.292150000001,1406.9857142857143,3188.73215,16.612857142857145,0.0,563.10285
1353da69-bd92-41d0-9168-0ddfe2482f12,708.0,29.5,1517.7991666666667,16053.375,52.166666666666664,0.004080224519500163,0.0032813224540912834,0.71836908134442,0.10367551699652046,0.0891182596190322,0.009011269269636954,0.0,0.0013743457531453541,24,14,0.5833333333333334,1,2601.941428571429,981.2778571428571,109.5942857142857,85.46428571428571,0.0,5.053571428571429
13601ea7-ab23-4ca0-a2e1-2dd2e3777b59,428.0,17.833333333333332,530.6387500000001,9883.416666666666,30.291666666666668,0.00528962983744057,0.0031049087474958755,0.4204274870505928,0.10160047667460302,0.2497221120463816,0.017674970570038168,0.005684997265987612,0.0,24,12,0.5,1,1061.2775,634.3874999999999,266.11583333333334,109.32833333333333,41.725833333333334,0.0
1379fb05-8514-45e2-b0db-657c78bbfe5e,286.0,11.916666666666666,782.5683333333333,502.8333333333333,2.0833333333333335,0.003788794152587704,0.0026577555500697583,0.008887897855501745,0.0,0.25,0.0,0.0,0.0,24,6,0.25,1,3130.273333333333,0.0,3130.273333333333,0.0,0.0,0.0
1385e2b8-f8c4-453d-94d9-69a607fa5f5f,204.0,8.5,325.17124583333333,2137.875,6.083333333333333,0.004001148510934396,0.0028900469699416295,0.009875235393467718,0.0,0.375,0.0,0.0,0.0,24,9,0.375,1,867.1233222222222,0.0,867.1233222222222,0.0,0.0,0.0
1389d400-53a0-4d85-8f6d-d2f60598683d,171.0,7.125,158.13625833333333,2660.6666666666665,7.666666666666667,0.0016495114199340834,0.0028518015185584797,34.0767782039416,0.08333333333333333,0.20833333333333334,0.0,0.0,0.0,24,10,0.4166666666666667,1,379.52702,239.44002,139.94400000000002,0.0,0.0,0.0
13a9840a-46a2-47e2-a786-b8b791c3fad7,2255.0,93.95833333333333,5205.560416666667,9416.916666666666,19.416666666666668,0.003979175511070188,0.009331022531890625,0.041336525228097595,0.028173785497836275,0.10895244233242612,0.3999349681913377,0.011632074591170221,0.027616929603195006,24,15,0.625,1,8328.896666666666,243.9993333333333,599.9373335333333,6678.682666666667,112.19933333333334,48.89866533333334
13b10744-8719-4a3a-82e7-91b71edc1219,249.0,10.375,138.11083333333332,7541.458333333333,14.041666666666666,0.003880114994569183,0.0019541193843184332,0.023309637479422524,0.0,0.25,0.0,0.0,0.0,24,6,0.25,1,552.4433333333333,0.0,552.4433333333333,0.0,0.0,0.0
13d71910-a52a-4f1b-82a1-7884172e64e2,147.0,6.125,66.3075,2190.75,5.208333333333333,0.004054200257495096,0.0024890332619399084,0.016101969311454526,0.0,0.20833333333333334,0.041666666666666664,0.0,0.0,24,6,0.25,1,265.23,0.0,247.94500000000002,17.285,0.0,0.0
13d7454f-416b-4e9e-a203-2c6018a7fea8,292.0,12.166666666666666,1835.4004166666666,14200.166666666666,17.75,0.009414721104877467,0.0020390120664171628,0.011721686701860565,0.014800697194560624,0.18281945979872852,0.004251654421359629,0.004344472178086905,0.2808288541367815,24,12,0.5,1,3670.800833333334,114.05166666666668,1023.0824996666666,60.19833500000001,60.656666666666666,2231.0975000000003
13e0e7cd-f9ed-4e1b-80db-b15cc12005ed,240.0,10.0,1262.5770833333333,9079.5,18.125,0.01219756540627752,0.0022268791175714666,0.009180984946406345,0.12611832611087778,0.35954249948692424,0.029002984547608208,0.0,0.013204256542683345,24,13,0.5416666666666666,1,2330.9115384615384,1039.7369230769232,927.6723076923076,53.315384615384616,0.0,51.00769230769231
13e5e011-f690-4efb-ac7b-d8c8eb062dd8,1453.0,60.541666666666664,3234.498333333333,41611.625,100.58333333333333,0.00874671960256485,0.0025791978258458085,0.023515973158616695,0.3654301312332196,0.21427304245630582,0.012549992273761782,0.0,0.025090475045824553,24,15,0.625,1,5175.197333333332,3820.776666666667,1210.5339999999999,15.280666533333333,0.0,25.814000000000004
1418ffbd-0b91-4ed6-9357-93d93be2a9fc,336.0,14.0,2110.150833333333,8568.625,13.25,0.013247025258603795,0.0015749709905089708,0.0036775634505764126,0.28359324411196646,0.1893365862929981,0.04997905529142163,0.0,0.1433574739165381,24,16,0.6666666666666666,1,3165.2262499999997,1092.944375,814.69625,206.10062475,0.0,1049.345625
141e1e1d-c134-4b43-9c6a-22f82655a7d8,904.0,37.666666666666664,8366.45125,15252.583333333334,18.958333333333332,0.008513269925209767,0.0014275925640740376,0.014604431779815028,0.06318398017609189,0.3569076240163162,0.0022527571247706294,0.0012404435584096026,0.0009589545123740332,24,16,0.6666666666666666,1,12549.676875000001,1509.77375,5145.2943749999995,51.338125,20.381875,26.58375
14310585-8ea8-4271-aea1-594692f6040d,362.0,15.083333333333334,10363.650000000001,13501.25,33.416666666666664,0.01144933875624105,0.0025750194776385416,0.0006490198211127667,0.33277729049619126,0.1767861424144658,0.0005064915556127792,0.0,0.08990522586956308,24,16,0.6666666666666666,1,15545.475000000002,8021.2543749999995,3829.119375,14.75125,0.0,2593.346225
144616a7-24c8-4ead-b861-2833861e32de,806.0,33.583333333333336,9241.939166666667,17468.458333333332,41.416666666666664,0.013204095722677585,0.0023939112004965793,0.0016628448814047334,0.20441197995181706,0.029698299473131972,0.007681194166523833,0.0,0.23851557772217494,24,16,0.6666666666666666,1,13862.90875,3819.5637500000003,633.165624875,196.70124875,0.0,5439.72375
1456ba02-5515-416a-8951-aac87269190d,601.0,25.041666666666668,2918.7975125,8387.791666666666,6.958333333333333,0.013490158080534026,0.0008512294003938541,0.007740801060387925,0.31346450614387994,0.05977569810640771,0.0,0.0,0.2627305119779298,24,16,0.6666666666666666,1,4378.19626875,1454.55625625,281.926875,0.0,0.0,2502.3775
1456e151-3842-491a-86a5-773059a2a764,229.0,9.541666666666666,513.6912466666666,2936.7916666666665,5.041666666666667,0.002605308668135308,0.001194799040066596,0.21551328006374249,0.0,0.0846031022694337,0.0,0.0,0.019647100280389088,24,11,0.4583333333333333,1,1120.7809018181817,0.0,28.393636363636357,0.0,0.0,94.4309090909091
145aae2e-ebc3-43f6-a11a-4024f78a31be,729.0,30.375,10522.675416666667,25222.083333333332,84.70833333333333,0.00811506460913662,0.003424581581430596,0.0014970807310231878,0.2727013613342772,0.03672968491897239,0.0043497023547249625,0.0018166530953019169,0.2559488843026634,24,16,0.6666666666666666,1,15784.013125,5853.6075,794.5912500000001,137.065,62.56,6724.505625
1473298f-f011-4168-8b7c-7d8be45c1b04,85.0,3.5416666666666665,1254.1725,1230.25,1.875,0.0155024355083185,0.0017574320530394417,0.0011233134447872876,0.5577885725347004,0.0017302527876700332,0.1071478408256122,0.0,0.0,24,16,0.6666666666666666,1,1881.25875,1588.0818749999999,4.445625,288.73124874999996,0.0,0.0
1474a378-4351-4c8d-9d1a-a16d20a5b867,29.0,1.2083333333333333,12.607083333333334,808.4583333333334,3.9583333333333335,0.00510611183059385,0.0052499912615576365,0.0029839124113983212,0.0,0.125,0.08333333333333333,0.0,0.0,24,5,0.20833333333333334,1,60.513999999999996,0.0,40.184,20.330000000000002,0.0,0.0
1485ed37-3219-4ab4-bd40-7790b8891cd5,311.0,12.958333333333334,2355.834166666667,9555.458333333334,30.75,0.021148082874280005,0.0031965947822362663,0.0022604527109191665,0.3659891670780268,0.10640068725979733,0.0628789859662676,0.0,0.0897311601389958,24,15,0.625,1,3769.334666666667,2128.961337333333,625.7673319999999,424.28933333333333,0.0,590.3166666666667
148bfa14-0e2b-47f7-b415-5cc2f6885942,469.0,19.541666666666668,3554.7429166666666,9417.541666666666,3.6666666666666665,0.009406959439397459,0.0005080356250232262,0.0044707136980064585,0.10603760525779998,0.37829739239086657,0.0007927184512382624,0.0,0.055952792303968844,24,13,0.5416666666666666,1,6562.602307692307,2397.5723307692306,2881.3500000000004,17.366153846153846,0.0,1263.2976923076922
1492217a-d1c5-4e0f-8183-243bfa502b0e,160.0,6.666666666666667,1885.2591666666667,2964.875,4.458333333333333,0.005466945088230279,0.0011395122272802875,0.0020022887587926625,0.541711509439177,0.00031465553299415,0.08156140564929777,0.0,0.0,24,15,0.625,1,3016.4146666666666,2517.3333333333335,1.324,491.7573333333333,0.0,0.0
14a9a5bd-81a9-4af4-af61-b3b419b4503b,51.0,2.125,0.0,458.5833333333333,2.625,0.0,0.0010235037037687083,0.0,0.0,0.0,0.0,0.0,0.0,24,0,0.0,0,0.0,0.0,0.0,0.0,0.0,0.0
14fc9917-727e-44e2-af8c-d5280b83a456,1095.0,45.625,22618.82541666667,25845.125,60.458333333333336,0.0035246605154894504,0.0015982081677638124,0.25885276111556665,0.19381237706632004,0.01728158393720681,0.005718440753423004,0.009854664621835712,0.010123821821994016,24,12,0.5,1,45237.65083333334,31689.58916666666,2625.1966666666663,1040.5349916666667,1467.1041666666667,1266.6666666666667
14fcaa52-183e-47a8-8bd1-ae9ef19fe6af,22.0,0.9166666666666666,0.0,1759.4583333333333,2.6666666666666665,0.0,0.001598128935944446,0.0,0.0,0.0,0.0,0.0,0.0,24,0,0.0,0,0.0,0.0,0.0,0.0,0.0,0.0
14ff4368-f09b-4afd-85fd-c0918fceda72,230.0,9.583333333333334,3583.0754166666666,7623.416666666667,9.916666666666666,0.011106504079711579,0.00141035217140645,0.0014304700654022542,0.5799246816248019,0.08547631892464962,0.0,0.0,0.0,24,16,0.6666666666666666,1,5374.613125,4803.51374375,564.568125,0.0,0.0,0.0
1557e6fd-6024-4e89-bf43-fd2cc7e31055,121.0,5.041666666666667,1631.7316666666666,3040.25,2.6666666666666665,0.01022619926951844,0.0008369782843505293,0.0015351682337479665,0.3654805239323029,0.14497257328764093,0.11474985613952508,0.0,0.04146371314362335,24,16,0.6666666666666666,1,2447.5975,1293.77125,609.8868743749999,376.05375,0.0,167.88562537500002
15721cb8-01ea-4b4d-a188-5528c386a654,442.0,18.416666666666668,2463.2104166708336,7149.833333333333,18.958333333333332,0.008549874599640463,0.002717854470508004,0.8761740127238363,0.3173922384225893,0.011384586626841964,0.19073711257041479,0.0,0.12020777418475186,24,16,0.6666666666666666,1,3694.8156250062502,1759.399375,48.780625,830.60812500625,0.0,880.826250125
1578a093-3f59-4912-a6f8-bb4212a77123,1034.0,43.083333333333336,3123.4808341666667,13655.375,24.083333333333332,0.010579519658633943,0.0017138210380667834,0.01994925606551481,0.07742002628943173,0.15285596519292566,0.2464981139215908,0.006328363739326016,0.18315930326894395,24,16,0.6666666666666666,1,4685.22125125,1201.6,991.62564374375,1372.883123125,95.37375,1021.50625
15d808c0-009f-4a44-99d5-842c89d6e49f,198.0,8.25,443.2141666666667,5144.75,10.208333333333334,0.0042026116971765545,0.0021812268172334086,0.011221494141913068,0.0,0.3333333333333333,0.041666666666666664,0.0,0.0,24,9,0.375,1,1181.9044444444446,0.0,1174.207777777778,7.696666666666666,0.0,0.0
160a52ff-ffa9-4dbd-8718-cfdb0f70ae2e,50.0,2.0833333333333335,9.638333333333334,915.4583333333334,0.375,0.00024496637618877083,0.00041982374068594584,0.004361249824394533,0.0,0.041666666666666664,0.08333333333333333,0.0,0.0,24,3,0.125,1,77.10666666666667,0.0,43.096666666666664,34.01,0.0,0.0
161541e6-b4bb-4261-b7bc-d3bed2780583,548.0,22.833333333333332,1496.3862500000002,9584.208333333334,26.041666666666668,0.005714936970621237,0.0028310430691128215,0.2053263441571257,0.44603567597390664,0.06819607756090794,0.011185246490417737,0.007669851231624543,0.006488531756111346,24,13,0.5416666666666666,1,2762.5592307692305,2421.8092307692305,158.80384615384617,91.38076923076923,28.674615385384616,47.69461538461538
1648d18b-13cb-4de0-b7be-45aa260d76f4,276.0,11.5,1997.647925,5208.208333333333,6.541666666666667,0.011712017260064883,0.0012720167382567875,0.0024415138069166704,0.43615475845328455,0.12314478028841291,0.10671092167642045,0.0,0.0006324450938248457,24,16,0.6666666666666666,1,2996.4718875,1952.8656250000001,515.210626875,526.3774993750001,0.0,1.9249999999999998
1664b4ce-5a86-4b41-befb-38488730ab41,603.0,25.125,3221.8999999999996,23352.291666666668,27.583333333333332,0.00889044253886165,0.0011887273202589252,0.9500344889400312,0.1423957969205129,0.37553325959863004,0.0,0.008261251700707378,0.014731710770304387,24,14,0.5833333333333334,1,5523.257142857144,3679.631428571429,1242.1357142857141,0.0,210.95857142857145,388.21714285714285
1686f91c-52cd-4160-8e60-223526ce7b90,2471.0,102.95833333333333,522.0166666666667,5449.041666666667,7.458333333333333,0.03333333333333333,0.0016573797227329538,0.09714311082237516,0.6666666666666666,0.0,0.0,0.0,0.0,24,16,0.6666666666666666,1,783.025,783.025,0.0,0.0,0.0,0.0
16bc0dff-3348-4a71-a3a9-4ede4d33f072,269.0,11.208333333333334,160.31083325,6864.083333333333,7.208333333333333,0.004783591000261,0.0011621126776841207,0.04493871977859391,0.0,0.11601044454152239,0.33408994216909166,0.0,0.04974873821394841,24,12,0.5,1,320.6216665,0.0,64.31750000000001,205.06833316666666,0.0,51.05083333333332
16cc7876-e186-4dda-bd12-f7198333bab4,649.0,27.041666666666668,3241.775416666667,18020.291666666668,51.083333333333336,0.00830974365065088,0.002871828566173575,0.020135510575919602,0.033828371952981974,0.17014669568620078,0.1963612983292523,0.02788180256770217,0.04475185617772248,24,15,0.625,1,5186.840666666667,500.7066666666667,936.9113319999999,1549.7606666666668,56.882,181.176
16d3c899-9a4d-43e3-aec0-c9de568f6135,56.0,2.3333333333333335,964.7895833333333,2661.9583333333335,3.375,0.019174266941382818,0.001371542159840496,0.0009983175767687166,0.40689396518112336,0.0,0.0648437369881293,0.0,0.19492896354637354,24,16,0.6666666666666666,1,1447.184375,837.253123125,0.0,186.02249999999998,0.0,423.90875
16dcf393-e3f9-4b34-a319-52aa44dac989,1097.0,45.708333333333336,4046.6841666666664,40465.583333333336,53.875,0.027650500927786186,0.0013730843587334586,0.005143852413084025,0.5225241347532396,0.020865360095560972,0.07948036682533116,0.003426815348634373,0.004486527456622758,24,16,0.6666666666666666,1,6070.02625,4787.483749999999,267.111876875,567.5231253125,40.3525,40.038748749999996
16e91a6e-76db-4c3b-aa70-f4775c2f52cb,309.0,12.875,460.0662516666667,1212.0,3.4583333333333335,0.0023928298085668753,0.003349321519839321,0.016395406560784576,0.28625749109864346,0.05957352800337509,0.14215148750068662,0.0,0.011883401457653984,24,12,0.5,1,920.1325033333333,803.3600033333333,17.075833250000002,93.8266675,0.0,5.4025
16fbe82b-69d4-42d0-8097-6b7f6da56ba5,198.0,8.25,654.49625,3440.125,7.291666666666667,0.011682041393205592,0.0021148150256105123,0.004601105862860217,0.14934081219404907,0.27264041513531806,0.00678228001062215,0.0,0.029569825993343988,24,11,0.4583333333333333,1,1427.9918181818182,604.9609090909091,602.1918181818182,20.246363636363636,0.0,200.59272727272727
1702b2bf-318f-44d5-bb6e-4fe272cb648a,830.0,34.583333333333336,1144.2508345833332,10419.208333333334,22.833333333333332,0.005471080061799333,0.0023799144890951415,0.39927838580013236,0.0,0.5410253483293793,0.0,0.0,0.0,24,14,0.5833333333333334,1,1961.572859285714,0.0,1957.8014307142855,0.0,0.0,0.0
17076a34-8688-415c-90a8-d8c97017f2c0,666.0,27.75,4505.072916666667,13436.958333333334,45.333333333333336,0.009176733225331087,0.0033945196035786666,0.003964219205364612,0.44746350597251655,0.10807092156276783,0.0,0.0,0.1102244183701639,24,16,0.6666666666666666,1,6757.609375,3821.2993750000005,2103.794375,0.0,0.0,824.3175
1732a5f2-a31b-4ff9-abfc-5ccf1589e4aa,968.0,40.333333333333336,5125.217083333334,16262.791666666666,36.416666666666664,0.024946553740329436,0.0022628415061342164,0.01268359573674819,0.4346523406897275,0.07723112700051794,0.013570402093061004,0.0,0.042391982399076156,24,16,0.6666666666666666,1,7687.825625,5877.989374999999,95.60875,14.211875,0.0,677.76625
175bef55-7ccf-4aeb-83f4-f6b8906e2e19,197.0,8.208333333333334,1148.6116708333332,2775.2083333333335,6.791666666666667,0.0027679968701095417,0.0005086390135555583,0.013678738690113592,0.16549649459656895,0.0420847076330341,0.0,0.0,0.0,24,5,0.20833333333333334,1,5513.336020000001,5467.464,22.872,0.0,0.0,0.0
176387a2-1af6-4284-b2e1-52273e1c4048,269.0,11.208333333333334,394.6975000833333,3818.375,4.166666666666667,0.004322652549815242,0.00114320940650325,0.016935975398866362,0.0,0.4065534827288682,0.03432627270591436,0.0,0.01745357789855072,24,11,0.4583333333333333,1,861.158182,0.0,832.5609092727274,20.18909090909091,0.0,8.408181818181818
1765ee26-5d2a-48f3-aacc-851628894c3f,997.0,41.541666666666664,3865.1041791666667,19681.541666666668,50.625,0.012683118412386667,0.002639346451990425,0.0230982246228999,0.14274165919314352,0.33816531352034335,0.06004566017034193,0.0,0.017328384439786175,24,15,0.625,1,6184.166686666667,2886.9886666666666,2504.6366866666667,53.14666666666667,0.0,231.27800006666666
176fa901-ada7-4a75-a343-b4e83ccd31d2,218.0,9.083333333333334,214.0654179166667,4869.708333333333,4.375,0.003289538846082471,0.0009798923172964584,0.022057868223029468,0.0,0.2916666666666667,0.0,0.0,0.0,24,7,0.2916666666666667,1,733.9385757142858,0.0,733.9385757142858,0.0,0.0,0.0
17c13c98-7a7f-450f-8f2a-c40702d9f6a8,482.0,20.083333333333332,416.4166628208333,7218.875,17.375,0.0049052867591782,0.0023795001458747126,1.1965579286219474,0.0,0.25,0.07172012584510636,0.0,0.053243814078806885,24,13,0.5416666666666666,1,768.7692236692309,0.0,479.5753776923077,158.0823076923077,0.0,129.2192307692308
1818e098-ca3e-42e9-a229-2745af95a5d4,282.0,11.75,9329.277916666668,14614.416666666666,33.75,0.008874167283601018,0.004906802555232021,0.0008191707708430958,0.30205840283938534,0.0863120393377458,0.005199740918594129,0.0,0.27309648357094135,24,16,0.6666666666666666,1,13993.916875,4159.008125,2975.793125,305.758125,0.0,6553.3575
1823f93a-2b57-41ab-8b28-074992ad69ad,1486.0,61.916666666666664,29826.492083333334,44948.416666666664,37.25,0.01605718812263471,0.0008547170997497542,0.010244096225646445,0.35679581652283615,0.08985513446528097,0.025425120369286108,0.02441442342621163,0.1639865510300244,24,16,0.6666666666666666,1,44739.738125,29138.6925,2045.521874375,624.14625,361.759375,12045.29499875
183b3421-8426-40d2-bb9b-be2fb13b6691,218.0,9.083333333333334,277.1183291666667,563.9166666666666,3.2916666666666665,0.00372272895983322,0.006533609017251821,0.007940137673948357,0.0,0.3333333333333333,0.0,0.0,0.0,24,8,0.3333333333333333,1,831.3549875,0.0,831.3549875,0.0,0.0,0.0
18595036-c076-4cbb-a67a-94265cd3455f,534.0,22.25,3554.6291674999998,10002.208333333334,15.958333333333334,0.014530407561514554,0.0016716263829065624,0.0066128710090917085,0.2777283239839495,0.19261153324814825,0.029902159506289064,0.0,0.16610582155035403,24,16,0.6666666666666666,1,5331.94375125,2452.900625,1220.49687625,145.495,0.0,1509.4575
186fb967-fd41-4279-881f-56b38caef805,1009.0,42.041666666666664,1743.9899874583334,43803.291666666664,101.41666666666667,0.004079283978812946,0.0024607570791160085,0.16709601592686832,0.3739625900937489,0.16679864821303061,0.0,0.0,0.0,24,14,0.5833333333333334,1,2989.6971213571424,2846.7156928571426,134.93928571428572,0.0,0.0,0.0
188ffc2d-8ec8-4c07-bc0f-47e6fffbb554,193.0,8.041666666666666,3156.2400041666665,7191.208333333333,23.5,0.011288543404330062,0.004240290472805104,0.001474315572544371,0.34261465761525683,0.049796317308258675,0.019420358601762434,0.0,0.254835331325419,24,16,0.6666666666666666,1,4734.36000625,2183.519375,437.860626875,323.601875,0.0,1789.3781249999997
189b2355-d7b2-4a6f-a876-042f913c3b1b,693.0,28.875,1635.48375,23040.375,35.458333333333336,0.01211572100852108,0.0015959910426876708,0.4606568650348357,0.0,0.1468292326735995,0.011177979088792292,0.1659597065934622,0.0,24,14,0.5833333333333334,1,2803.6864285714287,0.0,590.8835642857142,90.48071428571428,944.0228642857143,0.0
18acbe7b-4414-4636-b76c-8fdaf359feec,347.0,14.458333333333334,424.88624999583334,8089.875,12.791666666666666,0.0038044272819258832,0.0018767643649821835,0.7960246598318522,0.24415642524344816,0.11020184138626421,0.015260885190301313,0.0,0.0053808500042512334,24,13,0.5416666666666666,1,784.4053846076923,667.7815415384616,92.19538461538461,16.724615384615383,0.0,5.452307692307692
18be90a7-bfe9-4e1d-ba1d-64ad9e588a28,1366.0,56.916666666666664,9946.260833333334,21275.958333333332,43.541666666666664,0.027047179886586396,0.0020965244905785294,0.0026934555540350665,0.328927459244918,0.05223011190985936,0.0057338012059191335,0.003845494291128692,0.10952081321686498,24,16,0.6666666666666666,1,14919.39125,7025.858125000001,1105.463748125,180.05,128.23375000000001,2467.52874375
18c0f979-bbc2-4c13-9a43-6cb83e8a7993,130.0,5.416666666666667,394.07625291666665,2296.125,4.041666666666667,0.0034931805877945754,0.0018016944382452792,0.006991508174925721,0.0,0.12441018553418443,0.5422564815384866,0.0,0.0,24,16,0.6666666666666666,1,591.114379375,0.0,185.1093765625,406.005,0.0,0.0
18d9473e-0eb4-4673-9e9c-099f879be786,154.0,6.416666666666667,1118.8825,8762.416666666666,17.833333333333332,0.017174959341041917,0.002236287571021967,0.0019230465134241457,0.1213953137435505,0.27336099003640935,0.0,0.0,0.03591077606529872,24,13,0.5416666666666666,1,2065.6292307692306,556.6353846153845,949.2115384615383,0.0,0.0,36.089998461538464
18e3c436-7fad-46d6-84d7-aa167309c92b,1283.0,53.458333333333336,3783.2983333333336,11847.666666666666,53.708333333333336,0.011892001195247132,0.004769318869324013,0.0075579000743207616,0.451885796510579,0.10857939330130621,9.307520476545e-05,0.0,0.10548514338888598,24,16,0.6666666666666666,1,5674.9475,3392.90625,1163.5706225,0.703125,0.0,1111.974375
19079485-f784-4bef-9e12-4752791e60b5,307.0,12.791666666666666,1698.1995833333333,7419.666666666667,8.541666666666666,0.011817140150887367,0.001162896770941825,0.01404679716987235,0.16539595661712916,0.147859995910082,0.014287450697608353,0.0,0.03681200559583838,24,16,0.6666666666666666,1,2547.299375,1460.728125,84.539375,13.076875,0.0,369.64562512500004
190bb421-ab04-4035-9bc0-c0ce7ec041cc,88.0,3.6666666666666665,1797.1433333333334,7470.916666666667,6.458333333333333,0.014695502888651986,0.000926609959784175,0.00414327500388603,0.22804270251429026,0.12749001160981518,0.03925871071191772,0.0,0.2302085741382728,24,15,0.625,1,2875.4293333333335,1197.5426666666667,258.722001,226.1846668,0.0,1192.9799933333336
192d2d7b-608a-490d-8caa-252dafec14b7,837.0,34.875,5222.164167083333,25295.625,57.791666666666664,0.007858746614750568,0.002581219574716621,0.12719382105820579,0.1776197029168877,0.08014117946346522,0.2656172253389367,0.0,0.02473628894031153,24,16,0.6666666666666666,1,7833.246250625,3736.4725000000003,640.6225006249999,2601.8681250000004,0.0,521.3618749999999
196ac254-3cdf-4f3b-96ed-d7d1d6bf8223,176.0,7.333333333333333,3115.4325000000003,4512.125,10.375,0.02620881280001937,0.0024937343430031958,0.0009846073866942,0.6117781372756302,0.053616081135792616,0.0012724482552436917,0.0,0.0,24,16,0.6666666666666666,1,4673.14875,4297.371875,369.296875,6.48,0.0,0.0
197d426d-c55a-44c7-a9cf-97136c0cc0b4,253.0,10.541666666666666,474.49124875,4299.541666666667,7.583333333333333,0.004678660175869325,0.0020352073476483583,0.009353516534807892,0.0,0.08333333333333333,0.37343163841302857,0.0,0.0,24,11,0.4583333333333333,1,1035.2536336363637,0.0,34.16818181818182,996.7890909090911,0.0,0.0
19d72fae-789b-4122-99f4-706ab7fe1db2,542.0,22.583333333333332,571.4258337499999,5498.791666666667,23.375,0.010570361254174565,0.004913708802760784,0.08029115427306481,0.0,0.2999222033261319,0.19974389877132404,0.0,0.027079927868974438,24,14,0.5833333333333334,1,979.5871435714286,0.0,632.5171428571427,104.20357142857142,0.0,35.81785714285714
19f0917b-41f3-4aae-bde6-a8d5647dd743,361.0,15.041666666666666,2848.5674999999997,17692.5,15.708333333333334,0.011747841711424437,0.0009424947206588957,0.013529911290543423,0.11272920199085575,0.07902025432197043,0.21642100413279267,0.00854735418262367,0.016105484201783784,24,13,0.5416666666666666,1,5258.8938461538455,4212.679230769231,68.21461538461539,328.33846307692306,12.606153846153846,347.6038461538462
19ffaa09-474d-4e49-b281-f97e2f6edd86,632.0,26.333333333333332,547.3575041666667,7204.958333333333,20.583333333333332,0.010114498861742033,0.002894337208328771,1.7050925766877878,0.0,0.11186405173813825,0.129786467828706,0.0,0.05845612639703086,24,13,0.5416666666666666,1,1010.5061615384616,0.0,48.69461538461538,82.79538461538462,0.0,298.7069261538461
1a3e1ba3-7ab6-454b-af78-03bc3749c7db,149.0,6.208333333333333,272.0258383333333,1690.8333333333333,3.0,0.0016569560447284748,0.0017888348450205251,0.04282783829332885,0.25,0.16666666666666666,0.0,0.0,0.0,24,10,0.4166666666666667,1,652.8620119999999,448.22001199999994,204.642,0.0,0.0,0.0
1a53f600-b716-4734-8993-ee9a5ede5ce2,88.0,3.6666666666666665,721.6120833333334,2222.625,5.875,0.007991950801565359,0.0011435237810478167,0.002869655296162854,0.16145349879582158,0.1446944762254265,0.0,0.0,0.02718535872337773,24,8,0.3333333333333333,1,2164.8362500000003,1249.3087500000001,666.9525000000001,0.0,0.0,248.57500375
1a65cecc-9e2a-414b-bcb2-3e742e3ee250,13.0,0.5416666666666666,0.0,460.2083333333333,1.5416666666666667,0.0,0.003176648034454313,0.0,0.0,0.0,0.0,0.0,0.0,24,0,0.0,0,0.0,0.0,0.0,0.0,0.0,0.0
1a6f0de5-e693-4777-892d-dfd28401b304,302.0,12.583333333333334,4607.69875,14465.083333333334,23.0,0.026753884367636722,0.0016773177732645665,0.0007890017698611208,0.48608604631957025,0.03902745526921767,0.016034467419563332,0.0,0.08273549223752354,24,16,0.6666666666666666,1,6911.548124999999,5080.03811875,460.44625,170.54187475,0.0,760.71125
1a83e55e-29aa-4dce-be42-7465a06c8203,737.0,30.708333333333332,1471.3320833333335,23481.291666666668,35.708333333333336,0.007351543299510155,0.0018237480114492958,0.36388364380077703,0.008603829398716888,0.3542032211248931,0.12634629223207716,0.0,0.0,24,13,0.5416666666666666,1,2716.305384615385,225.23692307692306,1676.7376923076927,543.5900076923076,0.0,0.0
1abc735c-560d-48b8-8a69-37b73ca31ae1,343.0,14.291666666666666,1772.3033375016666,7305.958333333333,16.75,0.009901845145877471,0.004008463033040266,0.6565472345681412,0.1415285858430409,0.3263035173684934,0.0,0.0,0.0004906868157084958,24,15,0.625,1,2835.685340002666,836.7380066666666,1292.0153073333333,0.0,0.0,3.0506666666666664
1ac36b4c-7b4c-41f3-8d39-ba2c67b6715c,2014.0,83.91666666666667,6018.546249958334,41847.958333333336,122.08333333333333,0.006082965736637316,0.0030033552041430207,0.46306511183581417,0.04237894982426529,0.1681857771616907,0.049753905982633774,0.0,0.057086929504472105,24,16,0.6666666666666666,1,9027.8193749375,1293.9655937500002,1483.27810625,1531.361875,0.0,823.2275000000001
1aff5f03-e90a-46bc-903a-27c61c1029ec,83.0,3.4583333333333335,421.9483333333333,1602.9583333333333,1.5416666666666667,0.009481792687314744,0.001038538898159471,0.005947056299219232,0.1766687702638141,0.19836612688605473,0.0,0.041631769516797805,0.0,24,10,0.4166666666666667,1,1012.676,534.981,352.51,0.0,125.18499999999999,0.0
1b04bcc0-e638-4726-8a82-f8afd431e827,928.0,38.666666666666664,2361.0375,10721.166666666666,27.458333333333332,0.01298245806284599,0.002577318803062867,0.008282239504574795,0.4113329620611775,0.04437785211830338,0.17125927752501788,0.0,0.03927742956780314,24,16,0.6666666666666666,1,3541.5562499999996,2124.5962499999996,313.333125,805.356251875,0.0,296.696875
1b1389d1-566f-47ca-87c5-9ff8f2dd7e74,340.0,14.166666666666666,848.4941666666667,3253.875,5.791666666666667,0.01234152040067433,0.001806044247302025,0.007512682555308324,0.36963086727338706,0.09797370435711428,0.19660243473357852,0.0,0.0021447073167153168,24,16,0.6666666666666666,1,1272.74125,647.865,273.77812500000005,346.2425,0.0,4.06875
1b2514fd-1d35-41ea-8c66-87db6fd7f168,709.0,29.541666666666668,3570.4408333333326,9039.125,21.25,0.016052830671945354,0.0023761136068325417,0.0037764007699329165,0.30460268394869944,0.2271929711491281,0.009253536527999354,0.007630586462246738,0.09812893608588757,24,16,0.6666666666666666,1,5355.661249999999,2100.685625,1855.01,98.66312500000001,89.02812499999999,990.2950000000001
1b41215d-250a-4510-985b-b584f9caa686,328.0,13.666666666666666,6045.707916666667,19958.208333333332,9.5,0.011065568917493938,0.0004724056737299292,0.0009633137852463417,0.30407592224561264,0.13729284386165727,0.0854837916702978,0.0009870601722136126,0.13836785222220238,24,16,0.6666666666666666,1,9068.561875000001,3956.95938125,1825.375,1170.569376875,13.475,2095.783125
1b5261c4-ffe4-43b5-b073-da0a958ac33c,990.0,41.25,8610.491658333334,19883.958333333332,40.5,0.018571411879978395,0.0021618615839576294,0.0031277400260037746,0.22839187143098116,0.09532771019528181,0.013762995849946202,0.0,0.2819318636841216,24,16,0.6666666666666666,1,12915.7374875,3480.189375,4109.53,162.58125,0.0,4169.60999375
1b74fc15-c33a-43d8-a763-f831850187cf,30.0,1.25,19.86916666666667,391.25,1.7083333333333333,0.0024199167321363835,0.00459293604370585,0.0043780181214791375,0.0,0.16666666666666666,0.041666666666666664,0.0,0.0,24,5,0.20833333333333334,1,95.37199999999999,0.0,81.63,13.741999999999999,0.0,0.0
1bc4c7cc-811d-4358-bfe1-8ab81d786dcf,2178.0,90.75,4587.657895833334,33956.625,141.04166666666666,0.010912862491326163,0.004299217703646042,0.023001314738050588,0.05743020284094058,0.12402446108663155,0.007910279153768495,0.0,0.3487839332824392,24,15,0.625,1,7340.2526333333335,467.12466666666666,399.43733333333336,16.776,0.0,5484.305333333335
1bd3c319-1cc7-439e-8f9e-5c5d704b9083,442.0,18.416666666666668,1629.61125,5703.708333333333,9.541666666666666,0.027305859585877373,0.002152920653206325,0.0067042507086702285,0.46536228168084487,0.07684482695139025,0.0,0.00858179602120742,0.010563823320688753,24,16,0.6666666666666666,1,2444.416875,1570.955625,273.110626875,0.0,30.381875,74.62
1bd5c4bf-96a4-404d-8c5b-c1ccfa161b8b,605.0,25.208333333333332,8870.582083333335,21495.208333333332,58.416666666666664,0.006184115802569975,0.0027630415924020956,0.0011991363944952166,0.4135796121032813,0.056371958031381904,0.024100131018956625,0.01570962677268811,0.15669234600040183,24,16,0.6666666666666666,1,13305.873125000002,8239.939999999999,1227.57625,417.10125375,365.90500625,3051.200625
1bd69cfa-2b2f-4bbf-b570-aecfc6da7f45,1166.0,48.583333333333336,4218.624583333333,23347.25,49.0,0.01769017298667031,0.0021218501428473878,0.00509234789173867,0.0,0.48408705436526644,0.001029803195917779,0.08863024043093225,0.03951964313541622,24,16,0.6666666666666666,1,6327.936874999999,0.0,4447.12875,14.55875,823.0912543750001,423.0262481375
1bebf6a7-e760-4d72-954b-4c1c28d57244,832.0,34.666666666666664,8797.143333333333,20398.0,32.666666666666664,0.012029197271444879,0.001834169995202446,0.001933372174935475,0.36844279952316183,0.07504178510146405,0.01724417982048781,0.003934848372349104,0.17894209591129961,24,16,0.6666666666666666,1,13195.715,7255.646875,1503.71,326.389375,45.310625,3669.256875
1bf668ee-5322-41f7-bd88-df15676c5783,1295.0,53.958333333333336,1698.962083333333,34270.458333333336,56.0,0.0047765823509396295,0.001679811099899896,0.03265559732561998,0.3164910565150109,0.12033621757594766,0.06569058791431322,0.0,0.02972555921289193,24,15,0.625,1,2718.339333333333,1761.9166666666665,773.6800000000001,54.68333333333333,0.0,23.500666666666667
1c0f7300-1d3c-46db-a229-915282878aa3,744.0,31.0,1003.0658374999999,19650.916666666668,29.333333333333332,0.0059347207745111714,0.0015723013347268167,0.24016576098400522,0.0,0.29701864170162184,0.13817093856342264,0.0,0.022326267228352948,24,12,0.5,1,2006.1316749999999,0.0,1444.1975083333334,548.5300000000001,0.0,9.751667
1c187348-d773-4326-a789-db25bb5e398f,467.0,19.458333333333332,1606.1095833333336,9826.666666666666,8.708333333333334,0.011591973092925622,0.0009252761846119667,0.005408855956536921,0.38007247298642305,0.1301573551182904,0.0614733911879519,0.0,0.09454181935128343,24,16,0.6666666666666666,1,2409.1643750000003,1310.84,521.8775,217.74312562500003,0.0,357.1825
1c1d9af3-ca46-42ec-9ca2-8407cca4df45,325.0,13.541666666666666,2713.900829166667,9078.791666666666,22.291666666666668,0.01431328675283386,0.0024599469372828127,0.002760430444396413,0.3154307743214451,0.12382576038697146,0.0,0.0,0.22741013195825002,24,16,0.6666666666666666,1,4070.8512437500003,1953.9487437500002,714.493125,0.0,0.0,1402.4093750000002
1c3316c2-8dd0-4c36-b95f-772e676f7f80,882.0,36.75,20572.037916666668,21602.541666666668,50.375,0.013125210939214484,0.0024194083031055837,0.00077815209658525,0.4176477766150257,0.08677697490472913,0.02299022148479421,0.0007133196311742209,0.13415973968256134,24,16,0.6666666666666666,1,30858.056875000002,19270.23,4062.40686875,1063.493125,39.31375,6186.953731250001
1c3c290f-bd9c-4ef4-a0f6-bb597646ca8e,856.0,35.666666666666664,1637.681251,7189.5,41.125,0.013624580530538421,0.00724549257284313,0.1867869301378207,0.053192470566563656,0.21583190388358284,0.07871551364751524,0.02739827857410687,0.15145830144605318,24,15,0.625,1,2620.2900016,819.6666666666666,712.3979999999999,54.74733333333334,21.27,990.7080013333333
1c3f7db1-b589-4026-b956-225506262d8c,912.0,38.0,9179.060416666667,16995.75,71.25,0.006990505513745034,0.004217342031887333,0.001893938769324096,0.38732362362653533,0.22593522058704862,0.0038638601770079124,0.010546568581272888,0.03891962334748759,24,16,0.6666666666666666,1,13768.590625,7825.488125,4839.219375,87.375625,206.071875,808.88375
1c44df7c-45ed-4e97-91bd-2e7cf413c32c,408.0,17.0,2970.4983333333334,13297.458333333334,21.125,0.012471179168680102,0.0016301742763158336,0.0059430033019843495,0.32619737307153723,0.09974485160469097,0.0013299736133698416,0.0,0.14088710336428564,24,15,0.625,1,4752.797333333333,2252.0600066666666,676.3133333333335,12.247333333333334,0.0,1151.7706666666668
1c5b4b35-c5f5-4a76-acf4-cc190cbf2904,203.0,8.458333333333334,92.68,2805.125,3.75,0.002203781005179875,0.003722730459329433,0.07850838532139519,0.0,0.25,0.0,0.0,0.0,24,6,0.25,1,370.72,0.0,370.72,0.0,0.0,0.0
1c611845-1ceb-45ce-b82e-70697485793e,140.0,5.833333333333333,665.4070845833334,2259.75,3.375,0.008033405994126379,0.0015806182882059335,0.003152618835741904,0.22369741043250904,0.13454073207855197,0.18342852208854674,0.0,0.0,24,13,0.5416666666666666,1,1228.4438484615384,443.42,418.76461461538463,366.2592307692308,0.0,0.0
1c8686c3-187f-479b-a22a-448a2d26ced1,433.0,18.041666666666668,1032.72,6164.125,11.708333333333334,0.008058279099894353,0.001923687217844346,0.013441318727279347,0.11734273310848614,0.3212803299695192,0.10103176259599551,0.0,0.08517249352969818,24,15,0.625,1,1652.352,381.0513333333334,975.2833333333333,52.45,0.0,243.18666666666667
1c877030-e92a-462f-9700-c11e50eb0129,1528.0,63.666666666666664,7991.828333333334,23579.25,33.208333333333336,0.009458129208255396,0.001525823164612804,0.015754472515976406,0.18652417767113674,0.1461025441548088,0.06816991446838254,0.017698830013572725,0.20622532444240627,24,15,0.625,1,12786.925333333336,3812.914673333333,1639.1900133333334,1768.5653333333332,521.1413333333333,5038.095986666666
1c8cb36b-9520-42ae-a4d5-21527e6d5307,804.0,33.5,1981.707916666667,21720.833333333332,36.0,0.010094889173530365,0.0019459935358164416,1.6284457441321305,0.4819095632011153,0.006633945891531107,0.00790575057030772,0.0021431558025041693,0.042720112276855154,24,14,0.5833333333333334,1,3397.213571428572,2846.05215,67.78,58.66357142857142,23.709999997857146,399.21642857142854
1cad8da2-b556-4ff3-9cc3-c62258368384,565.0,23.541666666666668,10019.470833333335,16408.083333333332,60.291666666666664,0.009117565781450001,0.0038025103805017376,0.0010665779691021251,0.5742581832957048,0.0015295262942385003,0.03173901932478415,0.0019522674298682585,0.05703191914421402,24,16,0.6666666666666666,1,15029.206250000001,12927.03875,36.83000025,751.2624999375,39.41812625,1270.81125
1cdfceb8-e3f7-4392-8c61-1d0ddbb3af90,373.0,15.541666666666666,741.9112500000001,18080.041666666668,18.625,0.004199513540347929,0.001179793596785675,0.158510389528521,0.3744743884724678,0.08640154447857161,0.02523153890680559,0.0,0.013410176764841637,24,13,0.5416666666666666,1,1369.6823076923076,1314.4492307692308,35.68076923076923,11.266153846153847,0.0,6.615384615384615
1ce31da5-6fbd-4530-8d4a-a703bf68f2ce,1373.0,57.208333333333336,1858.6695877083337,23972.0,81.04166666666667,0.007077793847200808,0.0033502021104103545,0.07943038664524692,0.12491680089455677,0.21260185878632812,0.16671106936004598,0.0,0.019343264502271,24,13,0.5416666666666666,1,3431.390008076923,1882.3353846153846,195.18846192307694,1241.6399999999999,0.0,43.20307846153847
1ce9dbd8-6b4d-4f9b-bd95-464fe5e40a34,845.0,35.208333333333336,856.5833335416668,29839.666666666668,65.91666666666667,0.004078627891543221,0.0023285205631399,0.5349645156296968,0.0,0.2087635322282666,0.1183031911412381,0.0,0.0013156234195201876,24,14,0.5833333333333334,1,1468.4285717857142,0.0,110.81285749999999,129.8742857142857,0.0,7.922857142857143
1cf0863c-4cee-4c32-8e8c-7da3df3e5b96,186.0,7.75,105.11083333333333,1602.375,4.583333333333333,0.0037606882708714,0.0028930757850258045,0.020307717329522017,0.0,0.25,0.0,0.0,0.0,24,6,0.25,1,420.4433333333333,0.0,420.4433333333333,0.0,0.0,0.0
1d13b0bd-62a4-468f-8ede-7211e954337f,136.0,5.666666666666667,143.3975,1804.9166666666667,5.791666666666667,0.008609472542562559,0.0030577742935735835,0.27484927880688437,0.0,0.0747784194603538,0.03265193453731433,0.0,0.26851213304102006,24,11,0.4583333333333333,1,312.8672727272728,0.0,31.087272727272726,7.85,0.0,244.0981818181818
1d32ff27-efc2-4295-80f6-ef690440c5d1,197.0,8.208333333333334,114.99541666666669,7099.208333333333,7.291666666666667,0.004227758462194863,0.0010694900699313417,0.01735611776729311,0.027998248035676358,0.2636684186309903,0.0,0.0,0.0,24,7,0.2916666666666667,1,394.27000000000004,72.32571428571428,321.9442857142857,0.0,0.0,0.0
1d426a78-b9fd-4635-a2e4-f44a4c8acfdf,996.0,41.5,11730.821666666665,31129.291666666668,111.75,0.009823253921057413,0.003747154446621383,0.010428985037789358,0.43264443124762586,0.14305259076886265,0.046901182952699405,0.0005338906672999458,0.0144023937032179,24,16,0.6666666666666666,1,17596.2325,13809.8975375,2496.4281250000004,670.50875,18.869999999999997,509.10875
1d43596b-a05b-414b-bde0-d51656651386,460.0,19.166666666666668,1074.3587541666666,5447.916666666667,12.375,0.01871245757475055,0.002304844134344479,1.892939634226951,0.3841826341633133,0.036404293258749,0.037887110341745495,0.013133354478774908,0.15310116302841031,24,16,0.6666666666666666,1,1611.5381312499999,873.3512499999999,170.204375,63.030625,85.495,418.94374999999997
1d4d50ee-3b8a-4629-8f34-9758abd0f9ca,325.0,13.541666666666666,1459.7549999999999,4749.0,21.291666666666668,0.018158157093851785,0.004437090820876892,0.011464443753002712,0.48548067653225524,0.06946880297076598,0.09458256177318207,0.0,0.01669733985230329,24,16,0.6666666666666666,1,2189.6324999999997,2068.3756249999997,47.5937499375,45.730000000000004,0.0,26.766250250000002
1d5159e2-211d-4b04-aa11-57b0f4e15890,126.0,5.25,985.1479208333334,4681.208333333333,3.5833333333333335,0.006652727659909675,0.0007737896864258832,0.011911957389728868,0.26551309390389716,0.23295535428242153,0.001531551813681346,0.0,0.0,24,12,0.5,1,1970.2958416666668,1496.25,465.47417500000006,8.571666666666667,0.0,0.0
1d66496a-1751-4db9-a6b5-8dce4e1162c6,1124.0,46.833333333333336,2242.005416666667,22077.666666666668,55.583333333333336,0.005066245529646042,0.0031796055991649003,0.016483003754445964,0.12309845027453607,0.04421668900778949,0.21920835239426453,0.0,0.1944255970277803,24,14,0.5833333333333334,1,3843.437857142858,422.67857142857144,35.01642857142857,1723.817142857143,0.0,1650.6749999999997
1d6939cf-b622-4230-88f5-7470e4ace217,103.0,4.291666666666667,186.3083333333333,10708.291666666666,9.083333333333334,0.005295712235286879,0.0009039472522646042,0.014432040787060563,0.0,0.2916666666666667,0.041666666666666664,0.0,0.0,24,8,0.3333333333333333,1,558.925,0.0,554.60875,4.31625,0.0,0.0
1d948c48-5ad8-4662-a697-c4e0ee8cd212,1037.0,43.208333333333336,10630.7279375,12420.625,21.291666666666668,0.009917250114789975,0.0019972451773326958,0.0020824100905876748,0.33624523867594175,0.00412546880882795,0.01985547092692754,0.0,0.18749737292709315,24,16,0.6666666666666666,1,15946.09190625,6442.3075,65.72625000000001,306.52125,0.0,3833.0637687500002
1da9bfc5-b73e-44b3-91a9-b2b6f52f4097,329.0,13.708333333333334,3485.031666666667,9626.375,27.791666666666668,0.005991633379588072,0.002900007033266292,0.0019512915993541002,0.32012631143900244,0.012670090410890067,0.11267098890864696,0.0,0.21803228663846688,24,16,0.6666666666666666,1,5227.547500000001,2568.9849999999997,93.86,767.8699999999999,0.0,1768.6706250000002
1db24698-9fae-43af-88c2-4244bd248077,222.0,9.25,479.84999999999997,7128.833333333333,7.625,0.002811720143566775,0.0011985050050973042,0.04029982711627938,0.06614052170470794,0.04471885211672167,0.01672239535318815,0.0,0.001180613583926525,24,5,0.20833333333333334,1,2303.2799999999997,894.816,44.688,229.888,0.0,12.681999999999999
1dc14379-d2b1-4781-ac4b-440b39992538,155.0,6.458333333333333,290.47458325,558.0,1.625,0.003592747407016858,0.003201858535014566,2.3981250037013386,0.041666666666666664,0.4166666666666667,0.0,0.0,0.0,24,11,0.4583333333333333,1,633.762727090909,89.81818181818181,543.9445452727273,0.0,0.0,0.0
1dd6a08d-c517-44db-80e6-6c150bd721e0,403.0,16.791666666666668,724.1920833416667,2023.5416666666667,11.458333333333334,0.003855719282617796,0.006415648150845113,0.3060741395665857,0.2866885246106215,0.1444182249248878,0.03259615376742632,0.0,0.02378218971968839,24,13,0.5416666666666666,1,1336.9700000153848,1216.2676846153845,50.835384630769234,39.158461538461545,0.0,17.58230769230769
1de29a79-5720-49b7-9b24-f59bbf4a2eee,54.0,2.25,85.70916670833333,660.875,2.2916666666666665,0.002069008098724567,0.0035219004160711876,6.260447962497529,0.0,0.25,0.041666666666666664,0.0,0.0,24,7,0.2916666666666667,1,293.86000014285713,0.0,269.27571442857146,24.584285714285716,0.0,0.0
1de7f353-f670-4421-aafe-ffee3a673c9a,370.0,15.416666666666666,165.17249916666665,6195.75,25.958333333333332,0.001493674999483575,0.0043962250039317335,0.003472522542787942,0.0,0.16666666666666666,0.0,0.0,0.0,24,4,0.16666666666666666,1,991.034995,0.0,991.034995,0.0,0.0,0.0
1df1caf5-01af-43df-9e95-447c1d9184d5,455.0,18.958333333333332,231.7675,9183.708333333334,9.875,0.0034425203635456377,0.0014287941151636793,1.5556374980808927,0.0,0.2916517890640565,0.0,0.0,0.0,24,11,0.4583333333333333,1,505.67454545454547,0.0,503.10181818181815,0.0,0.0,0.0
1df57dda-fb55-4840-b645-698e1e9346f0,255.0,10.625,36.68458333333333,3822.7916666666665,3.7916666666666665,0.0026407144332994,0.001113320222075746,0.025225346711401867,0.0,0.1480203896584225,0.09679167364921687,0.0,0.005187937288898308,24,6,0.25,1,146.73833333333332,0.0,55.89166666666667,85.08000066666666,0.0,5.766666666666666
1e345ce6-c801-402e-a853-90a8506fef9b,1206.0,50.25,3613.866666666667,34929.541666666664,60.458333333333336,0.008376042918136624,0.0018402202672734749,0.03708270346100239,0.198659388708872,0.21792513096657315,0.0008598554636992626,0.0027661049676875045,0.0009036001814648542,24,16,0.6666666666666666,1,5420.8,2576.2125,1971.8462437499998,14.085,45.310625,13.345
1e588b11-59f6-41c5-ae5b-2e8ab5aff469,57.0,2.375,255.03125,2021.125,9.791666666666666,0.0027600117373934043,0.008527089580598805,0.00016939724262361248,0.0,0.0,0.053216581077297036,0.0,0.11345008558936964,24,4,0.16666666666666666,1,1530.1875,0.0,0.0,509.7975,0.0,1020.3899999999999
1e6fdf29-5a4e-4fb0-9661-4280ac8f96ca,71.0,2.9583333333333335,51.579583333333325,2052.2083333333335,2.125,0.004762921046683408,0.0011430283127353584,0.00598604178610438,0.0,0.25,0.041666666666666664,0.0,0.0,24,7,0.2916666666666667,1,176.8442857142857,0.0,167.44571428571427,9.39857142857143,0.0,0.0
1e7ada77-ffd6-4c9e-b4c7-f7e6d3698198,102.0,4.25,161.27833333333334,931.9583333333334,2.8333333333333335,0.002744403962505296,0.002984721243109925,0.005981073302779675,0.0,0.2916666666666667,0.0,0.0,0.0,24,7,0.2916666666666667,1,552.9542857142858,0.0,552.9542857142858,0.0,0.0,0.0
1e87b10f-f78f-4f51-9e78-717baf06dbf4,608.0,25.333333333333332,1347.6262491666666,20184.541666666668,46.583333333333336,0.011946928126583297,0.002478509410749842,0.1541132946951093,0.1224320361608519,0.16849018906217958,0.15490598958210397,0.0,0.0005698447411082459,24,12,0.5,1,2695.2524983333337,2044.993333333333,484.8899983333333,145.14750333333333,0.0,8.38
1e95f58b-248d-4be9-a23c-fc6fca487174,1038.0,43.25,15251.682916666665,31479.875,123.04166666666667,0.013060646704674947,0.004096624998586179,0.001401329142795675,0.22930007811622052,0.0387242148183754,0.002048414267163392,0.0020565344136368583,0.17473359630554808,24,16,0.6666666666666666,1,22877.524374999997,6563.97564375,1240.3431249999999,69.52187503125,69.24562499999999,5635.7675
1e9d9d91-dd81-4d93-a694-8b1c37a29d44,159.0,6.625,94.80999999999999,1167.5416666666667,3.625,0.003697693596131008,0.0033904412773667248,0.008043370741304763,0.0,0.1525508424113086,0.07489717175147638,0.0,0.02255198583721504,24,6,0.25,1,379.24,0.0,318.025,40.49333333333333,0.0,20.721666666666668
1eb91379-7f0a-48c8-9b57-7a28b5b4f18f,403.0,16.791666666666668,1018.2933454166665,18366.75,25.5,0.0059691158235989335,0.0014386341689700208,0.012194154669699038,0.405068654846016,0.04765417747944196,0.16497809671708044,0.0,0.006879378256934708,24,15,0.625,1,1629.2693526666667,1253.6933400000003,53.06866666666667,315.12600000000003,0.0,6.0040000000000004
1ec470af-47b5-466e-8b49-03866b536c26,785.0,32.708333333333336,2438.1041625,30374.666666666668,31.583333333333332,0.010350773406284595,0.0007208886431496667,68.76094405468314,0.38909724642308013,0.004712755812103809,0.01172702486374865,0.041666666666666664,0.08339619327126868,24,15,0.625,1,3900.9666600000005,3226.374666666667,25.980666666666664,34.774,0.0013333333333333333,237.76933333333332
1ec9a3d4-2911-47b7-a1c9-e3c0607c7978,620.0,25.833333333333332,1144.7133291666667,7183.625,17.291666666666668,0.010291383594807543,0.0024152086505271958,0.02442578037282007,0.0,0.08423557857956594,0.0,0.0,0.44114709734423135,24,14,0.5833333333333334,1,1962.3657071428568,0.0,22.515714285714285,0.0,0.0,1756.0435699999998
1edd1e35-c04a-4991-be6c-77ac175654d4,214.0,8.916666666666666,21.877083334583332,3323.875,9.791666666666666,0.0027875586308624706,0.0029787360872855664,0.42315931980338434,0.0,0.15404906254150807,0.03355026929982047,0.0,0.0207340014920048,24,5,0.20833333333333334,1,105.010000006,0.0,71.460000006,23.322,0.0,10.228
1ef2cf93-760a-4130-9d86-a9bc5c54b358,169.0,7.041666666666667,1137.3533375,3317.75,2.9166666666666665,0.011568121042268753,0.0009828365359274916,0.002955609193439125,0.23364717803477328,0.297351890462575,0.13566759709814852,0.0,0.0,24,16,0.6666666666666666,1,1706.03000625,544.71875,759.255625,402.05563125,0.0,0.0
1f06956a-9034-4acb-a6d5-bf8d5309c6a3,929.0,38.708333333333336,9702.730020833334,16263.833333333334,25.916666666666668,0.010215691047782825,0.0016341402418927542,0.0019118283371301378,0.2610169142701943,0.12423300557498633,0.03273249324814271,0.053983740088888905,0.18682052154941572,24,16,0.6666666666666666,1,14554.09503125,5482.473125,2789.808125,707.414375,1165.786875,4272.426875
1f228e1d-367f-4e5f-81bd-b7af1b8b8b32,66.0,2.75,427.55625000000003,784.7916666666666,1.75,0.023957177342228738,0.00236703063897145,0.003608146238429129,0.5713981951842182,0.038922453112632066,0.05634601744319034,0.0,0.0,24,16,0.6666666666666666,1,641.334375,544.845,45.62874875,50.860625,0.0,0.0
1f27f51b-d895-4b47-93c7-f6bdcdda2194,1895.0,78.95833333333333,3357.013333333334,3833.7083333333335,20.416666666666668,0.019529569511392578,0.0060014275253186,0.030245712990858663,0.037941413423157384,0.20131105951897058,0.0,0.0,0.26065332781690237,24,12,0.5,1,6714.026666666666,1017.2475,2134.8349999999996,0.0,0.0,3559.3408249999993
1f686d50-68be-48f6-ba96-410295494d99,222.0,9.25,131.21291666666667,7236.166666666667,8.208333333333334,0.004342807703073866,0.001161277425808554,0.0070399806520858,0.0,0.2067628306468565,0.02726137556791977,0.0,0.01597579378522374,24,6,0.25,1,524.8516666666667,0.0,467.06,37.041666666666664,0.0,20.75
1f78ec42-a65b-42a8-9d73-cfc3b0b0e1da,896.0,37.333333333333336,4076.1558333333337,8364.791666666666,52.958333333333336,0.010597316821995911,0.006608683764434467,0.0060495314670354705,0.316907462485159,0.03762884384752807,0.0,0.0,0.2700896899903558,24,16,0.6666666666666666,1,6114.23375,2523.6000000000004,180.45437375,0.0,0.0,3259.5299999999997
1f7ccc38-3993-41fa-a3d0-5c370353a74e,1214.0,50.583333333333336,6941.075004166666,25601.208333333332,57.041666666666664,0.013517556138247946,0.002243610493416579,0.03282846041615702,0.3498868842151934,0.21114814872266177,0.01329544934303896,0.0,0.09198266473771893,24,16,0.6666666666666666,1,10411.61250625,7330.308125000001,1363.578125,14.520625,0.0,1696.5118750000001
1fe560ed-9e9f-464d-b683-c53e678a02d4,281.0,11.708333333333334,3135.75625,7189.583333333333,24.291666666666668,0.01177816256150773,0.0034697637346277586,0.0015295324320403708,0.5536169176788901,0.07344767882887089,0.03934486172987311,0.0,0.0,24,16,0.6666666666666666,1,4703.634375,3807.678125,623.933125,269.629375,0.0,0.0
1fe95d1d-bee1-479d-8952-a45576f9f581,694.0,28.916666666666668,3042.5420833333333,27699.0,28.708333333333332,0.007925249129821675,0.001110843903829475,0.019752332877419537,0.08749650885636966,0.10781876606615988,0.3792317178587898,0.0,0.03572599184200773,24,16,0.6666666666666666,1,4563.813125,625.94687499375,323.870625,2806.82625,0.0,173.145625
1fedafd8-ed28-411e-af3e-42f90b2860c9,58.0,2.4166666666666665,1803.1516666666666,3798.625,3.625,0.02874368011364915,0.0009571262853107,0.0005972885681242083,0.29026159123670514,0.027367927507470597,0.0,0.0,0.0767115302624177,24,16,0.6666666666666666,1,2704.7275,1175.1525,121.21812499999999,0.0,0.0,318.79875062499997
1ffc9ca9-707b-4b27-aea6-018f9bd1fbaf,867.0,36.125,8589.550000000001,30100.833333333332,80.91666666666667,0.013966811527605908,0.003011385920834333,0.0021110718668338247,0.3336034201045102,0.16611222062488396,0.02827472361035509,0.01042587380903951,0.027234938174859866,24,16,0.6666666666666666,1,12884.325,6601.51375,2939.065,581.9950018750001,174.61874999999998,689.37625
20392337-9919-4446-b358-22baddfb03fa,2659.0,110.79166666666667,5650.185,34185.25,92.0,0.011689206484509641,0.002811559975329637,0.011852452746917432,0.5139263852808676,0.06565615811020063,0.0013719055963386125,0.0,0.07195310762925644,24,16,0.6666666666666666,1,8475.2775,5450.6375,1205.613125,11.849375,0.0,1485.3481256250002
204ea88a-8115-48b4-bdfa-632dc86d7da6,219.0,9.125,94.63875,1544.5416666666667,6.291666666666667,0.004092982137799642,0.006539001881788208,0.015483069676927261,0.0,0.25,0.0,0.0,0.0,24,6,0.25,1,378.555,0.0,378.555,0.0,0.0,0.0
2059ac00-762a-4e76-a133-3b36faee4e30,187.0,7.791666666666667,279.96083333333337,6882.0,23.875,0.003881942512637088,0.003512043327860871,0.45519176501257613,0.0,0.16666666666666666,0.0,0.0,0.02379194852220041,24,12,0.5,1,559.9216666666667,0.0,17.78833333333333,0.0,0.0,91.37583333333333
205fe554-23ef-406a-ba47-f22c0275e890,2847.0,118.625,740.5562458333334,5835.291666666667,15.875,0.00587687308882395,0.007038321483000779,6.136054670340969,0.058685581972783334,0.07089203458001268,0.02575620752949136,0.005808283066935098,0.05933234373793634,24,12,0.5,1,1481.1124916666668,242.628325,213.12416666666664,111.81083333333333,27.391666666666666,130.525835
2084076d-2b37-463f-90cc-73a606ad319c,2677.0,111.54166666666667,6674.330416666667,25836.25,89.75,0.01322071374516468,0.003563136802455017,0.009399263687628686,0.3264654434006525,0.12584004940848234,0.06189388762199822,0.003007809856390679,0.1493013564998734,24,16,0.6666666666666666,1,10011.495625,4096.35,2290.51625625,1393.21249975,111.11,2116.640625
209bb4ab-ff7b-40b0-9ea1-cbe6bd7758ad,217.0,9.041666666666666,2351.3766666666666,7656.625,7.5,0.022667647685067484,0.000986573334905971,0.0017685693282057959,0.43668558241612015,0.06443371285785007,0.0028483201047175377,0.0,0.0011863239829152832,24,16,0.6666666666666666,1,3527.065,2244.6175,435.20562499999994,13.839375,0.0,5.755
20d38f0d-59db-444c-acba-ec6c57087ece,246.0,10.25,439.6475041666667,3323.3333333333335,9.333333333333334,0.00499575854959495,0.002984875754433542,0.008480647345806827,0.37483063394786154,0.0351550627909604,0.029184319263559813,0.0,0.01916331733095158,24,11,0.4583333333333333,1,959.2309181818182,913.6654636363636,17.785454545454545,20.29,0.0,7.49
2156a607-ea45-46a8-a3ea-091c8baff9ef,562.0,23.416666666666668,1234.4379166666665,13652.375,16.958333333333332,0.006250573467961662,0.0012953434800118625,0.02370748140939517,0.4894199030187631,0.17541618724744265,0.0,0.0,0.0,24,16,0.6666666666666666,1,1851.656875,1729.458125,114.858125,0.0,0.0,0.0
2168c21b-b768-4661-b36d-e10ce22eceed,308.0,12.833333333333334,1113.9645833737502,7605.958333333333,16.083333333333332,0.011438792423706717,0.002071930003722067,1.0854070220181748,0.193167777615715,0.16694427221784858,0.0,0.0,0.13825957122688262,24,16,0.6666666666666666,1,1670.9468750606252,1173.375,72.94437500000001,0.0,0.0,414.365
218efd70-0b3b-4816-8fb8-cbef6f4db0c3,430.0,17.916666666666668,1141.45125,7074.833333333333,13.791666666666666,0.0037312406124431294,0.0020258563149013332,0.00740251008999552,0.10283825403111994,0.07298775170988055,0.003016082332959804,0.0,0.030393810965272505,24,13,0.5416666666666666,1,2107.294615384616,581.8000000000001,203.69692307692307,17.987692307692306,0.0,199.38923076923078
21aab96b-2d45-4842-be89-1fbab2965a83,517.0,21.541666666666668,2654.4304166666666,5789.25,18.75,0.011887557444189642,0.003235853888439825,0.0048057773818848334,0.4148469601407201,0.02259051642586014,0.0,0.0,0.18477976915315186,24,16,0.6666666666666666,1,3981.645625,2431.8918750000003,90.379375,0.0,0.0,1084.118748125
21edcf3b-d64c-4190-b8fe-102ad19a68c0,150.0,6.25,30.044166666666666,2623.25,1.7083333333333333,0.0014048485062987416,0.0006688468790689168,0.019564099469599843,0.0,0.08337288850715006,0.0,0.0,0.04162711149284993,24,3,0.125,1,240.35333333333332,0.0,19.353333333333335,0.0,0.0,221.0
22001ccf-7a61-4743-a4a5-000e2811aca0,1616.0,67.33333333333333,17537.992083333334,28169.791666666668,130.66666666666666,0.015051792913285759,0.004922146338213679,0.001830380420920821,0.20200085871902185,0.10086783058145297,0.003020671908755292,0.004703223469299839,0.19014188874887772,24,16,0.6666666666666666,1,26306.988125,7805.2925,4139.01625625,117.175,188.680624999625,7584.49503125
2211d661-8d03-4bbc-9d92-4b1c024dc376,633.0,26.375,574.8691667083333,12192.583333333334,35.041666666666664,0.004138901941613471,0.0028783657114747918,0.32396602569914656,0.0,0.38649998440235117,0.010076458883073063,0.0,0.019219430380954573,24,14,0.5833333333333334,1,985.4900000714287,0.0,922.9378585714286,15.972857142857142,0.0,29.800714285714285
2230a778-8ae9-4bf2-916a-786a84ba46ca,442.0,18.416666666666668,874.65749875,10030.666666666666,11.708333333333334,0.00791603132836849,0.0011868998216499292,0.014941000663209275,0.0,0.3424715111331605,0.023252422520519362,0.0,0.21702343655388834,24,14,0.5833333333333334,1,1499.4128549999998,0.0,863.4385692857143,9.680714285714286,0.0,624.6728642857142
2261c589-178d-435d-8d24-1bf901788514,1058.0,44.083333333333336,2409.4304166666666,27691.375,65.45833333333333,0.010069447905714492,0.002565353048658846,0.03920068519152161,0.0,0.31768364018944406,0.20419387446651638,0.0,0.12742650581440795,24,16,0.6666666666666666,1,3614.1456249999997,0.0,1195.0237499999998,1693.4631250000002,0.0,570.61375
2271f1f0-ff79-4eb8-9458-cb0ef9fea993,253.0,10.541666666666666,1831.5278749999998,2547.5833333333335,9.958333333333334,0.0031037940905294,0.0006350924583610833,0.009797518672303359,0.14620151493841232,0.05985300726134465,0.0011923763589554667,0.0,0.0,24,5,0.20833333333333334,1,8791.3338,3679.3120000000004,5022.27006,78.502,0.0,0.0
22a1ccb3-1c6a-4cf7-8b4f-d661d7241bc2,1217.0,50.708333333333336,6267.370083333332,22016.625,41.333333333333336,0.02175983243209685,0.0020447989168877376,0.009921129334845579,0.2842676399764939,0.1821224520039698,0.003135147864030937,0.0,0.1553540707158713,24,15,0.625,1,10027.792133333334,5134.1194866666665,1775.9762000000003,66.62525466666666,0.0,3048.342606666667
22a5bd19-7890-417f-b4cf-acd55f47ef44,91.0,3.7916666666666665,132.83624999999998,1322.6666666666667,4.5,0.0035471514783802123,0.0034135776745094627,0.014873074644101916,0.0,0.25,0.041666666666666664,0.0,0.0,24,7,0.2916666666666667,1,455.43857142857144,0.0,435.6457142857143,19.792857142857144,0.0,0.0
22d9fbc6-e04b-4818-8e3b-485ce9b20034,21.0,0.875,0.0,681.8333333333334,1.2083333333333333,0.0,0.0005025725910986542,0.0,0.0,0.0,0.0,0.0,0.0,24,0,0.0,0,0.0,0.0,0.0,0.0,0.0,0.0
22e88e81-6a2a-4b47-a1a5-e2a838ff12f8,7.0,0.2916666666666667,0.0,698.0416666666666,2.9166666666666665,0.0,0.004108378574387725,0.0,0.0,0.0,0.0,0.0,0.0,24,0,0.0,0,0.0,0.0,0.0,0.0,0.0,0.0
22f8d546-e68d-459e-a377-fff81bc95f30,1813.0,75.54166666666667,14665.159999999998,26577.708333333332,75.83333333333333,0.016027457616441566,0.0030164002017981626,0.0030523779592824666,0.45378942706191405,0.07116121590788806,0.007975618971504242,0.02745122261257234,0.03332541002317597,24,16,0.6666666666666666,1,21997.739999999998,15021.02,1985.7087499375002,325.73749999999995,1059.8600000000001,1115.7806249999999
230c9049-5342-4309-b3c0-a351b39d5923,395.0,16.458333333333332,5433.594595833333,11889.875,30.083333333333332,0.012049008028817983,0.002539020713368596,0.0015039702015427498,0.3977612707065938,0.08427260845414307,0.1229060184830038,0.0,0.060877713390253115,24,16,0.6666666666666666,1,8150.39189375,4603.0756249999995,1119.30125,1602.615625,0.0,814.186875
23197c8a-900d-472e-b4a8-74f09b150d1c,1397.0,58.208333333333336,6319.561249999999,17990.833333333332,70.45833333333333,0.00965731389306235,0.003950028301842729,0.004814464582004404,0.20521590156914118,0.17117403350946633,0.0,0.0,0.25997820295398244,24,16,0.6666666666666666,1,9479.341874999998,2825.03,2558.615,0.0,0.0,3686.6181187499997
232f409d-c3da-4472-bded-0dc385b62ccf,323.0,13.458333333333334,2062.4466666666667,11158.958333333334,11.083333333333334,0.014784414188987514,0.0011514963893630333,0.0029372667230426128,0.5562795441889952,0.0453612539863879,0.05801548540620834,0.0,0.004805294047631955,24,16,0.6666666666666666,1,3093.67,2514.045,258.949375,287.97374875,0.0,24.801250000000003
2336c505-381c-4443-9012-88d159a6d445,338.0,14.083333333333334,4300.4425,7958.75,26.541666666666668,0.011926887541907794,0.003345622488797871,0.009803104134588105,0.30888540286517097,0.1881305771223424,0.04824040318424248,0.0034519428888829715,0.03879143257735996,24,15,0.625,1,6880.708000000001,4268.808,1589.0106733333337,35.062000000000005,46.7706664,478.75266666666664
233b2163-0430-4f67-8af9-d957a7e63a78,71.0,2.9583333333333335,126.39125000000001,4854.458333333333,4.375,0.002113803293320588,0.0010398125292899,12.505109511798542,0.0,0.10991235739861771,0.125,0.0,0.015087642601382296,24,6,0.25,1,505.56500000000005,0.0,469.34666666666675,31.386666666666667,0.0,4.831666666666666
234624c1-a0dd-4218-bd43-209bd457675d,99.0,4.125,6.298333333333333,3297.7083333333335,7.958333333333333,0.0008351599585094208,0.0012206833537549459,0.018149174728353337,0.0,0.08333333333333333,0.0,0.0,0.0,24,2,0.08333333333333333,1,75.58,0.0,75.58,0.0,0.0,0.0
234942d3-d554-446e-bbe8-0715f5c13152,1992.0,83.0,25271.9075,50642.083333333336,156.41666666666666,0.012891791050369297,0.0030268901952035456,0.0019625219837074,0.4372207310106518,0.1402110277185926,0.008040446981640992,0.0018136617415297875,0.0742160473042102,24,16,0.6666666666666666,1,37907.86125,24428.50125,8430.8675,419.8962487499999,109.36500000000001,4178.664375
236628ea-6141-4a2f-9920-5978057be565,650.0,27.083333333333332,1658.517916666667,28084.375,43.875,0.012119649057710067,0.001556503490479179,0.5007755722510316,0.39355245213889245,0.031484097684276825,0.022608558651412352,0.04030762765813196,0.05296867602799995,24,14,0.5833333333333334,1,2843.173571428571,2227.203571428571,49.332857142857144,71.51285714285714,28.159285714285716,464.13784999999996
23c6c260-5afd-43f5-8fb5-fa8eccd7650b,555.0,23.125,637.8316708333333,15696.541666666666,65.5,0.008192171321097471,0.004671279817081279,0.020885402724726648,0.0,0.4537510264785767,0.03470924038674144,0.0,0.009125684672193208,24,12,0.5,1,1275.6633416666668,0.0,1252.0441666666668,11.511666666666665,0.0,6.1866666666666665
243590b6-c627-4a29-92e8-6add2d52179d,1013.0,42.208333333333336,545.4179174999999,7106.958333333333,27.833333333333332,0.004458745800592908,0.004317167352150971,0.5256299632045327,0.0,0.19790150256651137,0.037044023908338136,0.0,0.0006802924731739542,24,12,0.5,1,1090.835835,0.0,502.19000750000004,37.31,0.0,4.204166666666667
244ea062-b4a8-4b4c-baea-e0dc1bb26593,301.0,12.541666666666666,2145.1920791666666,6437.416666666667,19.916666666666668,0.01224806356073635,0.0031519872582731457,0.0031774057672013336,0.2923753617528159,0.3342559756223636,0.04003533080547148,0.0,0.0,24,16,0.6666666666666666,1,3217.7881187499997,1367.415,1676.810625,173.5625,0.0,0.0
24533ae7-5dc4-4da9-9bbc-043399c87bd0,1024.0,42.666666666666664,4874.770833333333,22534.041666666668,92.5,0.03253754725656543,0.004403200176566754,0.004953950569331429,0.6323470491581107,0.008743352427789217,0.025211454011098495,0.0,0.0,24,16,0.6666666666666666,1,7312.15625,6973.530000000001,105.5456250625,229.481249375,0.0,0.0
24672945-f19c-4abd-93a1-63eda1c8da8a,148.0,6.166666666666667,236.51958333333334,9481.125,9.041666666666666,0.0037929446249756,0.0010038486318079208,0.0813486454934036,0.0,0.1261694001228996,0.29049726654376706,0.0,0.0,24,10,0.4166666666666667,1,567.6469999999999,0.0,12.745999999999999,554.9010000000001,0.0,0.0
247ff915-34d4-4928-9a7a-e04a413baee8,27.0,1.125,30.083333333333332,986.9166666666666,1.5833333333333333,0.0018251384620112708,0.0016915004281099584,0.00012849374492449584,0.0,0.16666666666666666,0.041666666666666664,0.0,0.0,24,5,0.20833333333333334,1,144.4,0.0,133.02,11.379999999999999,0.0,0.0
248b241c-c7e3-4365-9c71-c8c819b02a14,93.0,3.875,420.3925,1213.5833333333333,2.0833333333333335,0.007241451016770154,0.0018104329783574416,0.01158558369595964,0.1545991646920929,0.08427892535831688,0.15259350096441926,0.0,0.02519507480489283,24,10,0.4166666666666667,1,1008.942,849.9200000000001,9.03,119.968,0.0,30.024
24d2ed3e-81f3-4beb-9d74-ef6ffc10ebf4,15.0,0.625,0.0,138.5,0.16666666666666666,0.0,5.014039310067916e-05,0.0,0.0,0.0,0.0,0.0,0.0,24,0,0.0,0,0.0,0.0,0.0,0.0,0.0,0.0
24e8d9ad-7dfd-45bd-9caf-dc7035f852ce,14.0,0.5833333333333334,0.0,24.75,0.041666666666666664,0.0,7.014590347923334e-05,0.0,0.0,0.0,0.0,0.0,0.0,24,0,0.0,0,0.0,0.0,0.0,0.0,0.0,0.0
251f7895-9fff-480e-8c27-10d36f2e7701,520.0,21.666666666666668,5581.52875,8882.833333333334,16.458333333333332,0.011239419991510013,0.0018674579638971666,0.0017851491103230792,0.34692153007835963,0.06789144451781243,0.030234597604883163,0.0,0.15633678784145316,24,16,0.6666666666666666,1,8372.293125,4249.11375,854.5125,439.204375,0.0,1977.45375625
252535bd-c689-4aba-8695-11955ac0953a,323.0,13.458333333333334,2806.8862499999996,6178.833333333333,12.0,0.017185631560748232,0.002043867954188237,0.0035233768187075292,0.5556464243911592,0.019257697365792834,0.0,0.0,0.050095878243047925,24,15,0.625,1,4491.018,4114.1539999999995,114.52400000000002,0.0,0.0,262.34
2528aa41-c232-4138-ad50-7f84e61462c6,142.0,5.916666666666667,243.95666666666668,1863.25,2.9166666666666665,0.0013055897238880042,0.001586300489832975,0.048749098402841036,0.3333333333333333,0.06941876638591296,0.02930623994159906,0.0,0.02627499367248798,24,11,0.4583333333333333,1,532.2690909090909,480.73818181818183,31.13454545454545,12.846363636363636,0.0,7.55
2539d3ca-c7cf-48fd-bdee-1cccbe96c564,51.0,2.125,92.2425,1229.5,1.5833333333333333,0.005090850256007233,0.0012689379858671916,0.00739542293509515,0.0,0.20833333333333334,0.041666666666666664,0.0,0.0,24,6,0.25,1,368.97,0.0,363.22499999999997,5.745,0.0,0.0
25408fff-2b46-4add-955e-90e42efc169a,2782.0,115.91666666666667,37972.57874999999,76682.20833333333,294.6666666666667,0.014147707049721651,0.003894563018136942,0.001272304463319146,0.46782730923692445,0.11509627103746344,0.0038670580618053126,0.010432479519497525,0.03834432943180818,24,16,0.6666666666666666,1,56958.86812499999,39838.570625,9106.660624999999,483.16437500000006,1334.058124125,3615.7081125
2573f44d-1f5b-45bb-a8b0-458aa6a23fb3,319.0,13.291666666666666,487.04416645833334,1307.875,3.5833333333333335,0.006290736678617699,0.0028031450647776,0.19117706912946067,0.0,0.33372349635526083,0.0,0.0,0.02950755533215893,24,14,0.5833333333333334,1,834.9328567857144,0.0,404.49571392857143,0.0,0.0,108.85071428571429
258d4c1e-d0c7-4434-9351-862287b4a1c7,507.0,21.125,2996.7983341666663,26334.375,66.0,0.009260601403101967,0.0032185599741868624,0.014935643910301144,0.06881700114313259,0.052297906987064054,0.4066546135726658,0.04019068154135108,0.06965012164098656,24,16,0.6666666666666666,1,4495.19750125,843.46,92.72999812500001,1379.129374975,128.881873125,1439.25125
25963f60-2708-49ea-b3d9-43460ddb86b6,133.0,5.541666666666667,1956.05875,3982.5416666666665,11.375,0.005634288815547446,0.002985425988377017,0.0016667655854595584,0.6476861623454332,0.017080994388122613,0.0,0.0,0.0,24,16,0.6666666666666666,1,2934.0881249999998,2822.34375,103.02562437499999,0.0,0.0,0.0
25ae9a11-723a-4efe-b440-4b821c786e2d,192.0,8.0,3122.447083333334,11483.0,11.0,0.011950511094595185,0.00090720727638225,0.0014875874273582834,0.0603749450921609,0.3762924063536501,0.038651381491923896,0.014837326991131357,0.08279325908475747,24,15,0.625,1,4995.915333333333,701.0046666666666,2195.2273333333337,452.1426666666667,166.17466666666667,879.3499973333331
25d147ac-028a-468f-a9f9-b6b851b6bb09,4664.0,194.33333333333334,6742.146250000001,9185.958333333334,40.416666666666664,0.0059327054427749625,0.004897468981787779,0.01884743081759356,0.03549686374517841,0.379375947156048,0.02552997801555001,0.0,0.08240212101460477,24,13,0.5416666666666666,1,12447.03923076923,461.2615384615384,8681.831538461538,636.3984623076923,0.0,1991.8638453846152
25d7ee4d-cbda-4f81-a28a-7166c77a068e,323.0,13.458333333333334,5077.6970833333335,10433.958333333334,25.416666666666668,0.01194432117077394,0.0026119221826992043,0.0012390513924518502,0.3998942958269145,0.11765340332136416,0.032112602639548855,0.0,0.11675984396258615,24,16,0.6666666666666666,1,7616.545625000001,4510.53439375,1364.479375,347.75874999999996,0.0,1390.6212500000001
25dc80f3-5052-4bb0-9bdd-6359c8811e4e,1071.0,44.625,4158.979583333334,20219.166666666668,33.833333333333336,0.005492338320660842,0.0016875719707855664,0.006820921854923237,0.10358711323013749,0.003699710997513575,0.0,0.0,0.557905520235421,24,16,0.6666666666666666,1,6238.469375000001,585.20625,23.250625,0.0,0.0,5620.860000000001
25e139ef-91d0-4292-97ae-9d82868c0d14,185.0,7.708333333333333,411.75708333333336,1901.0416666666667,6.416666666666667,0.013169296078101527,0.0036861603788303256,0.010096336521720924,0.27687467586379816,0.08242517051061483,0.30736681994646353,0.0,0.0,24,16,0.6666666666666666,1,617.635625,229.819374375,136.925,250.89125,0.0,0.0
25e995ce-1181-4a1c-8373-59903e3e7257,392.0,16.333333333333332,1826.0104167083334,6838.458333333333,12.916666666666666,0.006403344935406259,0.0020408073040779876,0.06560634957585808,0.27971418974245443,0.21959003481002984,0.0,0.0,0.0,24,16,0.6666666666666666,1,2739.0156250625,2145.65625,570.1162503124999,0.0,0.0,0.0
25ef44ba-2f55-42fc-b30d-0e7f31426dea,342.0,14.25,2661.27,7654.958333333333,13.833333333333334,0.016144792132127685,0.0019609176552742836,0.002738399605964533,0.30053218894855077,0.007177923990362842,0.027484918150634068,0.0,0.1453178932637572,24,16,0.6666666666666666,1,3991.9049999999997,1925.910625,48.334374999999994,162.21125,0.0,618.8618749375
25f447e0-a4d1-4e02-b5e3-45a148c3ecb2,1464.0,61.0,6349.77,48940.291666666664,105.125,0.009860920190074484,0.002243475539094454,1.8284554999073415,0.5380690837544918,0.031649098302837325,0.005259157459536566,0.0,0.007747572282632624,24,15,0.625,1,10159.632,8486.353333333334,1061.1233333533332,181.82866666666666,0.0,417.0826666666666
262bc105-f28d-4b1b-a06a-41c79ff901ef,293.0,12.208333333333334,5603.846666666667,6523.916666666667,6.708333333333333,0.019955319634254894,0.0010517864821814916,0.0009608428418840417,0.49667211546593054,0.0893284310737622,0.038681313695759056,0.0,0.041437859960227225,24,16,0.6666666666666666,1,8405.77,6252.703750000001,1137.204375,485.56124875,0.0,523.5506231249999
263f0bd7-51c3-42f3-a112-bf86620f7896,79.0,3.2916666666666665,182.5629179166667,1866.7916666666667,2.0833333333333335,0.0038784326152894832,0.0013991342998814417,0.006899667330407845,0.0,0.375,0.0,0.0,0.0,24,9,0.375,1,486.8344477777778,0.0,486.8344477777778,0.0,0.0,0.0
2646813f-db48-4643-97f8-6cc03c87b8d4,675.0,28.125,3099.85,13603.875,32.375,0.02355194777505012,0.0024247144958016793,0.004620043467798704,0.37151862270584585,0.01954565886808657,0.012118678450487233,0.0,0.2628255024223335,24,16,0.6666666666666666,1,4649.775,2423.3556125,129.363125,164.97,0.0,1928.978748125
2651b49d-e45b-42f8-a471-dbc0d1af8667,881.0,36.708333333333336,7077.40625,14241.625,68.20833333333333,0.011772981959778541,0.004867697036795404,0.0035765455048571253,0.29377108042084127,0.21935565361624945,0.003571207489309829,0.0,0.12010641727954656,24,16,0.6666666666666666,1,10616.109375,5890.17875,2085.18125,37.49875,0.0,1864.498125
2667581e-efca-47f4-a5f2-f269ff0e5f25,802.0,33.416666666666664,707.12958375,17351.5,28.333333333333332,0.006564147896426192,0.0016969321903853001,2.898222751992423,0.0,0.3307240074805225,0.03266457273188339,0.0,0.011008342724918478,24,14,0.5833333333333334,1,1212.2221435714287,0.0,957.3942857142856,12.399285714285714,0.0,16.567857142857143
2674435d-741f-4e44-b3c2-058da1926d82,1504.0,62.666666666666664,33748.07708333334,38509.708333333336,132.5,0.013902187806159599,0.0038303391040670465,0.0008181799196525751,0.22623725503605993,0.1474503942551786,0.01418036330681068,0.0,0.2703264020577069,24,16,0.6666666666666666,1,50622.115625000006,16956.2875,11440.69375,1017.86750625,0.0,20475.92684375
2691a85c-76a3-4446-9653-d0fe5703e711,376.0,15.666666666666666,487.37208499999997,7839.458333333333,14.333333333333334,0.0074968753437652455,0.0019380832386558914,0.6822534974014466,0.0,0.3711162420368974,0.08714403735973786,0.0,0.0,24,14,0.5833333333333334,1,835.4950028571428,0.0,583.325712142857,251.32142857142858,0.0,0.0
26a52419-3b70-4c6b-afcc-d0f7cef2bd6a,614.0,25.583333333333332,3071.3025,8213.458333333334,44.833333333333336,0.010562668026320042,0.00624062579228796,0.004441085339177783,0.2519634845951132,0.24045283847470575,0.05945171620384488,0.0,0.11284242571750074,24,16,0.6666666666666666,1,4606.95375,1600.104375,1677.2174999999997,465.80312437500004,0.0,846.1512500000001
26bbeda6-7e88-4049-85a3-993a44d60a9e,804.0,33.5,3958.6899999958337,28358.458333333332,63.208333333333336,0.009176135845040763,0.0023770456928192208,1.4915583372792203,0.3468290639774812,0.06900046171062912,0.07186926849578996,0.024211951667613543,0.11249717835088097,24,16,0.6666666666666666,1,5938.034999993751,4035.6393562499998,122.4075,533.925625,21.534375,1220.088125
26c92cc6-f64d-4f94-8e86-387777e3c800,135.0,5.625,5063.444975,7844.583333333333,8.75,0.01039728462944965,0.0011748546228641376,0.0012319404963604208,0.17088620880202288,0.1906389245656045,0.0595797210518818,0.0,0.24556181294952475,24,16,0.6666666666666666,1,7595.1674625000005,801.2453250000001,4241.261685625,573.09299375,0.0,1979.56741875
26d2deda-edc2-46b8-b107-a3a863a89dd5,701.0,29.208333333333332,7105.851749999999,12307.791666666666,56.583333333333336,0.00819883877592749,0.004698103096835891,0.002041581718020012,0.3241179980909162,0.2428147555390253,0.008825723297780929,0.0,0.08896649098972877,24,16,0.6666666666666666,1,10658.777624999999,4992.149375,4082.40074375,165.748124375,0.0,1388.3118749999999
26dd5125-a17c-4587-bfce-931c43d95034,289.0,12.041666666666666,1309.5016666666668,6831.416666666667,4.25,0.013707335203976155,0.0006290482263221917,0.004464844699317296,0.3815918457643976,0.1359259972410459,0.1470580666173424,0.0,0.001422226094420321,24,16,0.6666666666666666,1,1964.2525,1050.190625,505.18375625,403.03625,0.0,4.4075
26e738fd-e821-4778-ad47-d045548c8064,240.0,10.0,3409.1020833333337,8885.875,30.791666666666668,0.013715938077092074,0.003435790080283258,0.0011605562660284292,0.5169536519356596,0.05833829116320474,0.0012544869965859875,0.0,0.050957286792947275,24,16,0.6666666666666666,1,5113.653125000001,3706.119375,360.475,14.575,0.0,567.975625
26ee9e8d-8867-4c06-a9ec-e0b70b681137,864.0,36.0,4425.36375,14032.458333333334,69.875,0.010263639630464646,0.005296940934360596,0.0036841065317181412,0.30165700701552506,0.25231069579611326,0.10844915978658813,0.0,0.004208153456612146,24,16,0.6666666666666666,1,6638.045625000001,2961.46,2482.8275000000003,1148.1968743749999,0.0,45.225625
26fc47c9-2111-4f6c-a97f-13f64142fbf2,523.0,21.791666666666668,2146.345,13792.458333333334,32.958333333333336,0.010316967684444572,0.002426794294585975,0.3337075974748487,0.24814768499463882,0.20724098369102548,0.05759494417240505,0.0041828589818577126,0.024438935490169622,24,15,0.625,1,3434.152,1680.9559933333335,1122.4633333333334,408.85866466666664,43.63333133333334,177.16333333333336
270b8c52-8246-4133-b610-4ca56a5248f2,487.0,20.291666666666668,1585.205,11842.375,19.75,0.005096104749991246,0.0016741683093521584,0.003677036330299192,0.365299338424677,0.024551606294677713,0.06226003734094452,0.0,0.0,24,11,0.4583333333333333,1,3458.6290909090912,3026.388181818182,129.05545454545455,258.5372727272727,0.0,0.0
272335f0-1f7f-4529-ba03-c046d6d50c20,378.0,15.75,906.5329166666667,10433.958333333334,11.791666666666666,0.006777937675470834,0.0011621134764859624,0.08658386187391488,0.4081049439973925,0.17191752598689095,0.0,0.0,0.0,24,15,0.625,1,1450.4526666666666,1339.3973333333333,98.1246666,0.0,0.0,0.0
2725bb70-04b4-4327-b618-861a348dc1b4,885.0,36.875,1306.0225,24534.958333333332,59.791666666666664,0.004412815793038779,0.0026315940758975167,0.43798641121743537,0.0,0.31699233624884887,0.0,0.0,0.13717229168773484,24,15,0.625,1,2089.636,0.0,756.8166666666665,0.0,0.0,712.8253266666667
273d9d52-aae9-4071-be3c-8b7f6e43c97f,1434.0,59.75,14041.77375,28608.666666666668,96.375,0.011875598754345717,0.0034737249629038544,0.001923539545009429,0.25339347513616883,0.053228378735060165,0.008705187147130988,0.0007102172956568292,0.18915662713575077,24,16,0.6666666666666666,1,21062.660625,7437.670625,1729.9156249999999,315.122501875,29.85,6628.66496875
274b79f6-d1d5-430e-9f57-17c336b73f81,337.0,14.041666666666666,553.9754166666667,4262.583333333333,10.916666666666666,0.008502476071356816,0.0024823838241102877,0.32951152776284126,0.0,0.16395994099177855,0.09277795349420899,0.026673334000508156,0.05165041188675448,24,12,0.5,1,1107.9508333333333,0.0,585.8083333333334,112.21583249999999,31.078333333333333,37.538333333333334
2768fe00-52d6-4f46-85d9-b09db1380325,1345.0,56.041666666666664,13855.880416666667,28058.541666666668,81.79166666666667,0.010304286390402814,0.003096125841407675,0.0017742224918725416,0.2523744284320369,0.06565294309859233,0.011506294220801475,0.002166039970496933,0.17240482960365103,24,16,0.6666666666666666,1,20783.820625,7592.613125,2236.03625,355.87375,72.001875,5505.468124999999
278827e0-ca48-4212-9067-c5dbb9e7c655,787.0,32.791666666666664,1545.5762541666666,18728.208333333332,44.833333333333336,0.006286671129779829,0.0025391516199691332,0.03134387839319959,0.33010652567333165,0.14969306368761295,0.013461446321908837,0.0,0.005115993341612279,24,15,0.625,1,2472.9220066666667,1774.3866666666665,110.71333333333334,13.485999999999999,0.0,6.196
27b80ddf-ed5c-4fa3-a91e-255fe1bac222,1383.0,57.625,5337.407916666666,16857.583333333332,49.416666666666664,0.02204554860266626,0.0029655100890254166,0.005679404779930938,0.4754713510498177,0.09531743026635708,0.0,0.0,0.08928910143196112,24,16,0.6666666666666666,1,8006.111875,5254.411875,1360.43312625,0.0,0.0,1289.126875
27db8115-ca43-45dd-b615-b6f7df0c987b,1751.0,72.95833333333333,15467.475833333332,31904.791666666668,108.375,0.015463323612519933,0.0035147562509208127,0.0023400661274929416,0.43362388647124517,0.08073359178084061,0.018627441640791706,0.0008584581282914571,0.12148607478145552,24,16,0.6666666666666666,1,23201.21375,15011.072499999998,2468.5581249999996,648.950625,18.420624375,4608.0338025
27de52a8-d4cd-4f90-a142-d0d814fc0d53,906.0,37.75,8187.015416666666,23674.833333333332,96.5,0.012897946063989633,0.004227287167359283,0.002440721334788425,0.3059531992610638,0.09592591330066279,0.10432383393873057,0.0,0.01403529015562357,24,16,0.6666666666666666,1,12280.523125,5513.26125,1718.3025,2136.4437500000004,0.0,320.76374999999996
27e39ced-93c8-4f14-99a0-e15e2f621a13,1338.0,55.75,1849.5650050000002,32507.833333333332,99.75,0.0070456590668386415,0.0034912684897371957,5.490274158244375,0.2891226236832681,0.13720466516331603,0.053301525462382614,0.029001578022062716,0.032786008066363705,24,14,0.5833333333333334,1,3170.682865714286,2971.7499857142857,77.76142857142858,57.90785714285714,25.898571428571426,35.58785742857143
27faf574-ffaf-4d6a-93fa-5236475f58bb,60.0,2.5,47.121666833333336,1089.625,3.7916666666666665,0.003868561170945429,0.003721242918374687,0.005101242077552471,0.0,0.05326452339468288,0.20833333333333334,0.0,0.030068808367657338,24,7,0.2916666666666667,1,161.5600005714286,0.0,47.75,102.87285714285716,0.0,10.937142857142858
285fbbd2-014f-4816-a876-48cde24d9e68,890.0,37.083333333333336,1098.8708333333334,1482.0416666666667,8.291666666666666,0.0042775685903181,0.008245076418844158,0.0359234825259538,0.0,0.16744141000796708,0.2475884377878755,0.0,0.0,24,13,0.5416666666666666,1,2028.6846153846154,0.0,126.99692300000001,1146.64,0.0,0.0
287e67e6-4c2b-4cd0-93d3-bc538283dc43,1381.0,57.541666666666664,1681.6070874999998,12000.083333333334,54.833333333333336,0.007649091458572655,0.004631844877092896,0.04712840070663674,0.0,0.27702591433056994,0.0,0.0,0.2636724199199699,24,14,0.5833333333333334,1,2882.755007142857,0.0,915.4221357142858,0.0,0.0,1860.974285714286
288f04ef-4cac-4175-baa8-dbad1a892635,482.0,20.083333333333332,1929.6041666666667,11018.791666666666,8.125,0.010238962678930865,0.045373943444354276,0.005183520911642875,0.2793612113776379,0.17126508234097926,0.004968594394175876,0.0,0.0026504755227802247,24,11,0.4583333333333333,1,4210.045454545455,3648.388181818182,454.57545454545453,73.47818181818182,0.0,32.551818181818184
28a4819f-06cd-4db0-9c8a-c37e99cb609a,48.0,2.0,0.0,938.2916666666666,1.6666666666666667,0.0,0.0005802650752146875,0.0,0.0,0.0,0.0,0.0,0.0,24,0,0.0,0,0.0,0.0,0.0,0.0,0.0,0.0
28be1741-718e-4436-82b3-7a603b9cf994,646.0,26.916666666666668,1514.079995833333,15869.291666666666,52.375,0.007620488680952695,0.0037246181145257295,1.698056103249841,0.1016530631020427,0.06387606149360466,0.0008579907783720916,0.0,0.13344171221613885,24,12,0.5,1,3028.159991666667,998.945,110.17333329166667,11.594166666666666,0.0,1313.0225
28cc3a67-850a-4468-9b8d-5c9a567af28a,85.0,3.5416666666666665,525.8475,1623.6666666666667,2.7916666666666665,0.005110778882472358,0.0018257168718093335,0.0006579722025143458,0.16541491855026658,0.12625174810368053,0.0,0.0,0.0,24,7,0.2916666666666667,1,1802.9057142857143,1342.1100000000001,460.7957141428572,0.0,0.0,0.0
28e21458-508c-49d4-ad20-99390c2ef8a5,96.0,4.0,193.19333291666666,1202.875,3.5416666666666665,0.002815419953377654,0.002761416894386462,0.011560295008937316,0.0,0.294114967659652,0.03921836567368133,0.0,0.0,24,8,0.3333333333333333,1,579.57999875,0.0,558.05499875,21.525,0.0,0.0
291d1b57-26c3-4209-8491-71ed5a9dfb4b,506.0,21.083333333333332,1825.9279166666665,10584.375,15.541666666666666,0.009254411914770966,0.0015302482777605209,0.5004428088546882,0.17521748036432097,0.11800186202594032,0.018007314869106575,0.0,0.0,24,11,0.4583333333333333,1,3983.8427272727276,2632.1872727272726,464.03636363636355,235.4790909090909,0.0,0.0
295e2f0f-6033-49fc-902f-8db11de160e9,628.0,26.166666666666668,3188.7254166666667,16891.291666666668,21.583333333333332,0.018058724870840065,0.0012860513701424168,0.005410513986454858,0.30464007630034057,0.03409331509343842,0.081057254226381,0.0,0.022140476019640965,24,16,0.6666666666666666,1,4783.088125,1473.149375,385.08688125000003,732.9706249999999,0.0,207.45749999999998
29740d19-f39f-4d54-92ae-8b0e7fc7cb8c,305.0,12.708333333333334,2088.6708333333336,3853.1666666666665,9.416666666666666,0.017244549637315566,0.002457023144860204,0.002776792030773125,0.4444343642701985,0.0851852829294109,0.026843104006560203,0.0,0.10954988631587266,24,16,0.6666666666666666,1,3133.0062500000004,2052.0531250000004,442.849375,126.78937475,0.0,508.24937124999997
297a3383-351b-40b4-a0c4-94bebbb1cd13,3421.0,142.54166666666666,16799.931570833334,22149.916666666668,90.04166666666667,0.012503453498911262,0.004701268613677729,0.049264138753705805,0.18903904089617543,0.13280981259248037,0.008806370500948171,0.013990034114009162,0.3170345896024427,24,16,0.6666666666666666,1,25199.89735625,7384.87465,3555.838125,11.54,853.7141875,13056.051812500002
29955fd2-b643-4b3c-9633-fe670a601373,599.0,24.958333333333332,2541.7116666666666,12934.5,32.833333333333336,0.006891807327889479,0.0032311889952144463,0.20613271861093097,0.18632187759925775,0.2129848237452714,0.012445691503817113,0.0,0.07724910551706382,24,15,0.625,1,4066.7386666666666,1980.2499999999998,923.0473333333334,118.85000000000001,0.0,906.5480000000001
29a33fed-7b4a-4f02-8aa1-43fb93750eac,38.0,1.5833333333333333,411.47083333333336,1318.9583333333333,0.75,0.0026295466567470417,7.21558533365875e-05,0.00047223970020432085,0.03096113572800983,0.04751973140803672,0.0,0.0,0.0,24,3,0.125,1,3291.7666666666664,816.1,1254.41,0.0,0.0,0.0
29b02d9a-1d94-4668-a580-8990bb91d72c,112.0,4.666666666666667,583.9570833333333,3106.4166666666665,8.875,0.017651804242275314,0.003012506929283742,0.004050331676468796,0.5170039467896794,0.0597285178573706,0.08993420536481005,0.0,0.0,24,16,0.6666666666666666,1,875.935625,636.74250375,130.22437524999998,108.96875,0.0,0.0
29b41dc4-f274-4de1-b484-cc1bb04200d3,610.0,25.416666666666668,9620.342083333333,31278.916666666668,87.29166666666667,0.00963062900431124,0.002823183363748642,0.0012061915284988331,0.29976325884679356,0.12680660620329912,0.03563106090704741,0.0,0.17019091670325173,24,16,0.6666666666666666,1,14430.513125,6449.99125,2881.0468812500003,765.30875,0.0,3636.7512500000003
29b68d06-5aac-4f5a-9ed5-fd100ca1c438,761.0,31.708333333333332,6779.382070833333,17459.125,45.958333333333336,0.022295228379894737,0.0027251435253245414,0.002437983438788146,0.2777973784162938,0.11500500947593824,0.025224760367999838,0.0,0.059199663051953566,24,16,0.6666666666666666,1,10169.07310625,3681.3031250000004,1673.820625,407.46187499999996,0.0,1250.46
29b72492-7a18-44a8-9d5c-5947778f2317,1531.0,63.791666666666664,1653.9666541666663,38210.833333333336,124.70833333333333,0.010784803226164758,0.0032378277717839752,0.13382183296138925,0.12482353188798034,0.1917191164734933,0.008070972257981458,0.03617374487935731,0.17836012706940796,24,13,0.5416666666666666,1,3053.4768999999997,1211.783076923077,209.97846153846152,18.51923076923077,192.69230769230768,1401.1976923076925
29cf83ad-50d8-4ca9-86fb-550865b3f2c7,18.0,0.75,0.0,1116.0,2.8333333333333335,0.0,0.002530601204349513,0.0,0.0,0.0,0.0,0.0,0.0,24,0,0.0,0,0.0,0.0,0.0,0.0,0.0,0.0
29d31be1-9233-46d7-a3cf-18cb91fe5372,123.0,5.125,273.20458333333335,2949.0,4.0,0.004169044804010613,0.0010761482100900542,0.01119098644845578,0.0,0.4166666666666667,0.0,0.0,0.0,24,10,0.4166666666666667,1,655.691,0.0,655.691,0.0,0.0,0.0
29e3a86e-9204-4d78-926c-1160974daa87,331.0,13.791666666666666,597.9937500000001,14495.291666666666,12.708333333333334,0.005059047621861854,0.00084262843095495,0.022454891158201207,0.4156871232670983,0.08431288042096806,0.0,0.0,0.0,24,12,0.5,1,1195.9875,1181.8033416666665,14.184166666666668,0.0,0.0,0.0
29feb1d2-5186-408a-9f70-066d6d195880,779.0,32.458333333333336,2605.3820833333334,39521.875,26.416666666666668,0.00961077794510597,0.0006980269789930042,0.0080279115708077,0.08205562524831185,0.14246569766639552,0.12839751701821678,0.0,0.18767482269823274,24,13,0.5416666666666666,1,4809.936153846154,702.4323076923077,1520.233076923077,651.4823076923077,0.0,1929.5830615384616
2a02a362-ec47-48e9-9e49-c5df80864b38,1790.0,74.58333333333333,2648.909583325,20552.458333333332,65.58333333333333,0.0055617170171719495,0.009113268187251146,0.6451598232351125,0.0,0.1337882698581589,0.34125615045865354,0.0,0.023932070729763093,24,13,0.5416666666666666,1,4890.294615369231,0.0,110.10999999999999,4729.873076923077,0.0,35.33769384615385
2a078d1c-1590-4623-b84f-1c6e063bc2b3,1172.0,48.833333333333336,2329.1162375000004,19511.416666666668,49.458333333333336,0.004808150652327242,0.0027575896018143496,0.41922785987570155,0.0,0.09885289260458617,0.1689614726607276,0.0,0.19023176633268535,24,12,0.5,1,4658.232475000001,0.0,559.1783333333334,1848.0175000000002,0.0,2247.874166666667
2a084e5c-57d8-49dc-8f9a-a82353564294,1013.0,42.208333333333336,493.63666666874997,14692.958333333334,66.95833333333333,0.003160298861502375,0.004709274494039042,1.609311275578465,0.0,0.1293162270060505,0.09587645351578215,0.0,0.021160465042507296,24,7,0.2916666666666667,1,1692.4685714357142,0.0,829.3257137142856,821.7257142857143,0.0,15.247142857142858
2a0e9059-8bc2-4d96-b956-865611b22c7e,185.0,7.708333333333333,79.71125,3993.9583333333335,9.666666666666666,0.002140694187936779,0.0024778277069185165,0.004101773981715463,0.0,0.16379603457864012,0.02776291298278269,0.0,0.01677438577191052,24,5,0.20833333333333334,1,382.61400000000003,0.0,339.338,28.637999999999998,0.0,14.638
2a10fd28-2621-4125-b875-9408940711a8,147.0,6.125,149.81083333333333,2009.5,3.0833333333333335,0.003203503708746934,0.002366374933205196,0.006639524443702613,0.0,0.25,0.041666666666666664,0.0,0.0,24,7,0.2916666666666667,1,513.6371428571429,0.0,491.73285714285714,21.904285714285717,0.0,0.0
2a13e3be-dd05-4141-b407-1588f9186bd4,1208.0,50.333333333333336,775.0395833333333,13232.333333333334,32.916666666666664,0.005198344898851613,0.0034817947277356164,2.329834127063488,0.0,0.26566209531999896,0.0,0.0,0.15100457045349797,24,13,0.5416666666666666,1,1430.8423076923075,0.0,729.3053846153847,0.0,0.0,700.4830746153845
2a3875f1-1b8d-4eac-ab98-e15a96259838,844.0,35.166666666666664,7362.9175,22083.291666666668,27.75,0.007139106138197425,0.0012613269581377583,0.007572857831847496,0.10574379062130938,0.1381786741716839,0.20581371279231528,0.0,0.13137484968963756,24,14,0.5833333333333334,1,12622.144285714285,3368.5978571428573,2614.9942857142855,3004.6157142857146,0.0,3620.7778571428566
2a3933eb-30ab-478a-81c8-42a54b7e582e,1459.0,60.791666666666664,2197.4845833333334,16490.875,78.70833333333333,0.013405933411694096,0.004940303979808708,0.018978695079671024,0.11494317068822331,0.47071386880905824,0.07192887706617927,0.0,0.0047259464317774245,24,16,0.6666666666666666,1,3296.226875,1377.2275,1627.9850000000001,252.25,0.0,18.503125
2a703a34-3477-4d54-89cf-81682336e0e6,419.0,17.458333333333332,1495.0329166666668,14035.833333333334,13.958333333333334,0.008248401427253279,0.0010126641320969375,0.01261552763203558,0.22560096406948785,0.0874611717256406,0.01429526939390917,0.0,0.08122612738993244,24,16,0.6666666666666666,1,2242.549375,1042.919995625,39.7975000625,33.59625,0.0,194.361875625
2a87fe0d-d0af-45e3-a7ca-cf07129087b3,649.0,27.041666666666668,3650.841666666667,27885.5,56.208333333333336,0.023084925941943727,0.0022207583537950794,0.003347721387464629,0.36740812849579746,0.04951123824773885,0.022108143298914914,0.0,0.16132386116571817,24,16,0.6666666666666666,1,5476.262500000001,2930.0,259.05625025,227.94187462500003,0.0,1382.53999875
2a902186-fded-4147-81d0-bb6fbf1837af,533.0,22.208333333333332,980.0920875,12096.041666666666,21.25,0.004177796101965867,0.0017843483343943749,0.14239337974195093,0.3706061449058258,0.07076951412238718,0.05504689950202444,0.0,0.0035244055199891,24,13,0.5416666666666666,1,1809.4007769230766,1729.2123153846153,37.49692307692308,39.22538461538462,0.0,2.2838461538461536
2aa7be77-0c42-4916-b9e2-a4630a84cad5,148.0,6.166666666666667,295.70916666666665,8094.375,7.208333333333333,0.0047625145854527625,0.0011468058978875916,0.006294625107405576,0.02646544628342613,0.2950962741179678,0.06217626877536505,0.0,0.02647461668834496,24,10,0.4166666666666667,1,709.702,95.597003,543.1569999999999,36.888,0.0,10.747
2ad24627-090c-44b7-a04f-686a3dde92f2,34.0,1.4166666666666667,0.0,480.875,0.625,0.0,0.0007611677171966542,0.0,0.0,0.0,0.0,0.0,0.0,24,0,0.0,0,0.0,0.0,0.0,0.0,0.0,0.0
2b22bb32-a877-4369-8d11-722aba2a68eb,76.0,3.1666666666666665,6.465,239.0,0.4583333333333333,0.0010141608625422209,0.0021676019006906582,0.0018731350878326584,0.0,0.08333333333333333,0.0,0.0,0.0,24,2,0.08333333333333333,1,77.58,0.0,77.58,0.0,0.0,0.0
2b70d4c1-9492-470d-9bea-370cfd8397c7,769.0,32.041666666666664,3805.565416666667,24364.166666666668,48.666666666666664,0.005077841660965458,0.001498039248315775,0.07722438805261578,0.1209908114886024,0.03841824545535705,8.24145394192e-05,0.0,0.03284534673692451,24,9,0.375,1,10148.174444444443,3429.853333333333,1557.65,1.25,0.0,1838.13
2b99ea16-3d19-4ef6-994d-8a9410e52d65,342.0,14.25,1547.385833333333,12260.0,26.083333333333332,0.009959522002561642,0.002214972102805383,4.1695121214753454,0.23163482608113853,0.18188619238126547,0.056899491276258964,0.0,0.02915980001942109,24,13,0.5416666666666666,1,2856.712307692307,1482.9769153846153,819.503846153846,375.38384615384615,0.0,176.26307846153847
2bcafcd3-369f-4dec-9981-581037e38f73,1344.0,56.0,5301.2009375,19956.708333333332,57.833333333333336,0.024771016700573915,0.0028815556555674584,0.00842140974966,0.44003706672121917,0.03619047524728402,0.0038514777161640667,0.021807988953706687,0.16391917726836025,24,16,0.6666666666666666,1,7951.80140625,5439.668531249999,234.0293746875,14.221250625,300.96876875000004,1949.1972624999999
2be35420-3a08-472a-aae6-213b93d62d68,3025.0,126.04166666666667,15743.921666666667,33531.083333333336,98.875,0.01122059639280105,0.0032214306358814373,0.004715759861239746,0.16322618765748176,0.1378006484389139,0.16279598779886628,0.028824014903814466,0.07175407092231247,24,16,0.6666666666666666,1,23615.8825,3918.749375,5177.9456375,6389.443125,942.995625,3052.2062487499998
2c132126-803b-4fd1-925c-0cc931df38ff,110.0,4.583333333333333,203.18291541666667,1026.625,1.9583333333333333,0.004042130763471349,0.0019394149501786877,0.04022654149146967,0.0,0.2916666666666667,0.0,0.0,0.0,24,7,0.2916666666666667,1,696.6271385714286,0.0,696.6271385714286,0.0,0.0,0.0
2c3ad46a-984c-4d7b-bb90-456e6bb747db,123.0,5.125,174.42541666666668,1297.125,3.875,0.002486163030793446,0.003073827428805029,0.002202126213531846,0.0,0.19285236953625606,0.03304190709331468,0.0,0.024105723370429256,24,6,0.25,1,697.7016666666667,0.0,641.7133333333334,37.79333333333333,0.0,18.195
2c52c3ae-70a7-4a44-be50-b86c7e2cdd1d,332.0,13.833333333333334,3009.220416666667,9154.333333333334,24.166666666666668,0.012184853562300445,0.002665423009683496,0.0033876214502332296,0.24286263321070567,0.2789554212069999,0.0011067158787116751,0.0,0.11390087469630743,24,16,0.6666666666666666,1,4513.8306250000005,1856.0699937500003,1369.87,14.776250000000001,0.0,965.55
2c69fbd4-753f-477f-bb2c-887bec7765ab,284.0,11.833333333333334,174.89874999999998,3067.3333333333335,5.875,0.004000817884357638,0.00195679641456525,0.009725071917489971,0.0,0.25,0.0,0.0,0.0,24,6,0.25,1,699.5949999999999,0.0,699.5949999999999,0.0,0.0,0.0
2cc2456c-60d1-42a4-8f85-85960dd2ab56,666.0,27.75,5640.989166666666,15539.875,32.166666666666664,0.019908038342073286,0.0021250908562501294,0.0024055925854652876,0.3892947397044197,0.11743022028514882,0.0,0.0,0.14968486134239856,24,16,0.6666666666666666,1,8461.48375,4837.166875,1549.174375,0.0,0.0,1987.5750000000003
2cdfd2a3-05ff-4b67-9ade-3fcb6f080464,74.0,3.0833333333333335,0.0,13750.958333333334,5.125,0.0,0.0005381093248234111,0.0,0.0,0.0,0.0,0.0,0.0,24,0,0.0,0,0.0,0.0,0.0,0.0,0.0,0.0
2d08e528-181f-4de5-a7a0-65de6b15975c,398.0,16.583333333333332,1511.8670833333333,11716.333333333334,33.0,0.009568667846944824,0.0029375275708310917,0.0071964550241577704,0.26950895131896074,0.2577249281133332,0.13343104644045342,0.0,0.004416938929379237,24,16,0.6666666666666666,1,2267.800625,1110.4962500000001,766.531875,378.65125125,0.0,5.2725
2d253f9a-d2fd-4198-a340-a8d111df0ca7,1084.0,45.166666666666664,16465.303333333333,15103.958333333334,39.958333333333336,0.010797499176252312,0.002680089165272971,0.0012516710369270875,0.5269915720807453,0.06572750911718285,0.0003044147407356875,0.0,0.07329741482438361,24,16,0.6666666666666666,1,24697.955,19765.599374999998,2324.671875,13.19,0.0,2582.9681312499997
2d2f0437-1edf-464e-9e2a-35a3c4ca0219,12.0,0.5,0.0,509.2916666666667,0.5416666666666666,0.0,8.555286415252499e-05,0.0,0.0,0.0,0.0,0.0,0.0,24,0,0.0,0,0.0,0.0,0.0,0.0,0.0,0.0
2d4eb9fb-0bfe-4323-a972-23c45ad135e3,825.0,34.375,7906.189583333333,11884.541666666666,21.041666666666668,0.012835241985813808,0.0017610129102594667,0.0019194777917257086,0.14596206336781725,0.3280994686377648,0.0006764240861107792,0.0,0.0059375065349558,24,16,0.6666666666666666,1,11859.284375,2542.45875,5953.1362500000005,10.55875,0.0,88.99687499999999
2d54d755-c0fe-4614-a6ec-68b4ef44e943,166.0,6.916666666666667,1133.86125,1740.8333333333333,2.6666666666666665,0.00699377472823932,0.00540687197111667,0.009294764898965366,0.2063361697335303,0.24768033161990907,0.022072761732051995,0.0,0.0239107365938547,24,12,0.5,1,2267.7225000000003,1353.26,620.1449974999999,141.90666666666667,0.0,152.41083358333333
2d9c6ae7-0dcd-4313-b4f8-892191b86585,644.0,26.833333333333332,893.83,9399.625,9.333333333333334,0.010208525118070563,0.0009921709080893334,0.026942359259030824,0.0,0.08814609694752669,0.0,0.0,0.3698873777027755,24,11,0.4583333333333333,1,1950.1745454545455,0.0,32.10909090909091,0.0,0.0,1915.8490909090908
2db8670a-41c9-4dee-95ad-9c26271ebcf5,804.0,33.5,1737.4437503333336,32414.75,23.25,0.008781730512223383,0.0007546750474245875,0.049255820268789295,0.36940183015119876,0.10817534913125244,0.002184957531583754,0.0026475485439315083,0.0013385662761672666,24,12,0.5,1,3474.887500666667,2715.034166666667,325.2691673333333,28.675,63.6800025,9.602499666666667
2db87282-5fe5-4e57-8b25-49e0d9b2be92,607.0,25.291666666666668,4356.66,10429.708333333334,6.208333333333333,0.01670743532091135,0.0006056661668831959,0.0026079645039118957,0.5012940473522244,0.1424727360074282,0.0,0.0,0.02117825941353906,24,16,0.6666666666666666,1,6534.99,4933.81625,1370.6799999999998,0.0,0.0,211.70000000000002
2dc7e49c-d738-4d2a-beea-ee0f52a39b58,446.0,18.583333333333332,3606.2887499999997,7796.375,7.833333333333333,0.011723588986900237,0.0010162300563262376,0.0024614573398218207,0.22425544521490925,0.20632396557782953,0.0012420986401263708,0.0,0.23463727213282914,24,16,0.6666666666666666,1,5409.433125,1782.731875,1666.771876875,10.20625,0.0,1947.7337499999999
2ddc4fcc-0b7d-4fe8-b88a-d8c39044b275,563.0,23.458333333333332,4193.4970791666665,16347.541666666666,49.041666666666664,0.01171327742766739,0.002970853728195621,0.010608145844955683,0.39582272617345104,0.079071389122554,0.0320896796739382,0.0,0.04958516580127106,24,14,0.5833333333333334,1,7188.852135714286,5080.578564285714,575.2578571428571,352.31142857142856,0.0,651.6042857142857
2de4fa5a-db82-41aa-869f-e33a65ad4dc6,212.0,8.833333333333334,1352.9154166666665,3553.7916666666665,9.166666666666666,0.0033522709045028833,0.002568045844472879,0.00478336292989925,0.08144004952618288,0.19730207170926892,0.05459121209788157,0.0,0.0,24,8,0.3333333333333333,1,4058.74625,990.43875,2898.0012500000003,170.30624999999998,0.0,0.0
2e06d449-0c3c-4352-88b4-9bb6ca9fc98a,1206.0,50.25,725.1941664583334,15191.5,35.041666666666664,0.0040265440985818544,0.0023414485469120125,1.995958390178273,0.09500957871408879,0.13566352216566627,0.0,0.0,0.015992902317927275,24,11,0.4583333333333333,1,1582.241817727273,1094.148181818182,194.62363863636364,0.0,0.0,184.34363363636365
2e11ce59-a57c-4486-ad98-24679c296589,754.0,31.416666666666668,1867.975416666667,21614.666666666668,88.45833333333333,0.017462400692970167,0.004168283087568646,0.013702617499255242,0.1533867482612252,0.35276209219226917,0.06170076671740799,0.0,0.0068365407808780665,24,16,0.6666666666666666,1,2801.963125,597.434375,1393.91436875,213.98625,0.0,45.1999996875
2e20e44c-b8c6-4096-8a02-6839e0f328c3,64.0,2.6666666666666665,33.117916666666666,1005.5416666666666,1.0416666666666667,0.0016511777582990251,0.0011098131429324875,0.014404398614525084,0.0,0.16666666666666666,0.041666666666666664,0.0,0.0,24,5,0.20833333333333334,1,158.96599999999998,0.0,138.388,20.578,0.0,0.0
2e670d61-4ebe-4e7f-a603-80d9bc965a02,942.0,39.25,5848.03625,14481.208333333334,30.583333333333332,0.013080017081672862,0.0021470132806277833,0.0028846124533463587,0.44612544234304075,0.0102145432587656,0.09566841774001437,0.0,0.09688111667934211,24,16,0.6666666666666666,1,8772.054375,5774.363125,136.70625,1297.97750625,0.0,1319.6718750625
2e7c1288-bd99-4090-865d-9ebc34b928ac,579.0,24.125,5804.378537500001,13064.166666666666,42.75,0.012928392210568455,0.0034886857847000203,0.002563803888226796,0.30546389120121653,0.07746415574920852,0.017385040417532763,0.0014476606229003666,0.2396914429087832,24,16,0.6666666666666666,1,8706.567806250001,3757.89498125,840.1171668750001,232.51718125,24.5337875,3412.45831875
2ebb4cbf-4473-4442-9108-9ab51aa2be65,541.0,22.541666666666668,3027.57875,15668.291666666666,36.791666666666664,0.012360979751368776,0.002429004573266304,0.011446806948583783,0.15995542094556356,0.4117846218625368,0.029292277467104652,0.0,0.06462787301627938,24,16,0.6666666666666666,1,4541.368125,1412.24,2581.12813125,14.178749999999999,0.0,521.193125
2f0ed5c7-b7b6-4e69-9db8-3f3cd2bcfbb7,4526.0,188.58333333333334,2582.876666666667,107673.16666666667,314.7916666666667,0.009268583871153991,0.002867108697405375,0.46686347457239213,0.03560865159288112,0.03533581172559691,0.0031588753992697004,0.010792638193169125,0.12261732557071188,24,16,0.6666666666666666,1,3874.3150000000005,70.278125,78.84625,13.261875,45.310625,2657.153125
2f0fb49e-9fc8-42db-8cd0-9d985b1322a3,101.0,4.208333333333333,148.03541625,3517.5,7.166666666666667,0.0035297579940716164,0.002096159623630125,0.01171965234286005,0.0,0.25,0.041666666666666664,0.0,0.0,24,7,0.2916666666666667,1,507.54999857142855,0.0,487.82285571428565,19.72714285714286,0.0,0.0
2f29f187-871f-43ff-9070-c67a4a50807d,13.0,0.5416666666666666,0.0,979.1666666666666,5.666666666666667,0.0,0.003861827308158283,0.0,0.0,0.0,0.0,0.0,0.0,24,0,0.0,0,0.0,0.0,0.0,0.0,0.0,0.0
2f2c8e90-53f6-4613-a41c-399651020e39,488.0,20.333333333333332,3350.142916666667,12864.916666666666,25.791666666666668,0.008326278147461104,0.002706519603360904,0.00297921338922195,0.26772830027140554,0.12447395392585076,0.14494348437549726,0.009912988488580896,0.09714657298957448,24,16,0.6666666666666666,1,5025.2143750000005,1800.0625,1001.0849937500001,1339.4950000000001,77.0025,627.9375
2f325288-6e67-4405-8916-8fabd775609e,864.0,36.0,7086.22625,28272.625,91.33333333333333,0.016318992312045293,0.0032813453806827455,0.0021557610035723624,0.453100181150815,0.0044433687026817666,0.04261271858680999,0.007820677358452613,0.11559270006521209,24,15,0.625,1,11337.961999999998,8848.074,105.92600026666666,782.2959999999999,183.92266667333334,1387.4520000000002
2faa4e79-7dde-4f14-af50-f4917a7fe8eb,1206.0,50.25,1742.805833320833,42494.458333333336,75.875,0.005183527315531496,0.001893888792316896,0.5397252808312024,0.0,0.4580758345464428,0.0,0.0,0.0,24,13,0.5416666666666666,1,3217.4876922846156,0.0,3213.533076923077,0.0,0.0,0.0
2fc9458b-a85e-4df4-87bf-bbc3f8a28530,240.0,10.0,1791.6858333333332,7096.833333333333,21.416666666666668,0.009976182493511366,0.003202855465698909,0.07309699661804187,0.19369820977133523,0.11261358358949686,0.1368977335910143,0.0,0.02354232788731116,24,13,0.5416666666666666,1,3307.727692307693,2129.0176923076924,355.49692538461534,244.44615384615386,0.0,218.30615230769232
2fe336b8-f3b7-4098-92ce-ce240e338dc0,322.0,13.416666666666666,4460.666249999999,8121.25,11.5,0.010261921025512112,0.0014005840712093167,0.0015992814034708168,0.2576619878185258,0.09817571902262912,0.22011794218746816,0.0,0.07074808126171765,24,16,0.6666666666666666,1,6690.999374999999,2329.271873125,911.30562575,2605.04374375,0.0,665.9225
2ffff40c-f604-4721-bb5f-a7913701bd95,512.0,21.333333333333332,1431.9691666666668,13591.166666666666,11.625,0.00853326306992827,0.0009783166690382292,0.13946861036137503,0.2611562760711296,0.1682094623978565,0.002685261825018771,0.0,0.0041668016949613544,24,14,0.5833333333333334,1,2454.8042857142864,1190.5914285714287,753.6692857142856,16.795714285714286,0.0,6.019285714285715
30000394-681b-4433-9e41-23ea0fb85e5c,120.0,5.0,1612.95875,3234.5416666666665,3.1666666666666665,0.014835269629900187,0.0009835515358751958,0.0016442727897379207,0.1702226599678287,0.09616045849679537,0.22013378517058846,0.0,0.06241616040546174,24,16,0.6666666666666666,1,2419.438125,1005.34375,240.460625,408.424375,0.0,463.269375
3026a2ce-0bf7-4cb9-9a3b-21d0a0782107,835.0,34.791666666666664,1419.0529166666668,16890.5,44.375,0.004409260485323338,0.002596398651056029,1.6594355871146542,0.2841145825486216,0.16828904061687763,0.0,0.0,0.0,24,14,0.5833333333333334,1,2432.6621428571425,1904.0428571428572,118.15928571428572,0.0,0.0,0.0
30306224-7b9d-4d0b-9964-27c60711e8ec,741.0,30.875,2572.58375,28571.125,34.0,0.018856911310656154,0.002096663886928146,0.005839012350737155,0.4184886670330033,0.02483622483078753,0.0034655252345444794,0.0,0.14281809926591668,24,16,0.6666666666666666,1,3858.8756249999997,2155.3125,98.298748875,14.68875,0.0,1031.20186875
30377878-760e-44f3-a8b4-ebed366f1282,298.0,12.416666666666666,2807.0066666666667,7272.416666666667,19.208333333333332,0.009640082246533297,0.002674732478947921,0.00238587258247985,0.18333452106133521,0.1182359275264072,0.19004336324851687,0.0,0.12970193273287664,24,16,0.6666666666666666,1,4210.51,1237.40875,843.9931250000001,1027.8906231249998,0.0,844.8825003750001
3039ca74-65a4-4c0f-9af3-091950c05a0b,986.0,41.083333333333336,3970.4812500416665,8255.041666666666,66.29166666666667,0.005487263185601104,0.008527420153760913,0.15547393951987964,0.031057044974704223,0.3127147643621879,0.0036378767572836125,0.011871940187836605,0.031142706085410764,24,16,0.6666666666666666,1,5955.7218750625,35.083125,5223.313125,13.884375,45.310625,151.68813125
3043bda7-efe9-4ed3-80e8-da3efb39b5f7,337.0,14.041666666666666,3182.0129166666666,7224.791666666667,17.166666666666668,0.012265406853447383,0.002364188270242254,0.004265891396781512,0.27781561846701597,0.3290050532570841,0.05867478320128879,0.0,0.0,24,16,0.6666666666666666,1,4773.019375,2219.46,2005.18625,540.31375,0.0,0.0
30626310-18cb-4d87-8540-4ceaf40fa31a,962.0,40.083333333333336,8104.57,21390.583333333332,47.625,0.01154414255600951,0.0022779219588939126,0.0022784549054972003,0.29538235994769263,0.10970230523178047,0.16672780982755286,0.0,0.04057799832496318,24,16,0.6666666666666666,1,12156.855,5310.274375,1911.9525000000003,3267.68750625,0.0,735.098120625
30774a69-6bca-46a3-85df-336e99f68670,323.0,13.458333333333334,261.29875,1767.1666666666667,8.25,0.0025526173881841915,0.004941924138770958,1.2462022168785476,0.0,0.20689254089749362,0.0,0.0,0.0,24,13,0.5416666666666666,1,482.3976923076924,0.0,112.41538461538462,0.0,0.0,0.0
309eb06a-936f-4b29-ac3a-ab168f21aaf6,689.0,28.708333333333332,8776.059166666666,20809.083333333332,27.166666666666668,0.004877764439129341,0.0013452543396941582,0.0013420000030830669,0.40420766439198275,0.006184314453977787,0.06034956517529977,0.0,0.06593199655543673,24,16,0.6666666666666666,1,13164.088749999999,7741.50625,106.61125000000001,1161.87875625,0.0,1462.95812625
30a47564-9001-4291-881a-3960d17474df,1566.0,65.25,5326.205416666667,9614.333333333334,57.791666666666664,0.014341373138195302,0.00616184348927253,0.009474149439378021,0.34903007698752514,0.02365391459736435,0.0,0.0,0.27802132149957787,24,16,0.6666666666666666,1,7989.3081250000005,3338.8062499999996,146.19187525,0.0,0.0,4337.604993749999
30afcfc0-84ad-4089-913e-05cade2094e3,479.0,19.958333333333332,4936.820833333333,8903.083333333334,11.333333333333334,0.01229645242804088,0.0012573919751310916,0.0018120370665604916,0.36842963022882486,0.12965277738074255,0.011216527263518905,0.0,0.14786814671299386,24,16,0.6666666666666666,1,7405.23125,3949.0856249999997,1447.814375,154.32,0.0,1698.5318750000001
30c78551-5267-45ac-8720-9c7c8094ffcd,722.0,30.083333333333332,17438.920416666664,23394.958333333332,106.20833333333333,0.014112832127929026,0.005130306649275338,0.0007760403766599,0.4403393860686493,0.07445404228092085,0.009401497255918016,0.0035847721025207666,0.1388401435054076,24,16,0.6666666666666666,1,26158.380624999998,17221.176875,2983.2706187500003,324.72312475,143.3825,5483.843125
30df41d2-722c-4409-bad2-08803a1a7dc3,373.0,15.541666666666666,2743.7304166666668,8894.291666666666,13.583333333333334,0.013254966176427727,0.002188696592891733,0.827880565291276,0.35176610836051986,0.09591242751500023,0.07766849292330591,0.0,0.0983553591284156,24,16,0.6666666666666666,1,4115.595625,1838.2662499999997,861.235625,515.02437375,0.0,896.4306268749999
30fc5c36-6e4d-4269-a971-61ccf8d450c8,959.0,39.958333333333336,1757.5883333333331,12115.708333333334,56.916666666666664,0.004732782714809342,0.004794424655479171,0.04505250335449629,0.36824835398357664,0.14020108381343171,0.011614163533036433,0.009815008494825703,0.0,24,14,0.5833333333333334,1,3013.008571428572,2000.7557142857145,632.4114285714286,81.2492857142857,44.89571428571429,0.0
311b694d-6d40-40b3-915b-e039f5c5835e,488.0,20.333333333333332,2467.6666708333337,12315.083333333334,15.666666666666666,0.011110474932996337,0.0013345505733153168,0.020901823665225153,0.3347450509245646,0.16915462462648656,0.10597628921986202,0.02499342201344176,0.02863293364651752,24,16,0.6666666666666666,1,3701.5000062500003,2409.2418749999997,115.199375,661.518125,213.49875,278.279375
3121b656-3ca2-479c-9d7c-9795f4680111,766.0,31.916666666666668,1585.0466625000001,10831.5,28.166666666666668,0.006814111665886945,0.0028172866585515835,0.01561634183632208,0.16054923834457643,0.18488929573975857,0.011628035634124288,0.0,0.30457612809342116,24,16,0.6666666666666666,1,2377.5699937500003,562.5693737500001,772.4949981249999,9.195625,0.0,1018.97436875
3136e8aa-1348-41b1-a157-aa7340998456,1457.0,60.708333333333336,3784.869166666667,20925.791666666668,84.58333333333333,0.012197154014430422,0.004479609399971675,0.008967453309963324,0.22980487867282987,0.014398093207920843,0.29019261635195137,0.0,0.05014880325133511,24,16,0.6666666666666666,1,5677.30375,1668.673125,110.993125,2579.38499375,0.0,471.09875
313c4074-55ad-4121-b1c6-a8b720460fb4,1633.0,68.04166666666667,11655.830416666666,43950.25,54.375,0.017811968352587883,0.0012372663262550834,0.023288546608590237,0.2252038350915526,0.1280809186476551,0.06067104248897576,0.02085668852936925,0.09939607097993268,24,16,0.6666666666666666,1,17483.745625,7193.036249999999,3023.2893750000003,50.701875,24.82375,2738.901875
3141c8df-452f-4adb-be62-846cfd0604a8,3169.0,132.04166666666666,34832.00041666667,66402.375,223.66666666666666,0.02008001872940569,0.003223469345366412,0.0015756970711898292,0.4032647988962073,0.07095042055884697,0.0027708318402692327,0.001961207599180817,0.07023075973549231,24,16,0.6666666666666666,1,52248.000625,30673.07,5837.9425,221.763125,96.670625,5153.605
3142b3ae-6c18-4742-8c0e-aae70527acd1,1623.0,67.625,9685.890416666667,27671.166666666668,103.41666666666667,0.012111391716053492,0.003707618649701854,0.003852589526101862,0.40617871295804875,0.16788138005065092,0.0512737251114865,0.003075563779366273,0.010354065899084382,24,16,0.6666666666666666,1,14528.835625,8795.34560625,3658.994375,1173.3856250000001,21.4343750003125,235.648125
3147b159-93d3-4ef9-9bc1-267fd1b7c732,3984.0,166.0,41100.722499999996,65649.41666666667,288.5416666666667,0.011230929346788454,0.004619511224866521,0.001747456874313221,0.37499425976606,0.10089238571164001,0.02258972055992842,0.0,0.13219815035127488,24,16,0.6666666666666666,1,61651.08374999999,32977.175,9984.41685625,1979.29125,0.0,12048.831250000001
314b30ad-909d-4c6e-b3d3-b14f872bf264,400.0,16.666666666666668,2644.227083333333,14278.041666666666,19.75,0.03132999222511106,0.001335925144465775,0.0038815401204081793,0.6546484555128824,0.005040878550153225,0.004722967723452096,0.0,0.0019108044875552376,24,16,0.6666666666666666,1,3966.340625,3922.2531249999997,20.044999750000002,15.84125,0.0,5.623125
31554367-5020-477b-8b99-c9fb9d669b57,1122.0,46.75,7687.2562916666675,27438.041666666668,49.666666666666664,0.02335555074686714,0.0019249947443301541,0.0064693280178493165,0.40145477578197286,0.09193819000744628,0.0012573087787473083,0.015638753511656122,0.12068328043991516,24,16,0.6666666666666666,1,11530.8844375,7580.516250000001,439.21375,28.071250000000003,312.499375,2507.78564375
315f686b-ce01-4284-8541-d4345a1a0061,1587.0,66.125,6890.063729166667,22031.416666666668,62.5,0.018252473532550176,0.0029701406144476542,0.004670833167159699,0.4725783147566167,0.07334391347682857,0.07008313323550734,0.0,0.050593033707543006,24,16,0.6666666666666666,1,10335.09559375,7591.543125,976.02686875,1002.0574999999999,0.0,764.1331243750001
316bb229-344a-4648-99f3-8150502c2333,1806.0,75.25,13505.01333333333,30761.708333333332,158.20833333333334,0.008272483615986774,0.005282075944828821,0.002669208037289296,0.29533886482515503,0.19491113995004683,0.045912283248120245,0.014683149259687852,0.09393394247951158,24,16,0.6666666666666666,1,20257.519999999997,8734.565625,6163.57,1387.373125,450.0631275,2973.295
316e5b69-5a97-4b83-af43-ea08fa718e81,60.0,2.5,94.83874999583334,1934.2916666666667,6.208333333333333,0.0010466883755381083,0.003400569411784979,0.12424445394220768,0.19840050983480664,0.08333333333333333,0.0,0.0,0.0,24,10,0.4166666666666667,1,227.61299999,210.24,16.083,0.0,0.0,0.0
31ac9029-c8e2-4f18-bbf1-723a053af6e8,1296.0,54.0,648.7704166675,16031.666666666666,50.75,0.00243793050689635,0.0031127946287358246,9.164108437781605,0.0,0.24999406169297433,0.0,0.0,0.0,24,11,0.4583333333333333,1,1415.499090910909,0.0,1410.7572727272727,0.0,0.0,0.0
320491c4-67cb-4d9c-ae75-f5ec1e6ee09c,262.0,10.916666666666666,629.5004166666666,4929.125,2.8333333333333335,0.0020237769736444248,0.04199335922364203,0.0034619187453311163,0.041666666666666664,0.0015971512331715125,0.24840284876682847,0.0,0.0,24,7,0.2916666666666667,1,2158.287142857143,356.65714285714284,9.947142857142856,1791.6828571428573,0.0,0.0
322353da-6116-4f03-93d3-17a6cfc5c756,465.0,19.375,9593.62375,21113.541666666668,40.75,0.008284705845373143,0.0021228575889093207,0.0027026348954321626,0.2275856754628137,0.1781464866558525,0.051059806404297046,0.0,0.1620697774818157,24,16,0.6666666666666666,1,14390.435625000002,7788.96875,2931.480625,733.2087493749999,0.0,2447.130625
328e2d1c-6d2e-47fc-8ec2-1dcc4cfb8dee,172.0,7.166666666666667,3274.9300125000004,4632.625,8.625,0.01977924065310274,0.0021688327576371833,0.0010459528307459624,0.3651986207959832,0.24247225323197422,0.0,0.0,0.0018686901512577209,24,16,0.6666666666666666,1,4912.39501875,2669.9537499999997,1744.84500625,0.0,0.0,17.265625
32a322e8-c329-4576-bc3f-2b0d18c98cc8,357.0,14.875,3836.9474999999998,6190.875,15.916666666666666,0.016663639857128324,0.0025879497033765874,0.0018796502755551168,0.5080113233460004,0.04955022233951017,0.038746201507937665,0.0,0.07022568350625062,24,16,0.6666666666666666,1,5755.421249999999,4298.448125,479.38000124999996,314.35,0.0,662.10375
32d8b02b-408e-4c0b-8f22-7f456bbac58b,73.0,3.0416666666666665,1234.1858333333334,1898.4166666666667,3.4583333333333335,0.0011851845667553876,0.0005614537093465249,0.0009400092417706042,0.026379872616558987,0.01161659173562025,0.05699164560541062,0.0,0.03001189004241014,24,3,0.125,1,9873.486666666666,2501.8133333333335,2293.21,3214.9400000000005,0.0,1863.5233333333333
331d01dd-f10b-49a5-94b3-37c701b731f7,444.0,18.5,485.16000125,12912.75,19.583333333333332,0.005871578161570179,0.0015963023437297874,0.49640490284996175,0.0,0.17298726455794464,0.21198354508851394,0.02536252156478762,0.045827367556389165,24,12,0.5,1,970.3200025,0.0,102.79916833333333,824.9575,18.131666666666668,23.186666666666667
335f8655-c176-469c-8678-bc406539a391,1205.0,50.208333333333336,11414.650833333333,36644.208333333336,196.66666666666666,0.02634163587659562,0.005367115462561442,0.0021748431006181207,0.3538140812370066,0.06180444546174388,0.07170691254901507,0.0,0.005927027847941483,24,16,0.6666666666666666,1,17121.97625,8640.79560625,1522.570625,1864.3537499999998,0.0,156.55624999999998
33752546-be8f-4bc9-a1a6-c3e9970e980d,1132.0,47.166666666666664,50799.70041666667,45133.833333333336,89.125,0.02261814243555577,0.0015068776277511126,0.011488476196016227,0.5143423861568434,0.07368890498148097,0.0032401801967409083,0.0015308067535956833,0.04742873489587365,24,16,0.6666666666666666,1,76199.550625,62099.855625,3173.9606249999997,174.90437500000002,166.801875,5446.24748125
339b8974-4ceb-45af-96a2-8c91c1bad0db,1105.0,46.041666666666664,11975.45875,38118.041666666664,160.375,0.024407808292207057,0.004430923256268209,0.0017439624039510583,0.29558836060165383,0.1395637247448547,0.011379989685125921,0.0,0.0006920185503724374,24,16,0.6666666666666666,1,17963.188125,8000.618125,3797.75563125,300.21187318750003,0.0,18.511874999999996
339f8166-c5ba-4a66-8a7c-6ea4d3639854,234.0,9.75,5926.061645833334,19342.25,7.875,0.019066169300309056,0.0004474305140475241,0.0008086320969589583,0.16051705006178385,0.26752860574521214,0.0015725055859076584,0.0,0.21812018474091924,24,16,0.6666666666666666,1,8889.092468750001,2180.554375,3484.59249375,25.048125,0.0,2923.07749375
33e2dc23-557e-417b-8936-b6c016a72b7b,107.0,4.458333333333333,412.51582916666666,4419.0,5.625,0.012500000000000002,0.0015466026301414583,0.0005554577950655917,0.25,0.0,0.0,0.0,0.0,24,6,0.25,1,1650.0633166666667,1650.0633166666667,0.0,0.0,0.0,0.0
33f1ac76-57b5-4b7b-9113-0d41fdf4a00e,1009.0,42.041666666666664,6704.104166666667,12215.541666666666,32.125,0.014140325459073538,0.042429103698341776,0.00280260929839247,0.3384483914776298,0.10241968675019701,0.0939238222316779,0.006287415140038155,0.11495417509189719,24,16,0.6666666666666666,1,10056.15625,4927.13125,1797.16375,1333.6681374999998,102.479376875,1716.24936875
33f9987c-df7c-4916-aa82-3326517b6de2,187.0,7.791666666666667,997.4958333333334,6510.625,5.541666666666667,0.01008966560302055,0.000878774873633,0.007886711045270361,0.1604266950352587,0.3102252721529546,0.03370124691895027,0.0,0.12064678589283641,24,15,0.625,1,1595.993333333333,538.7979999999999,704.2826666666665,9.917333333333334,0.0,342.99533333333335
341fe8d8-e7e9-4ad7-8a2f-627fdb9a6a18,961.0,40.041666666666664,12212.766666666668,23300.083333333332,62.0,0.01338207079126015,0.002963466719208066,0.0015781398181631708,0.4010406720037359,0.06736537290346643,0.011448528964459246,0.002400420915927942,0.1274973039698166,24,16,0.6666666666666666,1,18319.15,10810.9875,1900.885,368.78562500000004,71.605,3418.725625
3456da23-5851-41c9-ba00-5ac9fe9611c1,118.0,4.916666666666667,2330.0741666666668,6627.583333333333,15.25,0.01143828680994996,0.002857523317081421,0.0007568476908292459,0.24033739885617522,0.13381239143128723,0.0,0.0,0.0008502097125375666,24,9,0.375,1,6213.531111111111,5459.763333333332,730.1166666666666,0.0,0.0,23.651111111111113
346f2b4c-d655-47bd-8935-735006025397,1783.0,74.29166666666667,13593.16125,19006.583333333332,104.16666666666667,0.0070525381181403375,0.005622309754997188,0.0026132778878207082,0.39485791564858824,0.10546963975571887,0.0,0.0,0.14081716654432833,24,16,0.6666666666666666,1,20389.741875,11869.216875000002,3320.915,0.0,0.0,4393.56376875
3475f75c-40d7-4648-8ea2-0c90b79c63d3,1158.0,48.25,7889.597083333334,19993.083333333332,73.0,0.013927441030607004,0.005619680687383808,0.0036999638260650663,0.3678688376324815,0.08657136335346725,0.0943792688892507,0.0,0.09209840794047908,24,16,0.6666666666666666,1,11834.395625000001,6959.125,1208.41937625,2170.8125,0.0,1208.0
34774b53-ae89-466b-89c1-706033cbbbec,155.0,6.458333333333333,430.04833333333335,2921.625,4.625,0.007007625349431372,0.001599334892918158,0.0021780957938676254,0.14164556637831313,0.15898578961074752,0.032701977344272624,0.0,0.0,24,8,0.3333333333333333,1,1290.145,660.5487499999999,453.85875000000004,175.7375,0.0,0.0
347bbf63-917c-4d52-8b06-5bf2f616bcf1,231.0,9.625,734.1533333333333,1794.875,8.416666666666666,0.01010000783297241,0.004895863855627933,0.00658829997016758,0.27691976229215665,0.08319989178757224,0.3065470108092999,0.0,0.0,24,16,0.6666666666666666,1,1101.23,421.42499999999995,212.89687500000002,466.9081225,0.0,0.0
347d90e8-8597-4daf-a039-622af1a3e782,258.0,10.75,1101.9766654166667,5816.0,17.25,0.017911676121350698,0.0031719319700417004,0.003263102476210983,0.44807837715770554,0.1769216228422944,0.0,0.0,0.0,24,15,0.625,1,1763.1626646666664,1155.726664666667,607.436,0.0,0.0,0.0
34869b04-f48b-4be1-9537-5ea35ecc0e40,418.0,17.416666666666668,6275.865416666667,15399.375,30.166666666666668,0.015095205492269184,0.001936437505187471,0.0015553510460395291,0.4217945038308475,0.05129908812262705,0.054479477150222416,0.0,0.13472622492392697,24,16,0.6666666666666666,1,9413.798125000001,5782.8675,734.1893749999999,480.813125,0.0,2294.291875
3495f987-f9fa-4be2-ac2b-8e83db421141,627.0,26.125,5553.103333333333,8470.916666666666,36.791666666666664,0.012791332419219129,0.004372015208697979,0.002242872816208725,0.46884587528746097,0.10702590411962609,0.028097772675447674,0.0,0.06259979724426247,24,16,0.6666666666666666,1,8329.654999999999,5754.641250000001,1433.19,359.053125,0.0,781.703125
3496a202-5d77-4290-9a98-2fc091e5fbff,111.0,4.625,3353.9187500000003,1560.875,5.416666666666667,0.00502286704363605,0.0041126194097948375,0.0006115552284275499,0.5445882108998306,0.042154395951346756,0.07992405981548924,0.0,0.0,24,16,0.6666666666666666,1,5030.878125,3671.11125,824.815,534.951875,0.0,0.0
34ae1ac1-6201-4946-aa2b-f33e125d5d2e,812.0,33.833333333333336,3071.0779166666666,13570.0,34.291666666666664,0.02611614007557561,0.002646170832845592,0.0049216623679657545,0.5483566477465254,0.09945224158103139,0.009523354271939259,0.0,0.0,24,16,0.6666666666666666,1,4606.616875,3688.4656187499995,807.8068750000001,57.135625000000005,0.0,0.0
35084643-57df-4a5e-94c7-9b825958f91d,279.0,11.625,513.9566666666666,4925.625,7.833333333333333,0.00314165269401435,0.002019457185499771,0.009515806875976937,0.3703391892948387,0.0870285796220705,0.0,0.0,0.0,24,11,0.4583333333333333,1,1121.36,1079.6709118181818,38.53727272727272,0.0,0.0,0.0
3553e365-3487-44f4-88a0-f4e995602537,881.0,36.708333333333336,2884.4129166666667,10657.875,14.625,0.00939875441795183,0.0014016399174657833,0.014255987732827971,0.10160817937879424,0.03941816756926537,0.03605536198395356,0.0,0.44746395416197354,24,15,0.625,1,4615.060666666666,1444.4019999999998,24.918,270.242,0.0,2871.6160003333334
35587204-84f0-4067-aedd-f7539e3453ba,81.0,3.375,369.74541666666664,8862.375,18.208333333333332,0.01514029595234745,0.003151531821494925,0.0012309254967995582,0.3223795649682272,0.0,0.0,0.0,0.01095376836510617,24,8,0.3333333333333333,1,1109.23625,1087.6375,0.0,0.0,0.0,21.59875
3561b935-9cf1-43f4-8172-705c4802bd37,1571.0,65.45833333333333,19033.967916666665,27491.291666666668,107.75,0.024296044615196927,0.004223895712756438,0.0016007895086186958,0.4835218736990948,0.025803585192051056,0.013691035576920316,0.0,0.05425394519312415,24,16,0.6666666666666666,1,28550.951875,20276.151875,1210.7575000000002,606.839375,0.0,2577.635625
35713181-0d5c-4685-9d88-073b7a573872,299.0,12.458333333333334,2018.024583333333,8468.041666666666,16.5,0.009419560780700425,0.0022461890335650834,0.5929212787298809,0.22263867405425497,0.20988736776481107,0.12489792585333986,0.0,0.0662778735478899,24,16,0.6666666666666666,1,3027.036875,1953.06,421.53875,116.7025,0.0,533.441875
35a692b7-1b97-4090-9ca2-0bc6b19c19f2,662.0,27.583333333333332,656.5116625,14269.125,25.791666666666668,0.006459550315840463,0.0018004767364923,0.42150968172639924,0.0,0.316850874991242,0.036418810710490475,0.0,0.02009735438035729,24,14,0.5833333333333334,1,1125.4485642857144,0.0,837.2364285714285,13.904285714285715,0.0,21.799285714285713
35bafe89-a75b-41e3-8eeb-2d5a456132c9,1328.0,55.333333333333336,2655.775833333333,26195.958333333332,21.125,0.006341245956008201,0.0008195240646213167,0.023730893266828767,0.028481164991816642,0.4835899903055714,0.060063006058418515,0.0,0.027923131767573727,24,15,0.625,1,4249.241333333334,45.75533333333333,4003.234000000001,55.32333333333333,0.0,41.258
35c8aca7-e230-496a-a1a1-c7497f63a3e6,878.0,36.583333333333336,5921.0720833333335,19781.041666666668,36.208333333333336,0.02266475488121431,0.0018758904271525666,0.0027695369404951453,0.4648151167738923,0.03717184568682367,0.0009894908518969583,0.0,0.11641628428377442,24,16,0.6666666666666666,1,8881.608125,6000.484375,554.606875025,14.05125,0.0,1639.64812625
35c92643-b03f-4937-be2e-7e48efe2a287,995.0,41.458333333333336,10118.2325,20210.041666666668,25.041666666666668,0.013633383779961658,0.0012175950790470167,0.001845542770029283,0.23231940578151752,0.15729182584666343,0.03702877248367228,0.020676323791954703,0.07854797468877382,24,16,0.6666666666666666,1,15177.348750000001,4758.613125,3648.93,864.535625,545.090630625,1861.065
35cb9ed4-cb74-4d18-a381-fed0c3aaf1af,964.0,40.166666666666664,4143.795416666667,8808.541666666666,17.041666666666668,0.008530663579189407,0.0019966559780101455,0.004033692740067008,0.3022636008684711,0.005548494575945883,0.0873831806144441,0.0,0.2705326524187864,24,16,0.6666666666666666,1,6215.693125,2742.3275000000003,38.880625,680.746875,0.0,2742.591875
35d21eb0-a4dc-4897-bdba-d7ae5081695b,386.0,16.083333333333332,1919.2241666666669,10599.291666666666,10.958333333333334,0.007192882715785987,0.0011104401950758583,0.1286004861148991,0.251924953534143,0.027186371983095176,0.2279632592529217,0.0,0.033900304273411556,24,14,0.5833333333333334,1,3290.098571428571,1568.1657142857143,136.89499999999998,1309.4814278571428,0.0,271.7392857142857
35df3a08-10d3-42fc-8b1c-9739efc0dded,260.0,10.833333333333334,1491.14125,3093.25,8.583333333333334,0.01961803775513679,0.0027891510008996707,0.003748040737878154,0.5207708091327709,0.0089923101814277,0.055561234352319806,0.0,0.0,24,16,0.6666666666666666,1,2236.711875,1675.31061875,43.36625,142.02499999999998,0.0,0.0
35ee5e99-c3c7-4370-b319-83e2ddd4176f,121.0,5.041666666666667,153.71666666666667,5183.958333333333,6.333333333333333,0.0031228126293051752,0.001189950018191596,0.00774924266485147,0.0,0.2916666666666667,0.041666666666666664,0.0,0.0,24,8,0.3333333333333333,1,461.15,0.0,439.56,21.59,0.0,0.0
35ffc6aa-4611-4dfd-998c-c140b3afb772,299.0,12.458333333333334,519.9616704166666,6939.166666666667,18.5,0.014246821149939859,0.002671559213829637,0.011036222365515812,0.0,0.21481413757517173,0.0,0.0,0.24260468741348717,24,11,0.4583333333333333,1,1134.4618263636364,0.0,527.2527172727273,0.0,0.0,604.1191
360734af-4ab7-44ad-8329-0c965cd9a638,303.0,12.625,1426.7712499999998,12841.708333333334,14.375,0.025496992466381884,0.0010942583241015291,0.004629052286139292,0.602777532383861,0.06337767314562869,0.0,0.0,0.0,24,16,0.6666666666666666,1,2140.1568749999997,1863.5706249999998,274.75,0.0,0.0,0.0
362cd948-e410-43bc-bfdb-1660b67cbc95,179.0,7.458333333333333,938.5883333333335,2130.5833333333335,3.2916666666666665,0.008078489001939871,0.0015345731567372456,0.006028696078013943,0.2316011234435714,0.2683988765564286,0.0,0.0,0.0,24,12,0.5,1,1877.1766666666665,986.4166666666666,890.7600000000001,0.0,0.0,0.0
364a6c12-e579-4876-95ae-083b91b98332,16.0,0.6666666666666666,0.0,710.7916666666666,1.1666666666666667,0.0,0.00035179060837278324,0.0,0.0,0.0,0.0,0.0,0.0,24,0,0.0,0,0.0,0.0,0.0,0.0,0.0,0.0
366b2efa-8b67-4ab4-9544-19e0926601c0,1187.0,49.458333333333336,8729.955833333333,27755.625,48.958333333333336,0.010566904411368363,0.0018227237950993586,0.009466139512373,0.13073125432610513,0.21991633633438576,0.006179710508967542,0.08182139838348261,0.10852245442294632,24,16,0.6666666666666666,1,13094.93375,2720.14625,3755.198125,71.984375,1696.071875,2396.6968875000002
36766853-7278-412b-b8e3-510d741ead47,257.0,10.708333333333334,1319.9233333333334,3513.625,3.3333333333333335,0.031098540792726906,0.0009590159204966457,0.004233269837453184,0.5538899087934647,0.004217740245853834,0.0,0.0,0.05333699909752234,24,16,0.6666666666666666,1,1979.885,1571.8799999999999,11.343749999999998,0.0,0.0,221.409375
36b839a3-e387-4703-9dce-817d58c7474b,1167.0,48.625,1672.1745833333334,63912.416666666664,82.58333333333333,0.006637563411373862,0.001378564650917479,0.15863823130413746,0.0,0.08453865136984075,0.24711734169462632,0.0,0.12662628535049228,24,12,0.5,1,3344.349166666667,0.0,47.46333333333333,2007.6433333333332,0.0,1287.1725
370aeb95-2552-4dcc-90bc-8d33a900f6d8,352.0,14.666666666666666,1004.4429154166666,3786.1666666666665,9.25,0.0125986609082134,0.0025485236596119874,0.008000080543837575,0.2363413205081224,0.0407066053333587,0.18204836350398543,0.0,0.13469542944949614,24,16,0.6666666666666666,1,1506.6643731249999,460.1575,74.97562562499999,358.55499999999995,0.0,383.47562687500005
370e32b5-f997-4c20-b786-d9eab7925a4a,236.0,9.833333333333334,690.4279162500001,14754.625,42.333333333333336,0.0071622731191760625,0.0029231494837115876,0.015185494520081467,0.0,0.227423687771685,0.018072755163174074,0.0,0.12949221717332154,24,16,0.6666666666666666,1,1035.641874375,0.0,196.93937562499997,13.725625,0.0,365.2406250000001
3718f21f-4d16-4eb1-85c0-930790a736e6,631.0,26.291666666666668,5797.830191666665,15049.708333333334,35.083333333333336,0.020126324669681863,0.002417192593119604,0.0025514061660191333,0.3266031616519325,0.11009494086606657,0.005431702952859933,0.0,0.2243178274779742,24,16,0.6666666666666666,1,8696.745287499998,3917.12493125,1437.7791124999999,65.64459375,0.0,3271.97416875
373ac816-62fa-4655-86f3-0cdd9653ed16,504.0,21.0,2455.8079166666666,7620.416666666667,45.916666666666664,0.022125930382979317,0.006140979727066047,0.004121289928537625,0.48023490868239255,0.049811109410933606,0.021323951074126043,0.0,0.10131985618105056,24,16,0.6666666666666666,1,3683.711875,2612.0631187500003,338.68625,119.8399998125,0.0,542.35
376661ac-99ea-41b3-b623-ae87c53e17af,2639.0,109.95833333333333,19484.419166666667,39266.333333333336,144.54166666666666,0.01549251793377572,0.003685223619943863,0.0028549942386401797,0.36048141431613284,0.13830617116969388,0.0,0.0,0.16678568017657777,24,16,0.6666666666666666,1,29226.62875,15600.73875,6145.68375,0.0,0.0,7425.950018750001
378f8ef9-98a3-48a6-84e9-0ba1bff35f6f,82.0,3.4166666666666665,418.9004166666667,1132.5,2.75,0.0,0.0023409234775278835,0.002606457972631883,0.0,0.0,0.0,0.0,0.0,24,6,0.25,1,1675.6016666666665,0.0,0.0,0.0,0.0,0.0
37925c4a-c916-48ff-9f3e-4e2b78f8df88,646.0,26.916666666666668,6353.853333333333,19886.541666666668,32.208333333333336,0.011994948287685258,0.0016363795431208626,0.0021222358093576916,0.3647711908264213,0.12826359912146137,0.0,0.0,0.15060778069291855,24,16,0.6666666666666666,1,9530.779999999999,4847.550625,1885.484375,0.0,0.0,2412.7962500000003
3795cf99-e865-4ea8-a6c7-c8132bcdf762,485.0,20.208333333333332,611.46125,8498.875,29.291666666666668,0.0055730269285911875,0.00704865975597662,0.23702608915243406,0.0,0.30081601694924703,0.14180527497127393,0.0,0.012607594543364097,24,12,0.5,1,1222.9225,0.0,645.5641666666667,549.33,0.0,13.524166666666666
379e1651-aa3c-4370-add1-3462cc1a0bd2,228.0,9.5,772.2262504166666,5200.625,12.166666666666666,0.002536000758388017,0.00402644717407305,0.002496187187729308,0.0,0.0,0.030264464175706673,0.10842518624757903,0.11131034957671428,24,6,0.25,1,3088.9050016666665,0.0,0.0,576.4549999999999,470.93500166666666,2041.515
37a2094c-dcef-4400-bdef-df85a32385b7,28.0,1.1666666666666667,41.641666666666666,237.54166666666666,0.6666666666666666,0.0,0.0005028128211401458,0.0003752251350810458,0.041666666666666664,0.0,0.0,0.0,0.0,24,1,0.041666666666666664,1,999.4,999.4,0.0,0.0,0.0,0.0
37a2b437-c474-41d1-b811-fccfa0ceafb7,1519.0,63.291666666666664,3108.544583333333,4518.291666666667,60.875,0.006485481751228379,0.02186958319228034,0.027491874807923547,0.03598186119873817,0.40276179762260994,0.049497158399171536,0.012709995343566267,0.05186105185774644,24,16,0.6666666666666666,1,4662.8168749999995,156.0375,3217.40125,477.39312500000005,45.310625,448.27625
37b93971-34c7-4345-89ff-7b253a786b1d,2376.0,99.0,8462.144604166666,28299.583333333332,62.666666666666664,0.008161767270736808,0.0022146314108097667,0.008374509782577729,0.32631568345382295,0.10848126276506127,0.20459677457193057,0.0,0.014451178530756989,24,16,0.6666666666666666,1,12693.21690625,6650.176893812499,2140.9449999999997,3343.329375,0.0,320.98125000000005
37cf04a5-eeba-4522-a993-e0c40781e7a6,801.0,33.375,2107.3920833333336,11765.916666666666,61.833333333333336,0.014108817257864517,0.005280708520470683,0.0098317333026139,0.19036023847693717,0.4264323647546888,0.03585403000434856,0.0,0.0,24,16,0.6666666666666666,1,3161.088125,690.52313125,2280.233751875,153.885,0.0,0.0
38045ffb-8829-4d1c-9daa-9b371c2aa1fb,611.0,25.458333333333332,4371.561666666667,10991.333333333334,27.041666666666668,0.015409191673613808,0.002493321316640621,0.0065230618803729,0.31851545896722633,0.1148557942363803,0.0016927033688876375,0.023225764617408634,0.16741934176611264,24,16,0.6666666666666666,1,6557.342500000001,4055.2193749999997,109.0656246875,25.400625,308.915,1732.8593706249999
380ee7af-8adf-4c84-bcec-d311e2c0a980,165.0,6.875,637.5233333333334,3450.4166666666665,8.958333333333334,0.005818753805724571,0.0024192394804699955,0.007260046759519666,0.3210209876899363,0.03724831307186507,0.016730699238198584,0.0,0.0,24,9,0.375,1,1700.062222222222,1545.5566666666664,38.77,115.73555555555555,0.0,0.0
383390fc-ab0f-48ca-958b-98ba02313fc9,50.0,2.0833333333333335,1230.4054166666667,8370.458333333334,11.75,0.012840714783227694,0.0014436641008782752,0.0009244311287249083,0.2460195422962148,0.0,0.0,0.19153079592225328,0.0,24,15,0.625,1,1968.6486666666667,330.48999999999995,0.0,0.0,774.2433333333335,0.0
38a2d6e1-afb2-4c80-ace1-17682b5c2f03,585.0,24.375,8563.390416666667,22940.625,40.708333333333336,0.011085169985834113,0.0018448947319679252,0.0010814933278664,0.2129785713118614,0.13282958779718726,0.04193274396635479,0.0010931463877079668,0.08074913844973712,24,16,0.6666666666666666,1,12845.085625,4131.66,2432.2812437499997,827.818125,22.23375,1526.8537500000002
38adf155-f23e-4857-9d7b-1207a262ccc1,211.0,8.791666666666666,119.83583333333333,3505.125,13.791666666666666,0.0020915248762257877,0.004075417941883404,1.2534924017053424,0.0,0.25,0.0,0.0,0.0,24,8,0.3333333333333333,1,359.5075,0.0,359.305,0.0,0.0,0.0
38fe9514-d929-4923-9543-3793e4afe62a,498.0,20.75,1069.9820833333333,4485.833333333333,9.041666666666666,0.011127971125498341,0.002134590885201375,0.018444950561518455,0.03050868624316633,0.1269405423503599,0.0,0.0,0.4284140023223859,24,15,0.625,1,1711.9713333333334,104.38066666666667,43.471333333333334,0.0,0.0,1405.3286666666668
3927a0dc-44fe-41c0-a557-eae72fcede27,90.0,3.75,2204.1079166666664,5582.166666666667,21.291666666666668,0.01416801458423078,0.003601977353562529,0.0005200222058272791,0.23944513279117544,0.0,0.031106759403620673,0.08972254797933188,0.10363309760020288,24,15,0.625,1,3526.5726666666665,1333.08466,0.0,183.32666666666665,576.8333333333334,598.5579999999999
393335ff-fb42-44f2-99ad-2098e0a6fc3f,39.0,1.625,49.204583333333325,614.2083333333334,1.4583333333333333,0.0023009203790871585,0.002462688478271267,0.007598404269660733,0.0,0.20833333333333334,0.041666666666666664,0.0,0.0,24,6,0.25,1,196.81833333333336,0.0,168.01166666666668,28.80666666666667,0.0,0.0
3940b867-87e9-4b78-b08f-6fcd82cfd412,3217.0,134.04166666666666,14933.847916666666,44629.833333333336,119.75,0.009638030337512633,0.003819961766315867,0.05815987688152457,0.053673105611616805,0.3309582231212773,0.05172381839388548,0.0,0.18831143667672437,24,15,0.625,1,23894.15666666667,3524.7526666666663,11384.153266666664,1451.2739933333332,0.0,7523.177333333334
395fcdb5-000e-49ac-bd84-f9405d2af297,182.0,7.583333333333333,5415.372916666666,9779.708333333334,5.916666666666667,0.010434672578561293,0.0002816675836769084,0.0006366255833984833,0.2413346079179068,0.09003437891372797,0.0,0.0,0.05072402266618196,24,10,0.4166666666666667,1,12996.894999999999,7412.848,2702.603,0.0,0.0,1696.441
39be0fee-dbd3-47cc-8a14-d349d99b3eaa,463.0,19.291666666666668,2499.0908333333336,8790.291666666666,14.708333333333334,0.01359596865834155,0.0017287143054676667,0.003938625275626413,0.29768965582316265,0.13595580245848313,0.0,0.0,0.23294617268895848,24,16,0.6666666666666666,1,3748.6362500000005,1496.44063125,778.903126875,0.0,0.0,1472.8443750000001
39d76afe-fcc9-4886-bc89-04c7b9639320,197.0,8.208333333333334,271.35833333333335,457.7916666666667,1.25,0.004939204426297479,0.0032775573598022,0.008643149139166426,0.0,0.3612634558616044,0.023691457520669267,0.0,0.0317117526710616,24,10,0.4166666666666667,1,651.26,0.0,629.1129996,15.450999999999999,0.0,6.696
39d809a3-9091-45f0-aa10-151e12018c60,331.0,13.791666666666666,1217.7129208333333,13077.791666666666,28.208333333333332,0.012904494319148535,0.0023018721145198957,0.009706579078877115,0.4060257020853346,0.13700887999074982,0.031201026413913507,0.0,0.007551329750585641,24,14,0.5833333333333334,1,2087.5078642857143,1746.7857142857142,280.3257142857143,50.503571428571426,0.0,3.1314285714285717
39f72f87-df4a-4d64-b58a-1bae3510599d,1715.0,71.45833333333333,7054.3624875,31381.916666666668,102.0,0.01621128320079007,0.003330178117279254,0.004326748702151437,0.3822824437318549,0.0066815522918357365,0.05292613037671504,0.01223192982316943,0.21174190950775343,24,16,0.6666666666666666,1,10581.54373125,5897.0843562499995,87.85374750000001,1080.748125,242.14999375,3258.2699937499997
3a0b8ce9-586b-4629-88e5-1d7aa385e55d,606.0,25.25,4793.896250000001,10044.5,12.666666666666666,0.014485418861080415,0.001252607023373679,0.002553805220089175,0.44201987458691355,0.00945180519697698,0.01932499571773354,0.1310005450759894,0.014033029288536038,24,16,0.6666666666666666,1,7190.844375000001,4661.9818749999995,113.21687500000002,177.304375,1452.248748125,146.876874875
3a328775-b87a-4c91-acc8-4096ac71d782,971.0,40.458333333333336,0.0,5737.791666666667,1.7083333333333333,0.0,0.0005277964028433251,0.0,0.0,0.0,0.0,0.0,0.0,24,0,0.0,0,0.0,0.0,0.0,0.0,0.0,0.0
3a58da76-bf0b-4008-be65-f40746ceebe7,343.0,14.291666666666666,329.74958333333336,4112.0,7.958333333333333,0.006604734515170075,0.0021220179987208915,0.04775254383703962,0.044026672572217616,0.23496045808721647,0.17885182246525058,0.0,0.0,24,11,0.4583333333333333,1,719.4536363636363,170.32818181818183,410.55909090909086,138.3881818181818,0.0,0.0
3a75aec9-51bf-495a-a53f-d48da083b438,161.0,6.708333333333333,93.16583333333334,9730.166666666666,18.75,0.0039812773589266125,0.001880488161057325,0.01521454908852393,0.0,0.18433632095603925,0.023997012377294066,0.0,0.0,24,5,0.20833333333333334,1,447.196,0.0,433.70199999999994,13.494,0.0,0.0
3a81d3f0-dd1e-4218-ba94-73e8d16cf9ce,639.0,26.625,7352.400416666666,17607.625,37.166666666666664,0.014084832667558484,0.002146004658987587,0.0019772850041549126,0.30064901195086513,0.29129739535072735,0.05575950041877794,0.0,0.017983676561548683,24,16,0.6666666666666666,1,11028.600625,4947.58375,4810.46,905.45188125,0.0,350.31374375
3aa8941a-2cd9-467d-8a14-d0618ffe6e46,2537.0,105.70833333333333,47397.92916666667,72934.41666666667,133.5,0.013509020757991689,0.0018186612426042959,0.0009491386844664001,0.438629036044732,0.032837175274651575,0.020185893728634552,0.008350450893183101,0.13001372159404848,24,16,0.6666666666666666,1,71096.89375,46026.270000000004,3347.416875,2138.2768749999996,850.583125,13780.3088125
3ab7f203-8f5a-4c66-b666-f81c2f949f0c,17.0,0.7083333333333334,476.675,1031.75,2.5,0.0004045751291153167,0.0033292887819496002,0.0001774236997009417,0.0,0.0,0.0,0.25,0.0,24,6,0.25,1,1906.7,0.0,0.0,0.0,1906.7,0.0
3abbbd33-d59b-47c8-8ef0-b96d2c08a7df,1778.0,74.08333333333333,17011.075,38689.041666666664,153.08333333333334,0.015006328164879817,0.003979467942248571,0.015110859788266278,0.2219068975259452,0.08148233766779071,0.045193270007654586,0.011223718972733018,0.30351708596951615,24,16,0.6666666666666666,1,25516.612500000003,11038.341249875,2849.755,1043.111874375,524.004375,9883.582500625002
3ac78294-eb55-4322-8a1b-3325932ed8e2,329.0,13.708333333333334,5816.239583333333,18417.208333333332,21.416666666666668,0.011028871865324016,0.0011945674228474666,0.001188061268804604,0.08069501461687363,0.24733852858526392,0.0,0.0,0.07993616088300254,24,16,0.6666666666666666,1,8724.359375,935.51437375,3333.021875,0.0,0.0,1103.838745625
3ae39e5e-35b7-4af6-b79b-351fc5560828,979.0,40.791666666666664,1189.372075,8338.958333333334,20.208333333333332,0.008978583576194429,0.0024842829075309835,1.1915313135408032,0.0,0.28117691862605115,0.0,0.0,0.2593370753419399,24,14,0.5833333333333334,1,2038.9235571428567,0.0,699.0064285714286,0.0,0.0,1334.0235714285716
3afb3e87-47f0-4223-b8ba-b3157ec3ae5e,2799.0,116.625,9125.345,21557.416666666668,68.08333333333333,0.010375753526047693,0.0030196750843083623,0.027294857309459016,0.14455621133217436,0.143218877355119,0.027214268411152473,0.0,0.30553375376433756,24,16,0.6666666666666666,1,13688.017499999998,3134.8362500000003,1579.04625,428.22562625,0.0,7346.83559375
3b022442-160e-4915-93c6-08a3434548b8,528.0,22.0,6352.137479166668,19999.166666666668,32.25,0.01896126709787473,0.0016339008463125502,0.0025851376221279793,0.4881937466119197,0.03545985399059379,0.01153599006660005,0.0032428474657046416,0.08612451093511049,24,15,0.625,1,10163.419966666668,8134.03,330.58266533333335,157.402,13.142666666666665,1522.8953333333334
3b0f9c18-76fd-41ce-9f4a-acd5dd6fb808,461.0,19.208333333333332,873.2895841666665,15317.041666666666,26.458333333333332,0.015399132570520946,0.0020454898323896,0.2961901101381899,0.3193594553424151,0.12245841939107605,0.13582800787851454,0.0,0.00494183096554035,24,15,0.625,1,1397.2633346666669,766.5466679999998,97.17066666666668,525.8953333333334,0.0,5.06
3b3a7439-886a-4587-8ede-891f8b6f04d3,4482.0,186.75,18280.444583333334,34713.5,119.0,0.00597012894258115,0.0039087008795031,0.004924444996621137,0.1889888682311053,0.05168986915953796,0.06128835011476197,0.0,0.36442290709921427,24,16,0.6666666666666666,1,27420.666875,7164.7944125,2335.075625,2621.21,0.0,15285.7975
3b499bc0-c871-4898-82fb-5a44b95d7310,954.0,39.75,3164.3479162500003,15505.458333333334,83.29166666666667,0.007996374127800026,0.005487082726858629,0.01670151086021856,0.18893831309278228,0.11586113694561011,0.01750778156026016,0.0,0.07687020625596941,24,13,0.5416666666666666,1,5841.873076153846,3436.793846153846,251.08154076923077,79.30461384615386,0.0,1176.9138461538462
3b619409-32e5-4f7a-b8ae-7f76e322949a,154.0,6.416666666666667,1000.1600004166667,1980.5416666666667,6.208333333333333,0.008083811535917154,0.010122187859948896,0.03228176026625551,0.07595135175537565,0.12534482608446781,0.0021772446332232543,0.0,0.1428197166774697,24,16,0.6666666666666666,1,1500.240000625,703.91875,85.52875125,13.99375,0.0,341.02375000000006
3bb44354-956f-4ff6-8fc6-096a16171297,152.0,6.333333333333333,0.0,552.375,7.125,0.0,0.0034903645357977,0.0,0.0,0.0,0.0,0.0,0.0,24,0,0.0,0,0.0,0.0,0.0,0.0,0.0,0.0
3bd5cd7c-ef16-4a12-bc26-6a74697b985d,300.0,12.5,1563.3970833333333,5090.5,21.958333333333332,0.008162521510287976,0.004394309231292834,0.005294967641725543,0.2267640735955356,0.39431995332583974,0.0015179354097435082,0.0,0.0006827403753219166,24,15,0.625,1,2501.4353333333333,1368.32666,1109.4579999999999,9.808,0.0,4.200666666666667
3be2a69a-ef48-435b-b3ee-55651636fcfd,111.0,4.625,0.0,1912.8333333333333,11.333333333333334,0.0,0.003178886025853383,0.0,0.0,0.0,0.0,0.0,0.0,24,0,0.0,0,0.0,0.0,0.0,0.0,0.0,0.0
3c038734-2300-47ba-bf3b-0fe2071941b7,553.0,23.041666666666668,661.0433291666667,8611.375,48.583333333333336,0.0056298154007795205,0.005718972472591596,0.044162088160296674,0.0,0.32164979043055725,0.03394411913064455,0.0,0.08846958577178154,24,12,0.5,1,1322.0866583333334,0.0,993.8208250000001,10.318333333333333,0.0,207.845
3c0e37d5-3688-46c4-b7df-010d1c029691,584.0,24.333333333333332,2555.5958334166667,5051.208333333333,13.0,0.013958926205421019,0.002592146050275792,0.029314485709864124,0.4095004810181215,0.11595040061124869,0.01581480235210674,0.0,0.00023018313317815418,24,13,0.5416666666666666,1,4718.023077076923,4049.2276923076925,452.0153847692308,212.37769076923075,0.0,1.8692307692307693
3c2e1436-69c6-49c2-875b-13ebff864583,743.0,30.958333333333332,8354.412083333333,37404.708333333336,42.666666666666664,0.012124519178795987,0.0011755130619184291,0.0013538597104664123,0.222037907103923,0.14101715726095707,0.014109709167335005,0.0,0.07967578374743131,24,16,0.6666666666666666,1,12531.618124999999,4155.445,2711.7043750000003,266.44875,0.0,1475.8268750000002
3c369853-bd90-4449-a8d9-d862384efab0,569.0,23.708333333333332,5485.977916666667,16039.541666666666,33.5,0.013927366856792004,0.0020882213616249916,0.0017862088067245793,0.38539201408468376,0.019834165800648295,0.029829838322655993,0.0,0.23125192766070116,24,16,0.6666666666666666,1,8228.966875,4731.70875,246.7437499375,383.37750000000005,0.0,2862.47875
3c6271d8-52da-41fe-ba54-2f4658233e6b,403.0,16.791666666666668,573.5058333333333,8985.625,13.75,0.006406703490515579,0.0015414768268389083,0.1128702104401544,0.0,0.16787785559121457,0.0,0.0,0.2474851194686769,24,14,0.5833333333333334,1,983.1528571428572,0.0,106.78999999999999,0.0,0.0,589.0292857142857
3c96c29c-ef9f-4f8f-a9e8-1f602c1e916b,920.0,38.333333333333336,4726.435416666667,11126.375,33.958333333333336,0.010248378844703922,0.0032290259209148335,0.0064471190424252875,0.3206897418771595,0.09731726219311972,0.0,0.0,0.2249900718381387,24,16,0.6666666666666666,1,7089.653125000001,3611.40686875,304.73625000000004,0.0,0.0,2900.8049812500003
3cacb9ea-90b3-44ce-84bf-c54845099cb6,1410.0,58.75,40470.69816666666,56890.666666666664,232.95833333333334,0.014669150336945424,0.004193136859504342,0.0006764494176888333,0.36273148409783,0.13467464550194652,0.00016503721655340836,0.0,0.16907582871046292,24,16,0.6666666666666666,1,60706.047249999996,33089.6055,12255.37375,14.19875,0.0,15344.91371875
3cd9d9b0-9732-4843-b806-33f6f70ec8aa,2278.0,94.91666666666667,7352.2787291666655,33561.666666666664,80.75,0.008342596503451436,0.0025299550404021044,0.007030914849581796,0.190383904834836,0.10790369126120936,0.06692725944963974,0.0,0.28806890761392273,24,16,0.6666666666666666,1,11028.418093749999,2736.003125,2019.9031250000003,1158.231875,0.0,5014.870625
3cff0968-554d-4b23-8ff9-34126f37d4f4,3823.0,159.29166666666666,23437.437083333334,44566.666666666664,92.70833333333333,0.010392217055858044,0.00211856904805535,0.0031979104687920833,0.33340490503522474,0.02960890489189098,0.0032803546351387377,0.003326009931852567,0.09883723061692634,24,16,0.6666666666666666,1,35156.155625,15568.650000000001,1347.9118749999998,173.26749999999998,203.24875,4950.99311875
3d03c50e-5be1-457a-8927-4c4920c842df,1774.0,73.91666666666667,10958.036208333333,45222.208333333336,51.166666666666664,0.025557479634287218,0.0011591047102717375,0.004374920427579071,0.45413145768958496,0.02066073141028732,0.015219058326222062,0.0,0.08199849630388467,24,16,0.6666666666666666,1,16437.0543125,11764.2356875,600.7262499999999,359.94999375000003,0.0,1444.0356250000002
3d111e81-f64b-429e-bec5-53bb870d5aa8,471.0,19.625,3776.409166666667,8474.166666666666,17.416666666666668,0.012222785551141533,0.002548902524368429,0.0020336642793012585,0.4010358398904937,0.1522103262529743,0.03966622506138473,0.010486906070958257,0.05185242457590758,24,16,0.6666666666666666,1,5664.61375,3369.126875,1268.915,369.58999875,109.62625,429.54937500000005
3d2d14b9-6a2d-44a9-86d7-035885ae7ef6,24.0,1.0,0.0,860.7916666666666,5.541666666666667,0.0,0.006161330393070829,0.0,0.0,0.0,0.0,0.0,0.0,24,0,0.0,0,0.0,0.0,0.0,0.0,0.0,0.0
3d49dc5d-d276-4612-ba93-30417d547fb4,1745.0,72.70833333333333,23334.478374999995,45692.166666666664,94.41666666666667,0.02725383859675166,0.002189115662681875,0.0015602062133224914,0.48702184855606584,0.0037280822071096707,0.0015742983688771407,0.0011103134203989632,0.013501684761749955,24,16,0.6666666666666666,1,35001.717562499995,25135.751875,109.33500124999999,74.293125,20.126875,722.7131312625
3d63c71c-6867-42ac-b901-32bf6a67065d,209.0,8.708333333333334,2762.72,5053.166666666667,8.625,0.005435714928637546,0.00086043425248695,0.0014968350874193044,0.15378606669014794,0.03189559223890123,0.07090521099112869,0.0,0.03507979674648876,24,7,0.2916666666666667,1,9472.182857142858,3630.739999999999,571.9885714285714,4344.481428571428,0.0,924.972857142857
3d8d9587-67bc-43a7-9bd4-10872c5a8612,160.0,6.666666666666667,110.22791783333332,2085.4166666666665,3.375,0.002833844822170804,0.0016886844497817708,37.50590130896509,0.0,0.20833333333333334,0.08333333333333333,0.0,0.0,24,7,0.2916666666666667,1,377.9242897142857,0.0,352.050004,25.874285714285715,0.0,0.0
3db9f2f8-2396-4f6e-bad9-6642723d46ea,307.0,12.791666666666666,2807.361666666666,10055.541666666666,16.583333333333332,0.023246843458692185,0.0017445478220851666,0.002662614424647125,0.34886052223179914,0.009797083613669861,0.024864465630505473,0.0,0.004640612882688453,24,16,0.6666666666666666,1,4211.0425,2259.0575,57.618750625000004,205.590625,0.0,23.6374999375
3dbe1895-cbb4-42d1-b464-b0def98e5f84,222.0,9.25,52.02125,8592.375,26.666666666666668,0.0015158748917607125,0.0038618775762501623,0.0036445709036265414,0.0,0.08029000233609818,0.031496388205268434,0.0,0.013213609458633388,24,3,0.125,1,416.17,0.0,318.82,73.71666666666667,0.0,23.633333333333336
3dffd0c3-21f0-4070-83d8-2c24b91ae661,230.0,9.583333333333334,1461.862916666667,11194.875,15.791666666666666,0.00479330414374705,0.0011933131811303667,0.0035693183042742292,0.24852384905199143,0.2502856747575324,0.0,0.0,0.0,24,12,0.5,1,2923.7258333333334,2047.5,867.2258333333333,0.0,0.0,0.0
3e04c0aa-240c-41c7-98b7-e2d697fe12b2,531.0,22.125,1755.0208333333333,7879.375,29.75,0.011724481472166733,0.002120982225406504,0.005913539635924818,0.32562661204601473,0.04232619715191572,0.0,0.0,0.04727021045917348,24,11,0.4583333333333333,1,3829.1363636363644,3069.9818181818187,190.67,0.0,0.0,427.7872727272727
3e4dae95-ab45-4e47-a1d3-c3c9bc8f9b83,1099.0,45.791666666666664,605.9245833333333,18658.666666666668,34.791666666666664,0.005388648704992566,0.0019491390802068252,0.6969631612315524,0.041666666666666664,0.08358130564334999,0.0,0.0,0.1658688209972684,24,12,0.5,1,1211.8491666666666,208.04999999999998,82.92,0.0,0.0,896.8083333333334
3eb28b72-bdc8-480f-af82-237c4275dee8,161.0,6.708333333333333,95.83708333333334,1804.9166666666667,7.458333333333333,0.0036758060410143913,0.003966630782675163,0.014923999171761492,0.0,0.2595307854333111,0.0217132568359375,0.0,0.010422624397418088,24,7,0.2916666666666667,1,328.58428571428567,0.0,301.5414285714286,18.295714285714286,0.0,8.747142857142856
3ed6e7bf-8d33-4120-bbba-ec351eabfd33,425.0,17.708333333333332,8885.03625,19264.791666666668,21.0,0.008053053812364671,0.0011347294617657917,0.0008684961377946375,0.32487842900106617,0.00047523397989847083,0.0,0.0,0.3401218532301287,24,16,0.6666666666666666,1,13327.554375,6481.045,9.44375,0.0,0.0,6810.39125
3eda8f1d-31f9-4339-a3a0-59c1732d66f1,293.0,12.208333333333334,1386.7183333333332,3097.5833333333335,13.416666666666666,0.01758142239091892,0.004366233299225937,0.00537552346378307,0.44048257405769337,0.22618409434079811,0.0,0.0,0.0,24,16,0.6666666666666666,1,2080.0775,1317.8125,762.2650062499999,0.0,0.0,0.0
3f1b7a34-d82f-49ba-ac33-125239b99160,317.0,13.208333333333334,4192.294583333333,10669.833333333334,66.0,0.012466004783181647,0.0063235085694724165,0.0014548174266328956,0.48131431769549377,0.12373978945458664,0.03146701149386471,0.0,0.029631299503179387,24,16,0.6666666666666666,1,6288.441875,4377.4825,1288.29561875,334.84687499999995,0.0,282.43625
3f2253a6-5e2d-4958-9094-ed7dc69af8e1,346.0,14.416666666666666,615.9975000000001,4185.166666666667,21.666666666666668,0.007362170106597483,0.005236959958070879,0.0076985411564333,0.0,0.04374393482567393,0.0,0.0,0.30088741169166694,24,10,0.4166666666666667,1,1478.394,0.0,22.213,0.0,0.0,1210.758
3f343420-50e6-4422-8544-eaa17b65796d,646.0,26.916666666666668,343.4279166666667,11048.75,16.166666666666668,0.005312608279737625,0.0014689528069961168,5.323991602944982,0.0,0.2758717981685453,0.06757832847906696,0.0,0.027732366867048566,24,12,0.5,1,686.8558333333334,0.0,620.3266666666667,41.8375,0.0,21.36916666666667
3f5848f5-81f7-4923-a10b-b0b662d82c3e,64.0,2.6666666666666665,0.0,1706.9166666666667,4.666666666666667,0.0,0.0009209151635905626,0.0,0.0,0.0,0.0,0.0,0.0,24,0,0.0,0,0.0,0.0,0.0,0.0,0.0,0.0
3f5f8610-71c1-4c71-916b-faf7a32f82be,1054.0,43.916666666666664,8443.566666666668,16361.041666666666,40.041666666666664,0.02723530731572918,0.0024894081461677626,0.002622225179364492,0.5774650919457658,0.027541543651781148,0.0016602384805932582,0.0014602925129812456,0.05772692826967019,24,16,0.6666666666666666,1,12665.35,11105.851875,258.095,18.351875,32.10375,1233.42125
3f604848-2ae3-4d19-b0c2-f8be47aa1f3b,162.0,6.75,129.29166666666669,1037.5,1.9166666666666667,0.0028025083290242666,0.0018730889669619458,0.01378461605449082,0.0,0.25,0.0,0.0,0.0,24,6,0.25,1,517.1666666666666,0.0,517.1666666666666,0.0,0.0,0.0
3f82d026-b1c9-40b3-8d38-cd71264a353c,17.0,0.7083333333333334,0.0,879.4583333333334,3.9166666666666665,0.0,0.004555833376625342,0.0,0.0,0.0,0.0,0.0,0.0,24,0,0.0,0,0.0,0.0,0.0,0.0,0.0,0.0
3f898a37-9511-4107-b91c-bdba098bf148,95.0,3.9583333333333335,343.79375,17298.333333333332,18.291666666666668,0.0027495525282970334,0.0013853826782457377,0.0006255394149703625,0.0,0.0,0.05228405378326793,0.0,0.11438261534029014,24,4,0.16666666666666666,1,2062.7625,0.0,0.0,684.5325,0.0,1378.230025
3fabe23d-16ff-4e6f-8543-b61ac4cf1954,193.0,8.041666666666666,1245.5495833333334,6246.291666666667,12.375,0.005125317591801771,0.002506999409287604,0.06066060115626153,0.2890714222964069,0.21092857770359308,0.125,0.0,0.0,24,15,0.625,1,1992.8793333333333,1726.2,127.94866666666667,138.73066666666668,0.0,0.0
3fb1fcef-c0a7-46d8-9118-52abf3f76c57,241.0,10.041666666666666,439.5520833333333,2425.0416666666665,12.291666666666666,0.004915232721779958,0.007123074773555625,0.00646612524013285,0.0,0.045465680766768414,0.36075464260686757,0.0,0.010446343779677111,24,10,0.4166666666666667,1,1054.925,0.0,27.752000399999996,1021.805,0.0,5.368
3fb6c11f-b928-4aed-b664-0a96bc9afc5e,500.0,20.833333333333332,3484.8120833333337,14751.916666666666,18.541666666666668,0.01021281443520643,0.0013905498691904833,0.0033990519779993123,0.3737093082080074,0.10038440579096525,0.07970384442661545,0.0,0.11246288549037264,24,16,0.6666666666666666,1,5227.218125,3230.46374975,829.6468749999999,160.565,0.0,1002.6812500000001
3fce4bc3-22e3-4cbb-913d-224c0d61a78d,262.0,10.916666666666666,496.7666708333333,4214.5,3.7083333333333335,0.0034136877732546707,0.0008545593372933833,0.40164761896261925,0.0,0.5213182353776501,0.015030861845614566,0.0,0.004897902869757171,24,14,0.5833333333333334,1,851.6000071428571,0.0,827.572157142857,16.907142857142855,0.0,6.187142857142858
3fe1f651-0750-4627-804b-187c6d6229b2,133.0,5.541666666666667,749.9170833333333,3478.875,6.541666666666667,0.018054342205262808,0.001940849933192371,0.002024952109325104,0.13549347652590535,0.13171567492494893,0.0,0.0,0.0968712471968246,24,11,0.4583333333333333,1,1636.182727272727,643.3136363636363,260.4154545454545,0.0,0.0,313.75272727272727
3fe78580-2994-450c-a60b-0cf265be509c,621.0,25.875,1072.72625,23990.666666666668,43.0,0.007584684456435523,0.0019653776218199544,0.4817094062473451,0.0,0.27087553418100035,0.17534261408652171,0.0,0.053591297490574806,24,13,0.5416666666666666,1,1980.417692307692,0.0,1334.8300000000002,635.3107692307693,0.0,7.049230769230769
3fea003f-fde3-4011-9255-0c9e56525ae7,4625.0,192.70833333333334,20406.760416666668,31711.458333333332,275.3333333333333,0.015337328622301825,0.009712393719742356,0.004575070724541792,0.3969102174713603,0.11198781682937425,0.029813586215972656,0.0,0.06418095729278772,24,16,0.6666666666666666,1,30610.140625,16903.40809375,5574.24058125,1422.7487500000002,0.0,3189.671875
40149553-0695-41a4-9c59-0ef546ff740d,4.0,0.16666666666666666,0.0,175.125,0.25,0.0,0.00045955882352940834,0.0,0.0,0.0,0.0,0.0,0.0,24,0,0.0,0,0.0,0.0,0.0,0.0,0.0,0.0
40187d46-6f51-4319-827a-c1e1b7241944,1853.0,77.20833333333333,3611.8262625,30736.791666666668,60.166666666666664,0.0057735605295284875,0.002226462133374688,0.029929547009822536,0.2499307098095255,0.1424076027596596,0.07005943125445636,0.0,0.034554619936094884,24,12,0.5,1,7223.652524999999,4517.726666666667,1340.293333325,1241.8291666666667,0.0,65.43499916666666
403b05ac-ae77-4ac5-8bb6-6e95f232d429,163.0,6.791666666666667,614.2087499999999,2987.2083333333335,10.333333333333334,0.008149294646448845,0.0034091682577376582,0.007716928221670072,0.1698218565098889,0.24695185347205806,0.0,0.0,0.04155962208299799,24,11,0.4583333333333333,1,1340.0918181818183,540.9654518181818,659.7327272727273,0.0,0.0,139.39363545454543
404ea8da-6034-4c3d-a735-3cb343eca1ee,550.0,22.916666666666668,1233.6366666666665,1672.2916666666667,5.458333333333333,0.0029033689863088873,0.0036356533841470627,0.8786862111053114,0.05829755507237471,0.16666666666666666,0.0155932929719963,0.0,0.010107098459650592,24,15,0.625,1,1973.8186666666666,388.7033333333333,94.92066666666666,104.73866666666666,0.0,66.15733333333333
407fcd30-0be6-47a6-909b-e4c08f8ac2ed,607.0,25.291666666666668,17411.29416666667,28429.75,62.875,0.020358057461800586,0.0022867182583061665,0.0006041217614520624,0.37786699772596716,0.012933800059491329,0.0016805209466692957,0.00106278967465425,0.12232720999464212,24,16,0.6666666666666666,1,26116.941250000003,14371.74065625,513.8275006250001,91.399375,57.8025,4870.170624999999
40a0cf42-71ea-47c4-9364-5d4d6dd915a5,274.0,11.416666666666666,4533.885383333333,8160.541666666667,8.25,0.019082803233599226,0.0010822224163289918,0.0014037843410151208,0.586689329790395,0.0747652396657993,0.003153307562452292,0.0,0.0002792449195356042,24,16,0.6666666666666666,1,6800.828075,6121.59803125,610.583125,52.326250625,0.0,5.056875
40a125ce-d0bb-46a9-8641-22cdb9bba1b4,47.0,1.9583333333333333,31.84749958333333,821.9166666666666,1.3333333333333333,0.002946362146068767,0.0015804901708338377,0.008871550077665042,0.0,0.20833333333333334,0.041666666666666664,0.0,0.0,24,6,0.25,1,127.38999833333332,0.0,116.21333166666666,11.176666666666668,0.0,0.0
40a616fd-2192-4ac4-b028-dd07e5eeb561,202.0,8.416666666666666,791.1662501666666,7082.666666666667,12.083333333333334,0.009849543450249245,0.0014561217158241418,0.012157308525127449,0.2216070936420026,0.19505957302466406,0.0,0.0,0.0,24,10,0.4166666666666667,1,1898.7990003999998,1506.1280000000002,392.6710004,0.0,0.0,0.0
40b670d2-baf8-466a-831c-93bc8262a289,243.0,10.125,5218.505875,11039.416666666666,31.083333333333332,0.023266371700890413,0.0033840279349414046,0.0009627922844179793,0.5774284583071511,0.08885906359599588,0.0,0.0,0.0,24,16,0.6666666666666666,1,7827.7588125,7170.546875,654.818125,0.0,0.0,0.0
40efa51c-0139-472e-8c6b-9ea441c49c37,274.0,11.416666666666666,668.3641666666667,7009.666666666667,17.75,0.008665212905195079,0.0026046316120896507,0.015285493454842161,0.08976615011178153,0.17486983103132384,0.0015237450935060542,0.0,0.1894023278934226,24,11,0.4583333333333333,1,1458.2490909090907,528.8045454545455,442.50636363636363,8.771818181818182,0.0,471.0072727272727
4139dc7d-f9e2-4d71-987e-16db33e077fb,684.0,28.5,2925.12375,6969.916666666667,13.75,0.007843027653627245,0.0026172817136102754,0.008062280758955367,0.2358207810761347,0.3419210633163427,0.07618407709089574,0.0,0.0,24,16,0.6666666666666666,1,4387.685625,1310.75,2017.3081187499997,964.25,0.0,0.0
414bbf38-e467-49aa-a9df-10a248ed24ab,1128.0,47.0,459.05583333333334,37227.041666666664,67.70833333333333,0.0032181726359894,0.001984449799636121,1.0390001190414957,0.0,0.2945386992016536,0.016951017404878314,0.0,0.020495236726257835,24,13,0.5416666666666666,1,847.4876923076923,0.0,662.213076923077,15.169230769230769,0.0,20.266923846153848
4168ae00-6a2b-4c98-979f-ef26d5272534,1083.0,45.125,16950.6575625,30644.333333333332,51.708333333333336,0.019435497818435496,0.001703476477567725,0.0012044128278778166,0.30263313025757815,0.06152528099928609,0.00034569822560024164,0.0,0.040396326802669656,24,16,0.6666666666666666,1,25425.98634375,11999.41251875,2406.290625,14.3675,0.0,1350.2162443749999
4174acae-4e6c-4d3d-aa84-5fc2c63f8aeb,831.0,34.625,10421.080416666668,21658.25,31.708333333333332,0.006615749307772233,0.0015626820967700919,0.007945360895804046,0.048863837248627806,0.15399704195124178,0.039305856045302144,0.0,0.14527600977687485,24,15,0.625,1,16673.728666666666,1247.7366646666667,3854.9946666666665,1407.2333333333333,0.0,2108.400686666667
417c6f4d-39b2-4f65-a175-f061b3b41aaa,258.0,10.75,3370.634583333334,7142.958333333333,17.916666666666668,0.013983912243632976,0.00254973066881525,0.0014279240922669375,0.4567481452289996,0.1338983706496394,0.07602015060063923,0.0,0.0,24,16,0.6666666666666666,1,5055.951875000001,3391.63625,1098.96374875,565.351875,0.0,0.0
418d7134-6353-4851-ad3c-696c5459c744,1317.0,54.875,16595.075416666667,17591.0,60.416666666666664,0.011581525306342834,0.0034859760621543507,0.001496392068645383,0.5167021871258749,0.07805798033794394,0.000318916674408725,0.0,0.0713883441770221,24,16,0.6666666666666666,1,24892.613125,19393.779375,2887.175,13.490625,0.0,2590.94875625
4197c1b5-f967-4fa9-8287-e9c36a27fb5c,86.0,3.5833333333333335,955.6658333333334,2224.4166666666665,2.9166666666666665,0.006816506136280605,0.0013814559103580918,0.0015180914804314456,0.4047873359702155,0.009128586871698858,0.25181144162292,0.0,0.0009393021419086376,24,16,0.6666666666666666,1,1433.49875,881.4937499999999,20.718125,529.3275,0.0,1.959374875
419e4713-10ba-4499-8c87-0f914615af70,865.0,36.041666666666664,6194.616666666666,9558.166666666666,45.833333333333336,0.007563884216906688,0.0125405552550346,0.0064960387797439135,0.27080242698137363,0.21753362652626262,0.0,0.06602824140920367,0.05629550825094176,24,16,0.6666666666666666,1,9291.925,3836.74,2760.026871875,0.0,1032.649375,776.0437496874999
41e7818d-37a8-43c8-82e8-8fb290603728,1754.0,73.08333333333333,3352.506664791667,30303.875,63.25,0.006881366360108787,0.0020666549766984294,0.3155585858510792,0.41569055838680985,0.1512886426804905,0.009323283617768388,0.0,0.006338236233550529,24,15,0.625,1,5364.010663666666,5190.465330666667,135.56599966666667,15.392666666666665,0.0,10.583333333333334
41e8121c-b1f0-4aa3-92a7-70afffe303a3,964.0,40.166666666666664,3382.37125,14574.958333333334,18.208333333333332,0.00776264117209843,0.0012906221757166957,0.2524796507846135,0.2347982699614206,0.06983112079760934,0.2196191486995386,0.0,0.017203883532470068,24,14,0.5833333333333334,1,5798.350714285715,2930.0314307142858,963.7828592857142,1693.392857142857,0.0,208.0292857142857
41f74efa-889a-4b8e-ab3b-a50485a7eb12,625.0,26.041666666666668,1040.1791666666666,16886.875,26.083333333333332,0.004695407473496496,0.0017940941611402333,0.5760050339619022,0.0,0.08563024111425309,0.3722325270271433,0.0,0.0,24,12,0.5,1,2080.3583333333336,0.0,60.55833333333334,2017.694166666667,0.0,0.0
421affe2-b24c-4935-8106-0473ef3f4244,422.0,17.583333333333332,979.5833333333334,21975.083333333332,23.333333333333332,0.006180356683267964,0.0011080540854672208,0.10547044410374355,0.11888043788993137,0.023563246525528648,0.3553530968959455,0.0,0.0007851972814583832,24,14,0.5833333333333334,1,1679.2857142857142,738.3214285714286,61.77857142857143,593.2042857142858,0.0,5.465000000000001
4293682d-50e9-4133-86e0-576dd09ffd77,230.0,9.583333333333334,404.63249875,7447.333333333333,4.625,0.004917986912151459,0.000636134004677896,0.011056307240887138,0.0,0.4463309026396232,0.034254263507395105,0.0,0.01941483455520912,24,12,0.5,1,809.2649975,0.0,781.8916641666666,18.1575,0.0,9.215833666666667
42a1e1c9-afe8-4211-8cab-c1882a65b2b9,177.0,7.375,829.5208333333334,14853.166666666666,18.333333333333332,0.008761680563841,0.001373465368224354,0.00520483900723395,0.04930013474707109,0.0,0.0,0.25,0.24236653191959556,24,13,0.5416666666666666,1,1531.4230769230771,354.8184615384615,0.0,0.0,204.9023076923077,971.7023076923077
42d0d196-b4a6-414f-989c-af50c602e33e,383.0,15.958333333333334,2512.349583333333,14966.0,9.541666666666666,0.010253885622826938,0.0006272516112279208,0.003396387170084763,0.5492127546545137,0.023105740458624287,0.0,0.0,0.0004078529223458,24,16,0.6666666666666666,1,3768.524375,3077.36123125,101.02000000000001,0.0,0.0,2.449375
42d3abbc-e464-4e19-9de9-2776c526e8b4,273.0,11.375,2296.7766708333334,8688.291666666666,4.0,0.007918843610100026,0.0004994424590197299,0.998300393456815,0.28859015467703303,0.06162147416383735,0.02676418553553339,0.0,0.012999667844016217,24,13,0.5416666666666666,1,4240.203084615385,2417.6723076923076,288.1076926153846,11.543846153846154,0.0,4.363076938461538
42e75d04-2fec-4928-bf0d-f6f1031033c7,185.0,7.708333333333333,426.6104154166667,1636.0,3.7083333333333335,0.014628939586025938,0.0020970366323867957,0.00948725729089439,0.28682786679268696,0.09911344798652828,0.2807253523154934,0.0,0.0,24,16,0.6666666666666666,1,639.915623125,247.958125,146.957499375,244.99999875,0.0,0.0
42f625fa-01a2-4a89-bb08-6e0cf3954b16,21.0,0.875,19.11833333333333,316.125,0.4583333333333333,0.002266946530943625,0.001672935412055308,0.0028583821774837126,0.0,0.16666666666666666,0.041666666666666664,0.0,0.0,24,5,0.20833333333333334,1,91.768,0.0,78.174,13.594,0.0,0.0
42fae8d4-d807-4eb9-a460-f1434f913024,369.0,15.375,1635.2325041645834,11619.0,32.166666666666664,0.017214586836440327,0.003118898820656992,1.1110940661945425,0.26761836195694527,0.19313227162747362,0.0,0.0,0.0,24,15,0.625,1,2616.3720066633327,1283.0493333333334,358.02066666666667,0.0,0.0,0.0
430b2ad3-95a6-4112-8b01-7d818138b563,144.0,6.0,861.7441625,2792.2083333333335,3.2083333333333335,0.007695695521815714,0.0012454955242886291,0.0016390632262194376,0.15310313090248617,0.17799566546251142,0.0,0.03586973781073923,0.04969813388307631,24,10,0.4166666666666667,1,2068.1859899999995,863.865,811.4440000000001,0.0,248.084,144.79299999999998
4340a640-17c0-428c-8d77-b9f48967feef,374.0,15.583333333333334,171.63958333333335,2430.2083333333335,9.208333333333334,0.0024236422349891416,0.002447923845035996,0.10476281403653952,0.0,0.125,0.0,0.0,0.08331945985941547,24,5,0.20833333333333334,1,823.8700000000001,0.0,53.894000000000005,0.0,0.0,769.802
434f43e3-692a-4978-8578-59f4fddb71b2,2385.0,99.375,7576.181250000001,21214.208333333332,137.16666666666666,0.011864831020082664,0.0068145562943207755,0.0071501619043260085,0.31400523782338247,0.14847797624559558,0.0009114547246808791,0.0,0.19452429382725578,24,16,0.6666666666666666,1,11364.271875,4847.765625,2813.8862500000005,13.319375,0.0,3519.0930875
436138d4-992b-45c0-8638-7a7be1c3ab09,124.0,5.166666666666667,48.92625,699.125,0.9583333333333334,0.0022488152182105338,0.0014301577107396375,0.017679500492374118,0.0,0.16666666666666666,0.041666666666666664,0.0,0.0,24,5,0.20833333333333334,1,234.846,0.0,203.852,30.994,0.0,0.0
43638596-cddf-4515-ad7d-2794dd934e5b,979.0,40.791666666666664,9389.675416666667,16467.625,62.833333333333336,0.01185769033280693,0.004185617726695683,0.002224099469359246,0.3239527716426781,0.0831665252500862,0.056949948653763544,0.0022508877332929416,0.20026980108331674,24,16,0.6666666666666666,1,14084.513125,6457.883125,1717.930625,1272.15,36.78125,4598.009375
4390d1bd-9639-49f4-bfb7-7a5e0f6ed1ad,1240.0,51.666666666666664,12012.625416666668,22513.916666666668,46.5,0.014710565196111807,0.002134261015380779,0.0019799926846326083,0.22505567526077053,0.09397425853839847,0.003044195801578692,0.0,0.239658705601366,24,16,0.6666666666666666,1,18018.938125,5313.878125,2071.02625,57.4381250625,0.0,5798.848125
43b0d3a5-12a6-4bfc-b4ab-5575fc50be4c,741.0,30.875,349.53416666666664,21990.916666666668,18.666666666666668,0.0031834376197334836,0.0009225475816015749,0.15760526510516412,0.0,0.14510681562841082,0.3848569935589053,0.0,0.004857914564885292,24,14,0.5833333333333334,1,599.2014285714286,0.0,124.76357142857141,460.7792857142857,0.0,8.304285714285715
43ce0ee9-7db9-41c3-ad0f-cbae19f47d15,1449.0,60.375,3852.6154179166665,13069.291666666666,24.75,0.0026973425118396164,0.0019231282917564544,0.4970488677229972,0.0,0.048123012715018836,0.42242872074377313,0.0,0.028981524448778728,24,13,0.5416666666666666,1,7112.520771538464,0.0,67.20615384615384,7013.422308461539,0.0,29.386153846153846
43d54357-9c7c-478d-9c19-a594f2dd6c0d,1834.0,76.41666666666667,25665.538749999996,59561.166666666664,196.125,0.015385060226859011,0.005347913849068758,0.0014249420085761541,0.3547329086176146,0.09929501090663406,0.06028037779791284,0.0067572382665806755,0.08045676698673636,24,16,0.6666666666666666,1,38498.308124999996,20078.135625000003,5852.07689375,3126.8937475,371.93125125,4478.15125
43f71e9c-6e08-4d81-9972-0c7a87354655,187.0,7.791666666666667,267.4004166666667,5644.375,5.833333333333333,0.010111341135099566,0.0010616149434583375,0.4007315259454685,0.0,0.12505527915975675,0.0,0.0,0.3332278248908404,24,12,0.5,1,534.8008333333333,0.0,37.879999999999995,0.0,0.0,496.75
440a6a68-e675-4f02-9ef3-918245a0fb30,595.0,24.791666666666668,4008.1183333333333,13411.583333333334,20.083333333333332,0.011125397865904519,0.0015129037283312082,0.0132928058053874,0.32798940893885187,0.13118270401479004,0.01733350473694032,0.0,0.18985872826485287,24,16,0.6666666666666666,1,6012.1775,3640.6668750000003,149.763125,172.13375000000002,0.0,2045.7618750000001
445b20cd-f66e-4127-888b-8b5e101ac1fc,912.0,38.0,1654.2908333208334,32478.041666666668,36.375,0.015839270828936432,0.0011331045417720999,0.47111380681512566,0.3223443899835831,0.16291204076775914,0.1237090405186515,0.0,0.015652480933998684,24,15,0.625,1,2646.8653333133334,580.46333198,1067.4286666666665,931.0686669333334,0.0,66.498
447e1d40-0335-414f-9467-266cd52177db,460.0,19.166666666666668,819.0883333333333,15733.083333333334,21.5,0.006039922889927917,0.0014007061161535918,11.481023213254693,0.041666666666666664,0.2091167067961057,0.0,0.0,0.042112323548922886,24,15,0.625,1,1310.5413333333336,66.62666666666667,116.17400006666668,0.0,0.0,147.1326666666667
4492af8f-8290-420e-8271-55c1509dddd8,143.0,5.958333333333333,196.59708208333336,2348.2083333333335,7.916666666666667,0.004515336517121671,0.0034035429890588668,0.022093543195131755,0.0,0.375,0.041666666666666664,0.0,0.0,24,10,0.4166666666666667,1,471.832997,0.0,461.508997,10.324,0.0,0.0
44b02883-7a3c-4320-9726-79e21176487b,364.0,15.166666666666666,1920.55375,7967.583333333333,15.041666666666666,0.0028494333153535043,0.0006467842981323916,0.001932338057343075,0.11043269924747572,0.0009385553290519958,0.03547468997316816,0.0,0.05645107501909344,24,6,0.25,1,7682.214999999999,3082.4250166666666,33.15333333333333,1100.1616666666666,0.0,1837.0749966666665
44bbfa8c-1ba5-4d1e-9a63-9299fa500a75,423.0,17.625,387.2829209166667,7016.875,14.75,0.0033365224718863045,0.0021411250233555374,1.1226449947016979,0.0,0.18623300448906918,0.01752457241563876,0.0,0.0063027102961988254,24,14,0.5833333333333334,1,663.9135787142858,0.0,102.20928585714286,16.464285714285715,0.0,8.973571428571429
44cbf513-0253-4ad7-997c-d86538b4241a,484.0,20.166666666666668,2967.0145833333336,17741.333333333332,42.666666666666664,0.022664871139163656,0.002443802888294496,0.0034590723132420288,0.3979713169742187,0.030456546793371148,0.002302479376820275,0.0,0.23567695141881925,24,16,0.6666666666666666,1,4450.521875,2572.730625,208.886875,14.530625,0.0,1652.9562437499999
44d9a460-372a-4523-979f-a32c7b31e5dc,21.0,0.875,0.0,907.375,5.416666666666667,0.0,0.006520058418351696,0.0,0.0,0.0,0.0,0.0,0.0,24,0,0.0,0,0.0,0.0,0.0,0.0,0.0,0.0
44df5396-dd22-455b-9526-47bae92f1e76,86.0,3.5833333333333335,64.95791666666666,1268.5833333333333,0.875,0.002519848536168625,0.000799635480267475,0.006617571655707883,0.0,0.08333333333333333,0.0,0.0,0.12123058146111614,24,5,0.20833333333333334,1,311.798,0.0,19.618000000000002,0.0,0.0,277.998
4506ada7-7dee-4b55-9e05-517e1a085ad8,1670.0,69.58333333333333,7712.6825,30094.291666666668,61.375,0.013246209398874179,0.002067827235633308,0.004385243480289055,0.3585068012202357,0.018966066794741276,0.02290740311081492,0.0,0.262635121700177,24,16,0.6666666666666666,1,11569.02375,5972.841856250001,362.224999875,413.53625,0.0,4742.50125
450f7d88-9e2c-4c03-9235-3e7a37aafd69,1044.0,43.5,2711.920833333333,21376.208333333332,64.66666666666667,0.01948141553933769,0.0029418040424813996,0.0052596598159286335,0.4196791570137786,0.06730472365709735,0.001737366948480525,0.0,0.05236485842345573,24,13,0.5416666666666666,1,5006.623076923077,3864.2523076923076,571.2423076923077,16.893846153846155,0.0,549.4399999999999
4513dba7-e6f1-4b9e-a3ef-42c14715fa75,66.0,2.75,1094.0841666666668,4565.916666666667,8.458333333333334,0.011253874277909198,0.0019853171541365376,0.0006662950782222793,0.13080246956256275,0.0,0.021086251272336334,0.0,0.3481112791651009,24,12,0.5,1,2188.1683333333335,438.8841666666667,0.0,145.88666666666666,0.0,1603.3975
45161c72-eba0-4c76-9ec0-b409ad468efa,967.0,40.291666666666664,2216.9129166666667,18547.875,124.875,0.006678088699905358,0.007559392295049017,0.023616464160616617,0.047738252837181305,0.436709920280758,0.02949625291073081,0.0,0.09809076102461262,24,15,0.625,1,3547.0606666666663,389.0833333333333,2414.7053336666663,15.470666666666666,0.0,620.8353400000001
45626272-fadd-4bdd-90c6-e363349f9756,1066.0,44.416666666666664,4822.2225,27757.166666666668,43.125,0.00936565702242547,0.0016728993201974875,0.013489381982791171,0.12050026095655604,0.4566416420455958,0.009434617274455766,0.0,0.07346855188136157,24,16,0.6666666666666666,1,7233.33375,1686.730625,4365.583125000001,13.24875,0.0,1083.801256875
456ff663-6025-4404-9d7c-0bbf077069d7,302.0,12.583333333333334,2747.4712416666666,8205.291666666666,17.541666666666668,0.01860085897980859,0.0028139198711249376,0.0020287105859463582,0.4162955391610854,0.0,0.08503031577628652,0.018015729457647203,0.07564199548288632,24,16,0.6666666666666666,1,4121.2068625,2156.710625,0.0,602.3318750000001,102.08250000000001,887.3974999999999
457e1cd2-8392-4167-a33b-c739b008ff3c,1316.0,54.833333333333336,4327.404595833333,27727.333333333332,137.375,0.01224779632249168,0.0050520725968872665,0.0076204474202217305,0.0643811819868496,0.41677389254780284,0.07426344222806491,0.0,0.1106908686043508,24,16,0.6666666666666666,1,6491.1068937499995,578.353125,4046.866875,815.001249375,0.0,1045.2868749999998
457f8718-6c50-421f-9eee-ff80bceba5c5,595.0,24.791666666666668,3907.045,15208.333333333334,32.666666666666664,0.016834976636398113,0.0021736041899094666,0.0024986126993767417,0.44469170581022127,0.14250859198022184,0.04987981996137899,0.0,0.028731244520168054,24,16,0.6666666666666666,1,5860.5675,3766.73375,1327.9281231250002,419.9925,0.0,336.861875
4583e5c2-16e4-4246-ae1e-05839bec7e5f,804.0,33.5,8886.0875,20244.791666666668,76.33333333333333,0.00838199043960213,0.0038347035576868876,0.0019342231321335668,0.3851126285040538,0.02224818483501535,0.011148481643746865,0.05396326396340289,0.1796670080956101,24,16,0.6666666666666666,1,13329.13125,7850.070625,486.44750000000005,247.2225,1024.89,3396.49625
45a542e7-c74c-49fe-88af-4076669e340a,123.0,5.125,250.54250000000002,5584.541666666667,9.75,0.005036420747773659,0.0017760061315449918,0.016521709223891397,0.0,0.4166666666666667,0.0,0.0,0.0,24,10,0.4166666666666667,1,601.302,0.0,601.302,0.0,0.0,0.0
45da3fb1-af5e-43fa-af4a-6962b5c7a277,440.0,18.333333333333332,1590.3117541666668,8545.041666666666,19.791666666666668,0.010029519890875966,0.0023848158443132996,0.01890895200894686,0.1437949446463743,0.3128577427948009,0.00521025227117568,0.001778991460640346,0.08026857119199406,24,14,0.5833333333333334,1,2726.2487214285716,928.8129785714287,809.491392857143,41.001371428571424,17.935864285714285,513.5685714285713
46017782-bb48-4428-9a97-9ba3b4d7c3b2,1741.0,72.54166666666667,28261.987916666665,58397.666666666664,78.25,0.0197930086839207,0.0013776212469047958,0.0013822736874893958,0.4842890511627274,0.0644136327394613,0.0005437027186108042,0.0024682923448918126,0.06722849692955901,24,16,0.6666666666666666,1,42392.981875,29067.62,5700.494375,13.283125,51.469375,3998.4062249999997
4612d44c-678a-4428-afdd-02c73b1410cd,274.0,11.416666666666666,184.35541666666666,1373.6666666666667,6.875,0.002244205272107692,0.0054467393289099495,1.033559738798776,0.0,0.2916666666666667,0.0,0.0,0.0,24,8,0.3333333333333333,1,553.0662500000001,0.0,553.0137500000001,0.0,0.0,0.0
4615d74d-9246-4f95-93bb-d186ee44bed9,198.0,8.25,1301.0979175,3379.7916666666665,8.125,0.016884806230520997,0.0025675108649280583,0.2545510013742429,0.39398759270105166,0.03050626257377796,0.1362320340027486,0.0,0.0008897950949595083,24,15,0.625,1,2081.756668,1614.054,171.09066666666666,134.09733333333332,0.0,7.41
46342fa3-09f6-4aae-b625-16c4ed22ca9c,60.0,2.5,7.216666666666668,2689.9583333333335,3.25,0.00043974282626436245,0.000927063831907071,0.1336830681981677,0.0,0.125,0.0,0.0,0.0,24,3,0.125,1,57.73333333333334,0.0,57.73333333333334,0.0,0.0,0.0
4643233a-c02a-463e-928b-520a950795d4,115.0,4.791666666666667,1608.2441666666666,3454.375,9.166666666666666,0.0045075869163275295,0.002669805881756271,0.3845590678751401,0.16456868499489025,0.19196193090629965,0.018155412671470344,0.0,0.00031397213424533336,24,9,0.375,1,4288.65111111111,2104.1311144444444,1986.1033333333335,193.38333333333333,0.0,5.033333333333333
46469335-7330-46a8-8f49-17e58597bb13,1705.0,71.04166666666667,3020.338333333333,13431.875,17.416666666666668,0.007120139146825125,0.002747530678366167,0.09718007015695847,0.0,0.3333753512166135,0.24515656002778666,0.0,0.0046780899948322295,24,14,0.5833333333333334,1,5177.722857142858,0.0,1907.7242857142858,3205.3621428571428,0.0,64.07214285714285
4655166f-02cd-4a45-b07d-f4cc31e8d922,1283.0,53.458333333333336,2362.190416666667,14339.916666666666,25.458333333333332,0.006501720703195722,0.0018965880503811004,0.03921624294816036,0.15104226909114662,0.16691887070555986,0.2398288236007261,0.0,0.031137868283372325,24,15,0.625,1,3779.5046666666667,1645.1066666666666,1326.0186666666666,381.49733266666664,0.0,57.67799933333333
46557a00-4e0d-4849-8890-9f973869cb71,358.0,14.916666666666666,4139.402916666667,7269.208333333333,19.416666666666668,0.01081072373489532,0.0030147012993595123,0.0016268140472340791,0.44488577966377846,0.0070450319811839425,0.09980600447180295,0.0,0.10985503797035716,24,16,0.6666666666666666,1,6209.104375000001,4001.896875,56.700624999999995,907.035625,0.0,1189.606875
468d3d22-ecb3-45bd-bee1-b6c99b814a8e,213.0,8.875,102.23041666666666,2168.2083333333335,3.1666666666666665,0.003645026374587758,0.001504733428454504,0.010259502648491113,0.0,0.24178203735814896,0.03218351256774634,0.0,0.01770111674077138,24,7,0.2916666666666667,1,350.5042857142857,0.0,304.28999999999996,34.47571428571429,0.0,11.73857142857143
46a0918a-60b7-470f-9e22-957823b28b29,659.0,27.458333333333332,9921.52412625,18045.416666666668,48.958333333333336,0.011838313915067157,0.002852317838254292,0.012408861901666117,0.17834990887425792,0.20045513898980039,0.03477436098335364,0.010746599641542016,0.039379784750713055,24,15,0.625,1,15874.438602000002,5807.069333333334,4225.859332666666,136.15266666666668,433.3233353333334,530.5546666666667
46e046b4-3792-4542-82b3-0a635cbe457e,404.0,16.833333333333332,9923.322083333333,17975.041666666668,41.708333333333336,0.012893476663130163,0.0023078800968974415,0.0033331416842436374,0.40026967809288,0.16190396596722606,0.011421614117128791,0.00039679299520232087,0.0880581458984188,24,16,0.6666666666666666,1,14884.983124999999,9660.373749999999,2814.690625,162.311875,10.42375,2166.2756437499997
46ec9a6c-a1a5-47d5-b65d-c569020313f7,128.0,5.333333333333333,0.0,945.25,8.875,0.0,0.008419991062301275,0.0,0.0,0.0,0.0,0.0,0.0,24,0,0.0,0,0.0,0.0,0.0,0.0,0.0,0.0
46feb099-cc22-4206-a6c9-a2e8063dd8cb,168.0,7.0,3000.5325,5001.5,13.75,0.006779182187143062,0.0030154062664720705,0.0003542500925151208,0.08055849396480484,0.11815863456117144,0.04174713311371978,0.05696064237747531,0.0007562455439635084,24,12,0.5,1,6001.065,1229.4508333333333,1575.704166666667,596.5366691666667,725.7541583333333,9.595833333333333
472dc93f-a3f8-4131-a845-157518bf6693,58.0,2.4166666666666665,1382.9437499999997,3792.7916666666665,6.416666666666667,0.010165345999378858,0.0016523231231136877,0.0008880441199099416,0.36086139604753686,0.17168602979592773,0.0,0.12571667393898897,0.00840256688421302,24,16,0.6666666666666666,1,2074.4156249999996,888.06,619.771875,0.0,548.354375,18.229374999999997
4730f681-b77d-4904-9b23-a22ea0c99dc4,288.0,12.0,2834.9270833333335,12469.625,33.375,0.009471674949837824,0.0034973350823264125,0.0015416867287397086,0.0,0.22887100422709725,0.030932292348010024,0.0,0.24019670309728217,24,12,0.5,1,5669.854166666667,0.0,2436.0958333333333,290.8283333333333,0.0,2942.930016666667
4755befb-8f9f-4dbb-9277-e637805f6d7a,434.0,18.083333333333332,1742.3783333333333,3789.6666666666665,16.75,0.013551671794965019,0.004590051463067422,0.005281972486970608,0.28481037997033176,0.20420502309179353,0.0,0.0,0.1776451319750553,24,16,0.6666666666666666,1,2613.5675,1003.7687500000001,938.695625,0.0,0.0,671.0725
4771ecc5-4b68-4d5d-b7dc-7f535a37d0a9,721.0,30.041666666666668,1487.4966707916665,13114.125,29.833333333333332,0.004941126671907525,0.002301113200047554,0.16837060996774456,0.3815860810181027,0.018680627659353816,0.009685925210604218,0.0,0.06115459905540647,24,13,0.5416666666666666,1,2746.1476999230767,2271.7669384615383,38.222307692307695,64.82076846153846,0.0,367.96692299999995
4779588d-1ecc-46e1-84b1-0d3891851443,20.0,0.8333333333333334,50.033333416666665,716.7083333333334,1.6666666666666667,0.0038579800680056293,0.0027237821331626832,0.004127963966728679,0.0,0.1429293070140823,0.11818036873840447,0.0,0.030556990914179908,24,7,0.2916666666666667,1,171.5428574285714,0.0,128.50285714285715,34.930000285714286,0.0,8.110000000000001
477c511e-c9ab-4151-bed2-a5b04dff11f5,32.0,1.3333333333333333,0.0,1504.7916666666667,1.2083333333333333,0.0,6.74660224628375e-05,0.0,0.0,0.0,0.0,0.0,0.0,24,0,0.0,0,0.0,0.0,0.0,0.0,0.0,0.0
4789c10d-e164-46bd-b31e-34b359d70449,340.0,14.166666666666666,1293.86625,6720.166666666667,17.166666666666668,0.0020464190102361043,0.002567638454660209,1.3508608534035291,0.0,0.2916666666666667,0.0,0.0,0.0,24,9,0.375,1,3450.31,0.0,3449.9166666666665,0.0,0.0,0.0
478d11f0-e20d-4bee-b9bf-306236572df8,367.0,15.291666666666666,2283.9654166666664,7414.083333333333,24.75,0.020869659919553224,0.0033651136304693498,0.0035598348736525162,0.39615088989489444,0.053238581815313525,0.013622337196051881,0.0,0.10032650954748228,24,16,0.6666666666666666,1,3425.948125,1889.7537499999999,326.26250000000005,90.02437499999999,0.0,590.7481250000001
479e4bf7-ec05-4f34-aaaf-6f59defe4dd8,286.0,11.916666666666666,1155.8295833333334,11810.875,16.333333333333332,0.0022623155832173915,0.0014994430263674165,0.18932318136166507,0.0,0.19105078316345336,0.03628655532091892,0.0,0.022662661515627725,24,10,0.4166666666666667,1,2773.9910000000004,0.0,2730.689,22.682,0.0,16.613
47d8c28b-96bb-4c99-9271-8d788630993f,672.0,28.0,2603.0925,19750.291666666668,33.083333333333336,0.010203327495885614,0.0016169847129080706,0.0065347253091432465,0.0374714670937979,0.19003066614917866,0.24002354491203973,0.0,0.1775303082169822,24,16,0.6666666666666666,1,3904.63875,62.4625,981.874998125,1750.933749375,0.0,918.343748125
47e41174-14a9-4bb9-a73d-2150251062be,789.0,32.875,1251.2520958291668,17459.916666666668,34.958333333333336,0.004223934852636054,0.001960417379246971,1.26995302441317,0.24886413180706088,0.14443943478044338,0.015925647643004148,0.0,0.006493383121205609,24,14,0.5833333333333334,1,2145.0035928500006,1397.4285928571428,97.24857142857142,16.714285714285715,0.0,8.8071425
47f357d0-fce5-462f-b6ef-eb34cba0ba8d,52.0,2.1666666666666665,86.82458333333334,721.375,1.0833333333333333,0.002438777726042271,0.0015514341194739541,0.00516289493440265,0.0,0.20833333333333334,0.041666666666666664,0.0,0.0,24,6,0.25,1,347.29833333333335,0.0,330.645,16.653333333333332,0.0,0.0
48098314-b25d-4777-a920-8612f3c9f354,511.0,21.291666666666668,5086.705000000001,13488.75,24.5,0.012094848472748632,0.00188702312900185,0.0028463630646688998,0.4632144061913146,0.04515023523813309,0.0016469739701870708,0.006441449916732075,0.02187455906191549,24,16,0.6666666666666666,1,7630.057500000001,4698.399375,785.884375,9.801875,141.638125,421.50687500000004
482167ca-cc0c-42d9-90c4-cec586a3d2b3,970.0,40.416666666666664,2081.7708454166664,2297.0833333333335,8.5,0.004578578915847654,0.007546552412826521,0.04217599364006506,0.08331714903615928,0.18578158766032346,0.13150028305570327,0.0,0.024424531046181277,24,15,0.625,1,3330.8333526666665,718.3199999999999,154.02733333333336,948.0113346666666,0.0,15.799333333333333
4826de2a-dfde-46ef-af29-16c815f6491e,352.0,14.666666666666666,440.5508333333333,3051.4166666666665,10.208333333333334,0.002946638030374017,0.0033665973385098914,0.3694658988743347,0.0,0.1667782622397119,0.0,0.0,0.023901685541173136,24,12,0.5,1,881.1016666666666,0.0,83.33166665,0.0,0.0,227.94748333333337
484626ba-a49e-42cd-b5d2-319da5a06696,536.0,22.333333333333332,2274.8908333333334,8748.25,17.541666666666668,0.015147350297151535,0.0020799035080252795,0.005369986580423959,0.39757900387691053,0.020537811784172456,0.0032702155634753128,0.0,0.06761091583818257,24,16,0.6666666666666666,1,3412.3362500000003,2203.526875,91.241875,14.176875,0.0,512.00625
484a8571-70ec-4d6c-b41c-f08559d07f6d,86.0,3.5833333333333335,131.65375000000003,0.0,0.0,0.0008137818816609375,0.0,0.00048038794417055417,0.0,0.125,0.0,0.0,0.0,24,3,0.125,1,1053.2300000000002,0.0,1053.2300000000002,0.0,0.0,0.0
48558dd6-363e-4950-a531-bd03342032f1,46.0,1.9166666666666667,75.32291666666667,912.6666666666666,4.041666666666667,0.003451751317778775,0.0043619857458265,0.007497851020749954,0.0,0.19085419988720745,0.07275682011935208,0.0,0.028055646660107143,24,7,0.2916666666666667,1,258.25,0.0,237.4742857142857,14.91,0.0,5.865714285714286
48aa56ae-b3c1-4222-87a7-e9d533dc935d,134.0,5.583333333333333,610.3345833333334,1919.9583333333333,5.041666666666667,0.010935034840263425,0.0026017293525376754,0.0036104696169000877,0.5532257855559108,0.0483546018292006,0.061989335482502156,0.0,0.0030969422943342624,24,16,0.6666666666666666,1,915.501875,742.8812481250001,81.713125,86.3475,0.0,4.5600000000000005
48ae2cab-47f5-46ef-90b2-3513442a6ba6,143.0,5.958333333333333,523.6012500016667,3427.9166666666665,4.625,0.006661289280388084,0.0014601569112059792,0.3292426392674316,0.34389544250046017,0.020933040366847788,0.08015476685935592,0.004135272608601013,0.008729289287499541,24,12,0.5,1,1047.2025000033334,839.6816691666668,58.63999999999999,94.49333333333334,17.334166666666665,36.27
48bc4c28-ce9d-4316-aa1c-f67910077466,1649.0,68.70833333333333,5091.442904166666,29487.833333333332,84.0,0.010030674655505176,0.0029886558460252544,0.010977421812036363,0.5192873130729934,0.013331888168307438,0.05497063616596654,0.00456219844428632,0.023992238242511645,24,16,0.6666666666666666,1,7637.164356249999,6095.249981250001,86.40437500000002,1079.3175,23.171875,241.61499999999998
48bd2ef3-19de-4f80-816a-668670dcaf5f,335.0,13.958333333333334,992.6495833333335,14508.958333333334,19.333333333333332,0.005325763434104676,0.0013546549471498044,0.012567183953972454,0.49580355228993317,0.08455917441425698,0.00031269543464665416,0.0,0.0,24,14,0.5833333333333334,1,1701.685,1666.105,25.401428571428575,1.0714285714285714,0.0,0.0
48c4f157-8986-454e-a319-04fd442141aa,122.0,5.083333333333333,1019.1079154166667,3028.2916666666665,7.041666666666667,0.0070026574806966585,0.0026588074566095752,0.0016714530350714042,0.24271690438059915,0.16903043544965013,0.007911255425155295,0.0,0.2053414067828433,24,15,0.625,1,1630.5726646666665,557.090002,449.30066666666664,14.584666666666667,0.0,609.5973333333333
48e01c72-8902-4daa-a5a1-604f4d70f571,526.0,21.916666666666668,5405.951666666667,10196.083333333334,37.916666666666664,0.021629755504740906,0.0037632815113595917,0.00308641804549315,0.5326262263267058,0.029152075737290627,0.10432700879884009,0.0,0.00026346097736108337,24,16,0.6666666666666666,1,8108.9275,4003.949375,270.32562499999995,3828.64999875,0.0,4.321875
48fbce3d-df07-4674-af3d-3ee31dacf181,592.0,24.666666666666668,2403.6687375,5595.416666666667,31.25,0.01289549462080719,0.005993142766377517,0.004941075953328229,0.43011728605395244,0.1742930267499283,0.06146011560033784,0.0,0.0007568679964083457,24,16,0.6666666666666666,1,3605.50310625,2220.5825000000004,1064.286875,316.8125,0.0,3.645625
493a2ea8-1766-4188-9c2e-577a4b43dc09,154.0,6.416666666666667,2271.99875,4824.125,5.458333333333333,0.008559687227880567,0.0013733245508749667,0.0014067392666275375,0.29798820266609233,0.21656612188882332,0.1257768927490737,0.0,0.026335449399820524,24,16,0.6666666666666666,1,3407.998125,1499.9724999999999,1159.928123125,624.790626875,0.0,123.30687499999999
493eef07-1eb6-42b5-ac45-4c8e743f26f2,525.0,21.875,8068.552083333333,12364.0,17.458333333333332,0.02026680395731673,0.0015273825001116375,0.0013431481265996584,0.5716688002275264,0.03214494649766748,0.013838670971682983,0.0,0.012856456227636233,24,16,0.6666666666666666,1,12102.828125,10329.58496875,600.54625,257.29000125,0.0,246.42875
4955f086-fb1b-4f2b-a2bb-9a5a5350c110,1100.0,45.833333333333336,2451.5483333333336,15296.5,53.208333333333336,0.008095252745997478,0.003862376175328754,0.01485441218867832,0.02141330659774845,0.18259087965233212,0.001270515119005329,0.0,0.348445888722461,24,14,0.5833333333333334,1,4202.654285714286,317.1835714285714,1060.9799999999998,18.210714285714285,0.0,2446.6264264285714
49c3d94a-9cb6-4da1-8597-18938f275b7b,403.0,16.791666666666668,1150.131666666667,3417.9583333333335,6.958333333333333,0.02288121639481645,0.00201796932577645,0.009626042583008742,0.43735719956683883,0.015516677175330089,0.2116448874865066,0.0,0.0020798426955610416,24,16,0.6666666666666666,1,1725.1975000000002,1317.151875,27.369999999999997,377.25875,0.0,3.170625
49dfedb3-e5dc-438c-8ed9-ead539b2ee2e,733.0,30.541666666666668,5682.035416666666,20461.208333333332,56.041666666666664,0.014140663444103444,0.0027289024886929455,0.004056263886198646,0.34562123974889897,0.1599470326920842,0.05293086229465924,0.0,0.031117386809827795,24,16,0.6666666666666666,1,8523.053124999999,4571.900625,1703.41625,712.619375,0.0,461.64125
49f43d3c-dc34-48a7-94a6-93f4591bcf25,1330.0,55.416666666666664,4744.4908125,21534.625,124.83333333333333,0.012375610323134204,0.006215869657101342,0.034054137619784014,0.19545160460380642,0.23745586922877382,0.015930623393649493,0.025278611393415595,0.1923908309455069,24,16,0.6666666666666666,1,7116.73621875,2369.274375,1746.41061875,236.32875,313.94437500000004,2447.915625
4a0aba08-ba46-43cd-95da-7f5bb7d1f531,469.0,19.541666666666668,3713.9166666666665,10926.25,31.791666666666668,0.007353999247115296,0.0030778395042407787,0.007147554099111099,0.40492706878015555,0.103010478257971,0.04415223677160279,0.0,0.11203660448338475,24,16,0.6666666666666666,1,5570.875,3718.70125,1020.94749375,280.093125,0.0,544.353125625
4a2bbd5d-76fe-4a5e-8ccb-6d300f1745a7,250.0,10.416666666666666,2503.661666666667,3364.0416666666665,9.208333333333334,0.009129182283987847,0.0028911360848848586,0.002068196585858425,0.3659829368062173,0.04483774983549254,0.11676221577005623,0.0,0.13908376425490052,24,16,0.6666666666666666,1,3755.4925000000003,1994.4550000000002,190.25625000000002,617.9768750000001,0.0,952.8043749999999
4a34dbbf-fad3-4019-a3e8-ee84a9552aed,300.0,12.5,426.9874998333333,4164.291666666667,11.25,0.0069227287719578505,0.0028124472532763873,0.3413411623560266,0.0,0.16666666666666666,0.0,0.0,0.20833333333333334,24,14,0.5833333333333334,1,731.978571142857,0.0,88.50214257142859,0.0,0.0,374.64285714285717
4a619ac6-fa2c-449e-8e7d-7068bc43e2f0,297.0,12.375,888.0212537500001,12259.166666666666,8.083333333333334,0.003045443084545629,0.0006825589264627625,0.024473143272116537,0.30578271376560423,0.03900090092443544,0.1894464419941031,0.0,0.034877918592477374,24,14,0.5833333333333334,1,1522.3221492857142,815.9035857142857,27.190714285714286,394.11928499999993,0.0,199.11285714285714
4a959ce1-09b4-4596-9e8d-a9898f3e5e8b,185.0,7.708333333333333,4334.515416666666,5229.875,9.583333333333334,0.012662248386428368,0.0022196465374315377,0.0007189608660109209,0.5773738457901871,0.019988647337156048,0.0,0.0,0.0687867077265648,24,16,0.6666666666666666,1,6501.773125,5630.270624999999,226.01125,0.0,0.0,640.42875
4a9c7aab-00b4-4144-98d0-d10b001f150f,26.0,1.0833333333333333,186.57791666666665,998.125,0.2916666666666667,0.0006633304492015376,3.213202459682917e-05,3.7220077105108335e-05,0.020568465959634078,0.0110013242903434,0.0027512150494170954,0.0,0.007345661367272088,24,1,0.041666666666666664,1,4477.87,2210.47,1182.3,295.67,0.0,789.43
4aa844cc-df94-4d0c-925e-e402d67251de,1289.0,53.708333333333336,856.2316666666666,20213.708333333332,30.791666666666668,0.005043073995886483,0.0015312755035486042,12.635650391695087,0.1683696285570225,0.08930132681689813,0.05472663694828955,0.0,0.09896979433319675,24,14,0.5833333333333334,1,1467.8257142857144,495.7642857142856,442.3035785714286,82.94714285714285,0.0,443.07214285714286
4aae5f81-a5f2-498e-8ddb-03869bc438a7,1191.0,49.625,1715.6470833350002,43358.541666666664,128.54166666666666,0.011483509389124296,0.0035614774001079042,2.6287176460153674,0.0,0.3712423622381958,0.0,0.0,0.12490660482830869,24,13,0.5416666666666666,1,3167.348461541538,0.0,2186.0861538461536,0.0,0.0,944.7776923076924
4ab2e86a-62b4-416b-8028-df78a5e76de4,2417.0,100.70833333333333,5334.6791791666665,29585.041666666668,97.91666666666667,0.028416365831936578,0.0034005796199257456,0.011175723615426576,0.2808741388479244,0.0273169802258955,0.02932240612345921,0.0,0.20960022986765922,24,16,0.6666666666666666,1,8002.01876875,2532.92,216.63375,513.01875,0.0,3493.30563125
4ab3b66c-f26b-4b76-9f54-e8d87c39bbfc,77.0,3.2083333333333335,1500.4333333333334,3896.75,1.7083333333333333,0.01950623820505057,0.00034635035159195004,0.0014248368285907085,0.17451818421500986,0.47322768592042547,0.018920798332830484,0.0,0.0,24,16,0.6666666666666666,1,2250.65,574.4375,1620.4993812500002,55.713125,0.0,0.0
4abc1a28-dc25-421d-b3d0-3df9909867cf,949.0,39.541666666666664,10985.668375000001,21775.333333333332,125.375,0.014155082492883109,0.0058128093183278705,0.0038217561308146624,0.22762987898366263,0.16661785620242173,0.08742764359300453,0.01311547346213813,0.17061683680056183,24,16,0.6666666666666666,1,16478.5025625,5707.750625000001,3820.3437125,1484.294375,412.30374875,5021.463750000001
4ad0658f-35e8-41af-be9b-f898d7639c8e,2423.0,100.95833333333333,14324.263333333334,37212.75,320.5833333333333,0.009451585918295613,0.008845278280612488,0.0034065546175289295,0.3728481867666531,0.08589129798813118,0.051347388762965164,0.011799496449095254,0.10939572895041809,24,16,0.6666666666666666,1,21486.395,11276.780625,3135.06063125,1759.0449999999998,376.4125,3840.324375
4b001919-d9eb-44cd-a39c-929311a31a7d,671.0,27.958333333333332,4675.679166666667,18287.583333333332,26.041666666666668,0.004395050780107483,0.0015110064581927874,1.8804752849573418,0.0,0.15846245753614155,0.20675079587974876,0.0,0.022937281826523086,24,11,0.4583333333333333,1,10201.48181818182,0.0,65.30545454545455,10062.331819090909,0.0,43.41545456363637
4b0426b7-4c09-492a-9347-54085f8aa610,22.0,0.9166666666666666,0.0,335.3333333333333,0.875,0.0,0.0004888206702725416,0.0,0.0,0.0,0.0,0.0,0.0,24,0,0.0,0,0.0,0.0,0.0,0.0,0.0,0.0
4b186229-f86d-4df1-b2b8-935f32f6b1dd,19.0,0.7916666666666666,4.3325000000000005,248.125,0.4166666666666667,0.0010092358538981666,0.0010873947467730416,0.001932591218305504,0.0,0.08333333333333333,0.0,0.0,0.0,24,2,0.08333333333333333,1,51.99,0.0,51.99,0.0,0.0,0.0
4b1a7396-80df-4fc3-9a56-ed926d9a9752,282.0,11.75,2543.8479166666666,4372.708333333333,11.5,0.019234606993653133,0.022025188334235474,0.0025556498252072165,0.5503269222078256,0.007707756750783983,0.036458983776539076,0.0,0.07118328868533484,24,16,0.6666666666666666,1,3815.771875,3209.320625,75.8375,173.015625,0.0,352.192500125
4b41c702-6407-4257-b33c-86a9816174f0,587.0,24.458333333333332,1091.2995833333334,19678.416666666668,38.666666666666664,0.004988578435232696,0.0018392396677739667,0.010992212921607155,0.0,0.08345999638791264,0.37146659885036937,0.0,0.0,24,11,0.4583333333333333,1,2381.0172727272725,0.0,71.75363636363636,2289.433636363636,0.0,0.0
4b44e639-57fc-455d-aa98-394aefa59b8b,852.0,35.5,7055.003333333334,19781.083333333332,45.833333333333336,0.012495324836770759,0.0023925433758414834,0.00259326503733655,0.5172296014236791,0.020824861885653686,0.02181037825779096,0.0,0.10663979595663607,24,16,0.6666666666666666,1,10582.505000000001,8032.443125,324.53875,377.204375,0.0,1845.288748125
4b7bd1c8-cfdc-4f43-b4c3-6383c83881ff,37.0,1.5416666666666667,449.46958333333333,920.9583333333334,1.3333333333333333,0.0016561850432205208,0.00012374136230008332,9.65644381448375e-05,0.03780115358195355,0.0,0.0038655130847131207,0.0,0.0,24,1,0.041666666666666664,1,10787.27,9786.51,0.0,1000.76,0.0,0.0
4b872346-72b9-43e0-9b59-c016f9596dbf,333.0,13.875,149.91417083333332,10450.166666666666,16.875,0.003805749216411025,0.0014856550962789334,0.01818023448796764,0.0,0.25,0.0,0.0,0.0,24,6,0.25,1,599.6566833333333,0.0,599.6566833333333,0.0,0.0,0.0
4b949651-de68-4492-a818-0eeaa41b4cd1,296.0,12.333333333333334,3836.170820833333,7277.166666666667,20.0,0.003234771802571021,0.0017028481999681877,0.00402545627423255,0.07825038584290589,0.062337468240748574,0.19172179778057177,0.0,0.058916216614923744,24,11,0.4583333333333333,1,8369.827245454546,1463.4445454545455,1181.9381818181819,4069.213636363637,0.0,1119.1200000000001
4b9ebd0b-9405-4a66-86f5-1b3a67825575,112.0,4.666666666666667,116.33249995833334,1792.0833333333333,2.5,0.0037712130651974076,0.002628079583614083,0.010160393435963934,0.0,0.08333333333333333,0.0,0.0,0.048640867499037094,24,4,0.16666666666666666,1,697.99499975,0.0,33.85999975,0.0,0.0,387.1225
4be622ae-280b-4fd6-91f4-b4060a9f57e3,1283.0,53.458333333333336,2833.377083333333,42479.916666666664,76.95833333333333,0.015569681593922191,0.001821527827979396,0.01745721439904545,0.45406000554241405,0.1693828621056944,0.027719757456651676,0.0,0.014821299677061616,24,16,0.6666666666666666,1,4250.065624999999,2096.176875,2026.19431375,73.33687499999999,0.0,51.4225
4c044132-2515-403c-a201-7677b247db17,3205.0,133.54166666666666,18877.44783333333,43795.5,119.0,0.007504284994996246,0.002761192111800233,0.053009918628272513,0.17264219848004606,0.1965601177741211,0.030743644586639838,0.02987103222469965,0.23479280190620824,24,16,0.6666666666666666,1,28316.171749999998,9033.070625,5430.6581187500005,1302.6093768750002,1635.335,10860.15993125
4c2c2e9e-84ee-486b-8efa-196bc26395a2,491.0,20.458333333333332,6492.791666666667,16738.833333333332,16.666666666666668,0.013869193213611472,0.001159840468845279,0.001465464888741875,0.49411329338075266,0.06341455450054014,0.030986891321905057,0.0,0.07761854146814297,24,16,0.6666666666666666,1,9739.1875,7367.23625,775.277493125,420.66625,0.0,1166.34375
4c3da934-6c9d-4576-9351-5c643d39ed15,522.0,21.75,941.4625083333332,6975.375,11.833333333333334,0.006534188151080596,0.0018693809765793082,0.02450280249530133,0.0,0.16253974390629597,0.3833384227810179,0.0,0.07778418416630932,24,15,0.625,1,1506.3400133333332,0.0,171.31733466666665,1214.72666,0.0,114.71199999999999
4c5a9ba2-66b8-40b4-a95e-27df6fd4a15a,1771.0,73.79166666666667,5463.96625,22737.291666666668,47.083333333333336,0.02410132533930109,0.002072618635523075,0.007645563685921792,0.3458951925209439,0.050871836763004545,0.0012022772750877417,0.0,0.18591040882497945,24,16,0.6666666666666666,1,8195.949375,3972.240625,771.50125,13.81,0.0,2512.5324999999993
4c66101a-c40c-4f54-83c1-49ab3be8315f,176.0,7.333333333333333,253.85999999999999,1025.0833333333333,1.5,0.003399362858253458,0.0017885951722246332,0.014304553469721926,0.0,0.1251754104891665,0.24982458950130035,0.0,0.0,24,9,0.375,1,676.9599999999999,0.0,237.33555554444442,439.6244444444444,0.0,0.0
4c808486-c68b-43fb-964c-b598392390f1,208.0,8.666666666666666,202.57916666666668,3115.1666666666665,9.875,0.0026701620074375087,0.0032726439821900953,0.007629837789444884,0.0,0.25,0.0,0.0,0.0,24,6,0.25,1,810.3166666666666,0.0,810.3166666666666,0.0,0.0,0.0
4c88a3f7-aaaf-430a-a707-9e5fdb9211ad,1285.0,53.541666666666664,5706.955875,14739.666666666666,50.75,0.012661119740600612,0.003498426556797725,0.006391169437506283,0.6104110408643278,0.005695596807913866,0.04255582184362871,0.0,0.0020060214325422665,24,16,0.6666666666666666,1,8560.4338125,7927.6762499999995,41.379999999999995,518.4918937499999,0.0,13.81625
4caa02bd-e96f-4415-bea4-7cc1596962e0,1708.0,71.16666666666667,8455.915,16240.541666666666,80.58333333333333,0.013803932606542396,0.005115215374767546,0.010589662423850605,0.4071154439142038,0.08126694887410192,0.0,0.0,0.17734296973716882,24,16,0.6666666666666666,1,12683.872500000001,8278.377499999999,343.25125,0.0,0.0,4040.229374375
4cdf6c5f-5757-41fa-baf7-ad9c06dd785d,586.0,24.416666666666668,1054.45,19112.333333333332,85.95833333333333,0.007673218871541004,0.004575984116092671,0.18109431956754707,0.0,0.3367704052065286,0.11999036501125415,0.03276272098898978,0.04577353776858991,24,14,0.5833333333333334,1,1807.6285714285714,0.0,1281.2928571428572,375.3171428571428,20.320714285714285,102.94857142857143
4ce63ed2-22c1-4491-8f31-12d104c76095,1986.0,82.75,3363.6558333333337,56652.625,157.91666666666666,0.020535142266969997,0.002811043396865888,0.0856112644767711,0.0,0.14116643805155732,0.009043990627191405,0.0,0.3878223356265218,24,16,0.6666666666666666,1,5045.48375,0.0,119.78125000625,13.219375,0.0,3402.432499375
4d1a07e3-4540-45c3-821e-bd3e3367c9ba,792.0,33.0,5283.784166666667,24677.333333333332,35.0,0.01433683964813332,0.0014619222231412917,0.003506504355648633,0.5761904061379746,0.008025820040269726,0.03550855988846168,0.009642350879298944,0.004466236872446009,24,16,0.6666666666666666,1,7925.67625,6414.955,65.306875,645.71875125,118.514375,68.13625
4d1bb716-6f4d-4f65-9610-7ce9fb31bd15,109.0,4.541666666666667,0.0,5453.0,10.666666666666666,0.0,0.00206428032847,0.0,0.0,0.0,0.0,0.0,0.0,24,0,0.0,0,0.0,0.0,0.0,0.0,0.0,0.0
4d1f6f1b-0b0f-4a5c-a5c2-43a71a8f4905,587.0,24.458333333333332,2183.9975,16265.875,30.791666666666668,0.00739458997035377,0.0019160390518503667,0.3140534885443983,0.0,0.11116154703037773,0.12132951278674255,0.0,0.08631690297898603,24,15,0.625,1,3494.396,0.0,523.6773333333333,339.213999,0.0,602.3140000000001
4d568367-ddc2-4a9f-bc55-762a0885865e,1074.0,44.75,5906.918333333334,26893.375,66.33333333333333,0.007646063940242758,0.002573062361751867,0.0171708312486419,0.2937728403973641,0.15687557787087153,0.018027427927352756,0.010676831883277817,0.04925976262072327,24,16,0.6666666666666666,1,8860.3775,5128.92375,1007.7768750000001,292.346875,186.73812500000003,1048.615630875
4d7381a5-c604-47e7-b9c8-bb3e25c708f1,860.0,35.833333333333336,1169.7995833333332,17487.333333333332,43.75,0.005557427795998841,0.0029328898067813498,0.7875721024865713,0.0,0.09133620439286005,0.3766414569028946,0.0,0.0318042670198438,24,13,0.5416666666666666,1,2159.63,0.0,72.42384615384616,2001.262307692308,0.0,84.45692307692308
4d767c1e-022b-4571-b864-2525cb72acd6,1317.0,54.875,2432.5750000000003,20986.041666666668,81.75,0.003983424002988162,0.0039512356657080625,1.4170498112681598,0.3666508141119699,0.09785579327632428,0.027290271779561948,0.0,0.006877494223902541,24,13,0.5416666666666666,1,4490.907692307693,4322.564623076923,123.68923076923078,17.38230769230769,0.0,8.06
4d85bc12-0822-40a5-a723-475e22f96f59,1496.0,62.333333333333336,5707.62,17737.958333333332,69.16666666666667,0.016689443145751586,0.004020689290842779,0.006016304828442037,0.308832178780024,0.2794478452921068,0.0014881005543349458,0.0,0.0010643395529339667,24,16,0.6666666666666666,1,8561.43,3353.41,3922.6475,12.49625,0.0,10.111875
4d8b44d0-46a8-4348-bdac-f0498bd64dd8,239.0,9.958333333333334,101.51041666666667,5448.041666666667,12.291666666666666,0.007333264761324363,0.002335529227521321,0.010309121263908906,0.0,0.08504567174118656,0.0,0.0,0.12328766159214676,24,5,0.20833333333333334,1,487.25,0.0,49.982,0.0,0.0,437.26800000000003
4d93b431-653c-4640-8109-98c078ad5308,1252.0,52.166666666666664,10701.4,25285.583333333332,98.0,0.017584222505830773,0.0038770647097196667,0.0022170037383998334,0.3943854726948626,0.06834113715862632,0.0006489944016976292,0.04930878966164879,0.15284222795313923,24,16,0.6666666666666666,1,16052.099999999999,9517.846875000001,1610.90311875,14.725625,1175.6825,3701.9275
4da0f81b-d3eb-4f96-b936-100d03bd5cd0,1687.0,70.29166666666667,5733.504166666667,19308.166666666668,58.5,0.008714267560758595,0.002976110636099708,0.0060055804957315625,0.31913872396826193,0.12440157314393165,0.06035382694399064,0.015858705877216536,0.1468647848872963,24,16,0.6666666666666666,1,8600.25625,3688.1881249999997,1971.861875,947.4000006250001,241.32750000000001,1750.33375
4dacf586-0f28-4b27-aeed-cfb148e9e29e,406.0,16.916666666666668,9223.224583333335,20520.166666666668,22.291666666666668,0.018753797210876017,0.0011081649864464165,0.0007039594314218332,0.37110329779651,0.13781697519199113,0.02802468732616986,0.002760947200977483,0.08379360832483439,24,15,0.625,1,14757.159333333333,8592.51,3219.7679999999996,661.4579986666666,46.88999999999999,2199.385326666667
4e8bc8d3-babb-4e20-9f2d-4fe3f86bb589,117.0,4.875,60.29375000000001,2099.4583333333335,5.916666666666667,0.0015948664272974749,0.0028893266403456873,0.0031895315012990667,0.0,0.16666666666666666,0.0,0.0,0.0,24,4,0.16666666666666666,1,361.76250000000005,0.0,361.76250000000005,0.0,0.0,0.0
4e8fd77f-a40a-4464-bc21-75b3df632ea0,190.0,7.916666666666667,176.40291749999997,4054.2916666666665,18.333333333333332,0.004295976887533542,0.0052251662976960005,0.007739026813653808,0.0,0.23992858643142198,0.0517380802352447,0.0,0.0,24,7,0.2916666666666667,1,604.8100028571429,0.0,594.4171457142857,10.392857142857142,0.0,0.0
4eb304e7-f738-4d6f-b656-6fc224690e37,334.0,13.916666666666666,3110.7604041666673,7970.791666666667,10.041666666666666,0.009733892420027508,0.0012164732853153625,0.0066018371423835044,0.29461219573757735,0.16735194267580122,0.0940174543934675,0.0,0.11068507598721226,24,16,0.6666666666666666,1,4666.140606250001,2242.1525,996.4868749999998,527.440625,0.0,900.0606250000001
4ec47218-902c-469a-a038-5b9f740f57db,225.0,9.375,917.7537458333333,8214.791666666666,13.583333333333334,0.006761260034636996,0.001751889712029129,45.83720095983255,0.1337074027606673,0.023264700474909056,0.32237921449537005,0.0,0.06231535140092439,24,13,0.5416666666666666,1,1694.3146076923078,529.8592307692307,107.77461538461537,828.9215384615384,0.0,227.75923
4ee282d1-3016-432e-a1aa-e38d704c32c5,995.0,41.458333333333336,3887.669583333334,14915.583333333334,12.458333333333334,0.028873576297765127,0.0008381600684385917,0.005433206353495863,0.5318165323078147,0.026802222247224384,0.0,0.0,0.02692233332347192,24,16,0.6666666666666666,1,5831.504375,4471.476250000001,310.609375,0.0,0.0,301.58624999999995
4ef476f6-4c6b-4747-81ea-a3d50231aa1e,527.0,21.958333333333332,901.9091625,10731.333333333334,48.25,0.007560236538597683,0.0035579690775540003,0.2723240163166388,0.13084048350382088,0.06653309750399289,0.012828097178460646,0.0,0.012307793514054408,24,14,0.5833333333333334,1,1546.129992857143,222.80285714285714,148.20714285714286,25.696428571428573,0.0,41.25714285714286
4ef4d45c-db18-4810-a4bb-a3c6e5ded93c,487.0,20.291666666666668,5873.63,11164.166666666666,55.541666666666664,0.009935097962598054,0.005319789839877683,0.0035202920272146454,0.3118816403971189,0.10570250890049239,0.03510145972299599,0.023401749954742646,0.14840973173511007,24,15,0.625,1,9397.807999999999,5254.811333333334,1148.0286666666666,381.466668,406.19600133333336,2199.116666666667
4ef61cfc-a0b8-4f21-8c19-0755e3317d6d,2041.0,85.04166666666667,14087.552916666667,25730.375,52.791666666666664,0.012919228866890951,0.0021939854854573,0.0026972413492952914,0.41098427834134627,0.13076573929240184,0.08646841816534666,0.0,0.0008410544095845833,24,16,0.6666666666666666,1,21131.329375,12963.776875,4155.131875,2629.463125,0.0,33.11312375
4efabfc3-bf2d-4988-bb35-f894b39919ee,1420.0,59.166666666666664,15223.689999999997,11434.375,91.66666666666667,0.015949207829321146,0.009576612823601874,0.0017468237091345876,0.45424141981856697,0.030000370923866686,0.008073854512654,0.0,0.14381787946720873,24,16,0.6666666666666666,1,22835.534999999996,15305.8275,1124.72,289.409375,0.0,5045.190624999999
4f25330a-672b-4c3b-b7f4-050ee3463d68,443.0,18.458333333333332,2458.2304166666668,8054.25,14.541666666666666,0.014590825606812725,0.001843293244013075,0.0038735635925067464,0.27181624612882843,0.25528924374948886,0.10304944406598925,0.0,0.018002221745806738,24,16,0.6666666666666666,1,3687.345625,1324.36063125,1587.52186875,563.2562437500001,0.0,109.666875125
4f46a21e-b8bf-4cc2-824d-7d79ccda0e82,96.0,4.0,1161.6516666666666,2987.8333333333335,6.333333333333333,0.01602515749077295,0.002119414993247892,0.0013373463604205292,0.3742967760402407,0.0,0.14810557915351288,1.1775899914271451e-06,0.0,24,16,0.6666666666666666,1,1742.4775,978.321251875,0.0,387.60187500000006,0.003125,0.0
4f6b47fb-3186-4219-b80e-d895726cfa84,589.0,24.541666666666668,4936.915416666667,12892.166666666666,39.5,0.012162610415347254,0.0032682355710321755,0.1612748457047338,0.12941572375922525,0.26418265569865645,0.0,0.0,0.034573919929000746,24,16,0.6666666666666666,1,7405.373125,1204.14625,3328.2631249999995,0.0,0.0,475.54311874999996
4fabafa3-0e11-48d6-bf26-636ad6af5e6d,294.0,12.25,1686.8525,9045.625,20.208333333333332,0.005906943347470717,0.0012557178500583542,0.019162754282473386,0.10898360443732787,0.025747495271718726,0.2978437935431668,0.0,0.0335759577293147,24,12,0.5,1,3373.705,1575.2016666666666,344.65833333333336,493.4216666666668,0.0,561.125
4fca2b7a-d797-46a2-9ebf-2e2534b2bb89,275.0,11.458333333333334,209.10125000000002,4981.625,10.166666666666666,0.011357448259457947,0.002216365257076037,1.832574046792612,0.0,0.08333333333333333,0.0,0.0,0.20833333333333334,24,7,0.2916666666666667,1,716.9185714285713,0.0,39.49285714285714,0.0,0.0,677.4257142857142
4ffcebf5-9674-47b2-a391-8d3b80673ab6,286.0,11.916666666666666,634.41375,11375.166666666666,18.583333333333332,0.0043285525488040875,0.001646711882538246,0.004481374797831921,0.11935986356789267,0.172306803098774,0.0,0.0,0.0,24,7,0.2916666666666667,1,2175.132857142857,1494.6342857142859,680.4985714285714,0.0,0.0,0.0
500d8239-3cb6-43b7-a84e-cec2468099ea,120.0,5.0,394.7070833333334,2062.7083333333335,4.125,0.002392312233298104,0.0019477842192037458,0.004727736615106095,0.0,0.3333333333333333,0.0,0.0,0.0,24,8,0.3333333333333333,1,1184.12125,0.0,1184.12125,0.0,0.0,0.0
50285073-0631-4533-a1c9-b4dd4bec9c0a,302.0,12.583333333333334,216.97125000000003,4485.25,9.541666666666666,0.004759611156068783,0.002394895626330654,2.2494529199250635,0.04790031610601614,0.1942256792683262,0.0,0.0,0.03804076286261042,24,10,0.4166666666666667,1,520.731,239.14800999999997,98.774,0.0,0.0,182.2269998
50d4167d-d8fe-421c-8354-73d7c74c8940,1754.0,73.08333333333333,29800.915500000003,51448.625,61.666666666666664,0.008415197075688033,0.0013739706304670624,0.0010201332836380168,0.1556946853891912,0.13932630005866545,0.07581044660771406,0.0024612399342372414,0.1999713473003447,24,16,0.6666666666666666,1,44701.373250000004,10590.51815625,8853.09375,4604.631875,209.59500001874997,12903.145
50f45627-fdfb-4436-9d90-39323019c5b6,809.0,33.708333333333336,6434.68375,35872.875,67.83333333333333,0.012373298600354762,0.0020927836467690207,0.009939664229021242,0.23484755255738188,0.23609636530691916,0.0991590286972064,0.0,0.08714235007304216,24,16,0.6666666666666666,1,9652.025625,5681.201875000001,2311.390625,1004.030625,0.0,456.595
50fe862b-89d5-492c-9f47-042f4a42fb44,1213.0,50.541666666666664,7719.734166666666,19057.125,31.791666666666668,0.012149360275446353,0.0017609515264330417,0.0034836613433210126,0.18411531736497366,0.2105810508102827,0.08917408483989026,0.027528108977134095,0.06367155813868468,24,16,0.6666666666666666,1,11579.60125,3123.65249375,3645.69,1414.964376875,588.666875,1165.398125
510232e9-dde8-46ca-9b65-99eced591db3,905.0,37.708333333333336,4270.0008124999995,22796.958333333332,73.79166666666667,0.010008007604340605,0.003163453005671462,0.01757508583464582,0.14233884721293047,0.03679576224073313,0.24873265065459696,0.015311702803855421,0.10308356343976315,24,16,0.6666666666666666,1,6405.00121875,1767.73940625,618.546875125,571.4893737499999,312.00625,1455.39375
5116ed62-60e1-4fba-a8a4-f0836dd52c3e,907.0,37.791666666666664,6540.944166666667,16160.583333333334,26.041666666666668,0.016040928797699618,0.0020107655777114332,0.0027039712249934873,0.36658682230848966,0.004664164122678508,0.005614342515419472,0.07995378978181956,0.16344244986881126,24,16,0.6666666666666666,1,9811.41625,5377.999368750001,80.6575,91.356875,1145.23624375,2291.813125
51325a0d-7aeb-4cb5-b294-901e9693761f,270.0,11.25,1437.327075,6545.625,13.5,0.004418247607778367,0.0020670503613657164,0.001314212786437929,0.16063637864346852,0.009026218559071717,1.0309716630386568e-07,0.0,0.16351874153212323,24,8,0.3333333333333333,1,4311.981225,2043.3925125,107.81875,0.0025,0.0,2159.08125
5133eb99-5bc7-4a0b-988e-85e898e6d71c,173.0,7.208333333333333,310.3279166666667,554.375,7.5,0.004646590395576754,0.017364374805018,0.006349985362121517,0.0,0.31854272404726464,0.02842507030936119,0.0,0.028032205643374206,24,9,0.375,1,827.5411111111111,0.0,800.441111111111,16.98,0.0,10.12
51533963-76b1-4eb7-96d2-9b80355b8407,181.0,7.541666666666667,1204.2279166666667,2401.125,9.791666666666666,0.0011872957383157001,0.0022348114400812832,1.6338450645073903,0.0,0.20831676392549467,0.0,0.0,0.0,24,9,0.375,1,3211.2744444444447,0.0,3206.1000000000004,0.0,0.0,0.0
515a9aa3-e237-4b38-b401-68ffc3334859,926.0,38.583333333333336,3860.15375,17501.25,26.958333333333332,0.007974246208883783,0.001556308841126671,1.1555431695659049,0.28350235106680677,0.14406680677571146,0.09367557388385794,0.0,0.019362662675237625,24,14,0.5833333333333334,1,6617.406428571428,3767.1907142857135,1297.9914285714283,1278.9799999999998,0.0,257.86857142857144
51688de4-3dec-4b5b-b193-4811f315e64b,1372.0,57.166666666666664,4893.187083333333,23456.208333333332,111.375,0.012511485174310633,0.004860016772400991,0.006288106344841879,0.13178924355042518,0.35963950761701186,0.16332080604123442,0.004466482868443816,0.007107687088931051,24,16,0.6666666666666666,1,7339.780625,1618.2462331250001,3858.7706249999997,1787.15375,22.685624999999998,48.493750000000006
51aa7c76-6688-4a7c-8eff-2d574487e356,152.0,6.333333333333333,3398.480820833333,14013.041666666666,23.666666666666668,0.018503212124859194,0.0019851862035357585,0.0007988391594306959,0.3974570398249648,0.0,0.02605132954755234,0.0,0.10583972493028593,24,16,0.6666666666666666,1,5097.72123125,2656.20063125,0.0,287.34749999999997,0.0,1017.5037500000001
51b04e19-8ded-4b22-8a5e-94bbda625d56,142.0,5.916666666666667,2370.8198916666665,4099.958333333333,7.5,0.022012924932781758,0.0021395906241287416,0.0017364194176406457,0.5033053613497783,0.08690850478640717,0.0017513426013783624,0.0,0.049984288166682184,24,16,0.6666666666666666,1,3556.2298375,2601.8447875,416.68304249999994,10.7975,0.0,375.81014999999996
51b6abd1-33b8-4a99-bd48-dbac7c57c556,1250.0,52.083333333333336,9033.02625,27539.583333333332,63.625,0.012886191466469821,0.0023242460057581126,0.0026594067344207876,0.291248046836399,0.1393793617150891,0.09831467610940929,0.0,0.13768138902757468,24,16,0.6666666666666666,1,13549.539375,5761.299375,2762.145,1947.4525,0.0,3077.7562500000004
51bfedae-9584-4c2d-b8be-d0d17d844b3f,137.0,5.708333333333333,566.8141666666667,5271.708333333333,8.666666666666666,0.0030701755266382374,0.0008959614519546542,0.0019041724665058541,0.012589140058601428,0.05570482322779669,0.0,0.0,0.01231220695469939,24,3,0.125,1,4534.513333333333,686.8299999999999,813.5466666666666,0.0,0.0,658.8566766666667
5207157d-a46a-453b-bc92-34e78a737f38,4450.0,185.41666666666666,84857.48583333332,124203.375,341.7916666666667,0.009151840806594017,0.0025902727336681044,0.001036967165125975,0.30924224880124557,0.08887823230706245,0.03684760827283468,0.05627500108862719,0.009119376252044504,24,16,0.6666666666666666,1,127286.22875,59395.018125,16748.8675,7084.81998125,11135.7425,1495.1331249999998
52165a5f-a407-49bf-af84-2eecd85d61d6,1353.0,56.375,14047.707958333334,54194.125,90.70833333333333,0.011597600349425334,0.0017605367956631708,0.0017150208719658455,0.12758136424075844,0.20455467962491805,0.011768615968355262,0.061328515721088904,0.05071809431441065,24,16,0.6666666666666666,1,21071.561937500002,3943.265625,6544.718125,404.698125,1924.6262499999998,1723.114374375
5227124b-9cbd-482d-b3bb-764a6659d299,28.0,1.1666666666666667,30.2925,1701.5833333333333,1.75,9.436022106150417e-05,0.0010642383567731125,0.00030851628348944166,0.0,0.0,0.0,0.08333333333333333,0.0,24,2,0.08333333333333333,1,363.51,0.0,0.0,0.0,363.51,0.0
5227dc20-bea6-46d9-bdbd-a035e876c71b,744.0,31.0,3746.9491666666668,10561.416666666666,12.0,0.018700633137146788,0.0011260412356061374,0.003889413036801879,0.45608638713414407,0.0019332069456090876,0.06138373445623967,0.0,0.147189655713457,24,16,0.6666666666666666,1,5620.42375,3794.0575,18.390624999999996,351.355625,0.0,1455.57375
524612ad-116c-437a-8ec1-392a7f601467,457.0,19.041666666666668,2046.5275000000001,16008.791666666666,38.666666666666664,0.010371351585935537,0.0025037885132421127,0.004880432533168375,0.13324176423203782,0.16308283582649333,0.11100046212523275,0.0,0.1842755826640188,24,16,0.6666666666666666,1,3069.79125,422.15625,757.494375,462.68062499999996,0.0,1102.4475
52666916-ab98-49b6-8956-71de23296a5e,621.0,25.875,1134.9908291666668,1077.75,7.791666666666667,0.006173315903348596,0.009320147754347518,0.2006891474181232,0.08333333333333333,0.20861038882636274,0.1298077192679037,0.0,0.00039995170394518335,24,15,0.625,1,1815.9853266666667,479.464,117.38466666666666,481.978,0.0,0.9893333333333333
5274e0ee-1427-49a5-a700-b1a23cfdc77b,922.0,38.416666666666664,9026.162083333335,13881.791666666666,46.791666666666664,0.00917265199017247,0.004677742264812859,0.002173651647227875,0.1329109298578536,0.24854412592625888,0.01032295027066101,0.022825671060176838,0.052486251641361135,24,16,0.6666666666666666,1,13539.243125,3271.6237312499998,4452.9825,211.935,501.65750125,1291.1893750000002
52a3fbf4-2485-442e-a0d5-95fcc74510f6,254.0,10.583333333333334,5611.875833333334,10497.541666666666,13.541666666666666,0.028449917186306184,0.0014180375761164501,0.0010092412923415706,0.2760724816334087,0.1127208368824701,0.028974622982292437,0.0,0.05587444716925838,24,16,0.6666666666666666,1,8417.813750000001,3017.68125625,1382.229375,371.19875,0.0,957.985625
52b55875-c74c-48b0-94b8-c54c9219dce0,48.0,2.0,0.0,1681.0833333333333,4.75,0.0,0.0029305236460137126,0.0,0.0,0.0,0.0,0.0,0.0,24,0,0.0,0,0.0,0.0,0.0,0.0,0.0,0.0
52c2f9ed-ef35-4dc6-bc8b-c980fd589030,68.0,2.8333333333333335,146.93875,444.2083333333333,1.125,0.0027791388236766915,0.002893247983629046,0.00698118782347545,0.0,0.2916666666666667,0.0,0.0,0.0,24,7,0.2916666666666667,1,503.79,0.0,503.79,0.0,0.0,0.0
52d1ed63-6fab-4e43-8ca9-e4c8b81e1360,1083.0,45.125,15726.391666666668,33177.125,134.83333333333334,0.014441038466063927,0.004073126661102066,0.001347108659812279,0.4097241020890156,0.03492556243469005,0.0002528762854626125,0.00079434859711575,0.20978929414583344,24,16,0.6666666666666666,1,23589.5875,14927.09375,1365.9962500000001,14.424375625,45.310625,6849.4662499999995
52d986e7-291f-4664-aa14-eb1687e1438c,698.0,29.083333333333332,3694.3458333333333,14494.458333333334,39.791666666666664,0.017497887022782436,0.002945685788279038,0.010988064123410496,0.4848794497872529,0.0710054476356026,0.048594841653687826,0.02458738018189238,0.02947314144133675,24,16,0.6666666666666666,1,5541.51875,5252.141250000001,75.28624875,52.124375,20.958125000000003,39.543125
52fe30f8-faf1-4efc-b08b-0e8f76b4e00c,91.0,3.7916666666666665,162.84166666666667,747.875,4.041666666666667,0.0035981627324556836,0.005808980281772946,0.046556345213701465,0.0,0.3333333333333333,0.0,0.0,0.0,24,8,0.3333333333333333,1,488.52500000000003,0.0,488.52500000000003,0.0,0.0,0.0
530e256d-e3c6-4b96-a78b-84fe40f0300d,584.0,24.333333333333332,7568.010416666667,15184.041666666666,30.958333333333332,0.014707224680048208,0.0022143410843838167,0.0016074010582554706,0.37401462464642443,0.15441995185361262,0.0007602647402251541,0.003555217446430833,0.11695477698014582,24,16,0.6666666666666666,1,11352.015625,6634.770625,2257.680620625,12.019375,45.565,1966.610625
53474488-4d51-49a0-84b4-a1cb5e360cbe,627.0,26.125,4088.2687499999997,13683.791666666666,33.541666666666664,0.012359726901425108,0.0026169097127942084,0.0031902285324579287,0.25677975868661823,0.18837536109540068,0.03994401126780079,0.0,0.181228775007633,24,16,0.6666666666666666,1,6132.403125,2250.5375000000004,1825.8975,341.6175,0.0,1711.089375
534b7316-a474-4450-8707-ebf2099cdb40,13.0,0.5416666666666666,0.0,387.0416666666667,0.5,0.0,9.387581043631667e-05,0.0,0.0,0.0,0.0,0.0,0.0,24,0,0.0,0,0.0,0.0,0.0,0.0,0.0,0.0
5359d9bc-b90f-430e-876d-18b531db0e68,637.0,26.541666666666668,123.36666683333334,15057.458333333334,39.125,0.0032901998764380005,0.002629404431233684,0.8783005087721976,0.0,0.1879854075113602,0.014307684991916066,0.0,0.005820153213560592,24,9,0.375,1,328.97777822222224,0.0,285.2344448888889,25.407777777777778,0.0,9.096666666666668
536c84d4-154e-4117-bd6b-85183b6fb7c8,40.0,1.6666666666666667,49.94625,4891.708333333333,9.916666666666666,0.0011518838711008167,0.00379468684607185,0.0003576844936618292,0.0,0.125,0.0,0.0,0.0,24,3,0.125,1,399.57,0.0,399.57,0.0,0.0,0.0
538fa7f3-209a-4815-8da9-cdbe39b3a512,504.0,21.0,599.3029168291667,10284.375,23.916666666666668,0.0042511403013251745,0.0024259506652630873,0.46441212529132453,0.07701724086265739,0.23098226760916107,0.023877481719795923,0.0,0.0014563431417189208,24,10,0.4166666666666667,1,1438.3270003900002,372.215,941.1420003999999,116.476,0.0,7.753
53b4c963-a21e-43aa-9b35-7149ce915904,94.0,3.9166666666666665,648.9291666666667,3320.7916666666665,3.125,0.009033990210729126,0.0009392777357261083,0.0013685599187892791,0.28623207293620295,0.08524426899070958,0.04519032473975407,0.0,0.0,24,10,0.4166666666666667,1,1557.43,1284.067,70.543,202.82,0.0,0.0
53cd05ae-5d46-4b38-ad5a-34357644a9a2,356.0,14.833333333333334,372.1712542083333,4297.916666666667,14.875,0.00399721648943175,0.00349945308952895,0.9904440400494287,0.0,0.29580225512167296,0.0,0.0,0.0,24,11,0.4583333333333333,1,812.0100091818182,0.0,643.5481909090909,0.0,0.0,0.0
53d452e7-9db7-4e93-af3b-c14e4aa969f3,143.0,5.958333333333333,247.82958333333332,6359.25,28.5,0.002266139387922079,0.0044803256197367995,0.004471596440794621,0.0,0.21280512247154823,0.030342046448352932,0.0,0.0068528310800988505,24,6,0.25,1,991.3183333333333,0.0,973.8000000000001,12.49,0.0,5.028333333333333
53e23133-46ae-46e4-8266-bf49f5a1745e,1075.0,44.791666666666664,2539.0733333333337,30242.916666666668,36.375,0.008717346935517171,0.0013472234806836375,0.024842923569775018,0.06462524154076664,0.04530366443548547,0.48592841554536975,0.03633133571436587,0.03196425514230616,24,16,0.6666666666666666,1,3808.6100000000006,576.6875,40.2975,3106.560625,22.630000000625003,45.734375
53fda5c1-bfe1-49c4-9c40-e177b456956b,1109.0,46.208333333333336,10949.41375,24937.708333333332,84.75,0.015185805401939338,0.0034958294087060124,0.0017194513304731585,0.5442135909374478,0.03667993865312952,0.019403481717593714,0.0,0.06553174462372853,24,16,0.6666666666666666,1,16424.120625,13438.39875,896.416875,470.186875,0.0,1594.353125
54005378-17bd-4f29-8a64-8722b97e3ccd,628.0,26.166666666666668,10920.5875,23245.541666666668,40.666666666666664,0.01266151734237663,0.001746539162137871,0.0011032649829878,0.49945877945263545,0.0035901496521925165,0.05790879135433458,0.0,0.09375714571564214,24,16,0.6666666666666666,1,16380.881249999999,12184.021250000002,93.88187500000001,1465.0831249999999,0.0,2324.02686875
541823ff-db07-44f3-b237-88ee61907e1d,346.0,14.416666666666666,2192.347916666667,4598.291666666667,5.625,0.022410840119328385,0.0012436884609187584,0.002960245598179125,0.4426602869707123,0.01719089369999191,0.08980460891015125,0.0,0.023200814241783423,24,16,0.6666666666666666,1,3288.5218750000004,2043.3712500000001,75.77125,416.17312374999995,0.0,171.543125
54322987-7089-4c1e-91c1-7ab3705003c6,185.0,7.708333333333333,887.1391554166667,5985.625,11.583333333333334,0.0047198347000418335,0.002283484023933875,0.0045646631664593455,0.0,0.33482968041639743,0.0,0.0,0.0,24,11,0.4583333333333333,1,1935.5763390909094,0.0,692.2209090909091,0.0,0.0,0.0
543789b7-b86d-4377-b33d-2788d6156f93,292.0,12.166666666666666,10309.550000000001,12600.625,14.333333333333334,0.013458805380998142,0.0006097776634241166,0.0005635338402286291,0.1915434471600046,0.10944551886141933,0.005079236250353992,0.002650004756771296,0.023362951855398384,24,10,0.4166666666666667,1,24742.92,11250.349030000001,6725.59797,146.294,178.369,931.3009999999998
545a8aa1-b76d-4298-8b75-f83e373f2afe,228.0,9.5,3279.860416666667,5758.666666666667,12.625,0.00732116915444601,0.0022883086977664537,0.0011855364411787876,0.0,0.026968206596944114,0.0,0.0,0.6396984600697225,24,16,0.6666666666666666,1,4919.790625000001,0.0,243.654375,0.0,0.0,4676.13625
54d59f79-a631-479a-a8e7-8a5ae714a834,112.0,4.666666666666667,589.6933333333333,5325.25,9.0,0.00519007928221765,0.0017309004587439582,0.0035718107943654917,0.4789859741783644,0.14303783534544512,0.0,0.0,0.0,24,15,0.625,1,943.5093333333333,601.5833333333334,339.5926666666667,0.0,0.0,0.0
5503f74c-25ef-403a-bdbc-425a391358f6,238.0,9.916666666666666,804.0254166666667,8104.375,16.75,0.008240891594067675,0.002167104522700371,0.025663732894012196,0.38741622636821305,0.07569858995493671,0.1676464206925955,0.014836937405173277,0.020783206328236176,24,16,0.6666666666666666,1,1206.038125,812.5150000000001,59.863125000000004,290.15375,14.130625,28.8950002375
553fa618-ae9a-4ac9-bbe8-682a99aa549a,98.0,4.083333333333333,29.050416666666667,767.0,2.2083333333333335,0.002012370822125279,0.0029097529173585045,2.993987543722898,0.0,0.16666666666666666,0.041666666666666664,0.0,0.0,24,5,0.20833333333333334,1,139.442,0.0,125.68799999999999,13.754,0.0,0.0
555cadfd-db93-4df0-a3a1-225f10fd7a1f,1175.0,48.958333333333336,3306.2745833333333,35079.583333333336,86.25,0.009887464902177798,0.0026358813694327622,0.011746005213806232,0.030601280292638314,0.2732821764154054,0.15999056260365999,0.012108648972943649,0.007114835783905996,24,16,0.6666666666666666,1,4959.411875,70.27125,2472.7024809375,1485.6875,45.310625,44.098749999999995
555d5b23-aef4-4e8a-bfe8-e88cce69d0b4,11.0,0.4583333333333333,46.93083333333333,186.29166666666666,0.4583333333333333,0.0020833333333333333,0.00010490577553978751,0.00040692271723754165,0.04160563195837847,0.0,6.1038411284925e-05,0.0,0.0,24,1,0.041666666666666664,1,1126.34,1124.6901,0.0,1.6500001,0.0,0.0
55643ede-ce10-4856-bcf3-09fa07308492,1256.0,52.333333333333336,727.1241665416666,50236.833333333336,101.83333333333333,0.006803381118751883,0.0022531844322127748,5.32921309895084,0.0,0.25,0.16666666666666666,0.0,0.0,24,14,0.5833333333333334,1,1246.498571214286,0.0,302.1385712142857,937.9285714285714,0.0,0.0
55993505-31c9-4176-92ae-938305a24d7d,515.0,21.458333333333332,552.9920841666666,6883.291666666667,6.5,0.006592421133108324,0.000949178694856375,0.7861256857444218,0.051941330080350845,0.20534788688143868,0.10532594196891652,0.0024942739364259255,0.04944174787597596,24,11,0.4583333333333333,1,1206.5281836363633,431.63818181818186,550.8909109090908,162.68363636363637,21.986363636363635,37.984545454545454
55b2934c-f410-4232-9833-c25112a5765b,348.0,14.5,5973.947499999999,16251.791666666666,32.375,0.010212875797485537,0.002169521301277483,0.1314517802342093,0.16436193837542473,0.11722364292602805,0.07822532359727376,0.0,0.10793942235949716,24,14,0.5833333333333334,1,10241.052857142857,3691.3992857142853,2224.141428571428,691.4607139999999,0.0,795.7842878571429
560045fe-ad15-4533-9564-f2f61b977ea3,369.0,15.375,3362.3775041666668,11023.333333333334,13.333333333333334,0.009175353250076183,0.01616725701234887,0.4540787513770044,0.2535063429043433,0.20955139701743689,0.001154101564522925,0.0,0.02659908607837734,24,14,0.5833333333333334,1,5764.07572142857,3124.645,2160.8892928571427,16.555,0.0,329.6114285714285
56426744-6b46-4095-9e72-b03b7854c60d,590.0,24.583333333333332,1519.8104166666665,7334.416666666667,17.541666666666668,0.006566044257707113,0.0026359107338526917,1.294291266497708,0.0,0.14533266651611215,0.30795796148802573,0.0,0.02652956153158001,24,13,0.5416666666666666,1,2805.8038461538463,0.0,386.95846153846156,2113.356153846154,0.0,206.7369204615385
5648ff67-eae3-4b04-9d8d-ccb93494a4d4,784.0,32.666666666666664,1522.2512541666667,12611.416666666666,36.625,0.019832036216523716,0.002925647299012287,2.4248115974772033,0.06917564483264713,0.03718548071173008,0.03603675856075637,0.0,0.3980077916569688,24,14,0.5833333333333334,1,2609.573578571428,351.7814285714286,91.10785714285714,59.16928571428571,0.0,2100.020721714286
5649a251-61de-408a-9b26-ce67023158af,188.0,7.833333333333333,3837.150416666666,7520.375,28.75,0.02360811171928352,0.00425673363386483,0.0011025001622295332,0.4836925998052459,0.09236103897219848,0.019969618001611327,0.0,0.07064340961497324,24,16,0.6666666666666666,1,5755.725624999999,4066.5256249999998,834.635,189.78562500000004,0.0,664.779373125
565fd846-f4d6-4bca-8494-e1ec172d59ef,1121.0,46.708333333333336,1633.5254291666668,19317.958333333332,46.041666666666664,0.006390132510364763,0.0024864303993401456,1.1091447466353592,0.016399789905767747,0.2142942631454837,0.1675245456168398,0.0,0.026714047334255447,24,14,0.5833333333333334,1,2800.329307142857,208.48499999999999,910.5492857142859,1214.1378571428572,0.0,226.487855
56a5584d-29b4-4add-80a5-d4218286f983,630.0,26.25,5301.70875,17051.041666666668,41.0,0.019529472964491316,0.002494765061051929,0.0030078577385043628,0.328804614276961,0.10896431190011995,0.030529993869076084,0.0,0.06693190187865788,24,16,0.6666666666666666,1,7952.563125,3154.686875,1271.8743731250001,250.520625,0.0,1246.23062625
5730873a-7fb0-4641-b891-c57d571d81d9,662.0,27.583333333333332,6472.2775,18497.458333333332,37.208333333333336,0.012524386384069363,0.0020737542603699627,0.006251024871518158,0.24514554010587272,0.1153076400468548,0.12396208626540117,0.0,0.13124175056320317,24,15,0.625,1,10355.644000000002,4555.515333333334,1404.4046600000001,1812.3686666666665,0.0,2430.963333333333
57317bbd-fd70-4a71-b6bf-0b7e82f396c7,1929.0,80.375,4433.480008333333,66889.58333333333,131.29166666666666,0.008812078852492695,0.002059002402429171,0.01680821860168735,0.0332997817914448,0.40315985548852296,0.10258548256780527,0.009740067544855192,0.031019012804654595,24,16,0.6666666666666666,1,6650.2200125,84.238125,4534.5043749999995,981.3299973750001,7.9025,185.89874999999998
5735ef0d-265a-4b1e-bbbf-08cbf072176b,277.0,11.541666666666666,257.6375,705.9166666666666,4.75,0.0017306258367769374,0.0076365925268907205,0.012492321198753606,0.0,0.25,0.0,0.0,0.0,24,6,0.25,1,1030.55,0.0,1030.55,0.0,0.0,0.0
579e3b76-4d29-4c39-94a1-ff48bd1e097f,2616.0,109.0,34264.44541666666,63550.541666666664,191.54166666666666,0.014538458203943875,0.0031807296603751298,0.0016116306750820833,0.3501166374374097,0.024619482440706622,0.016581347487175758,0.003662240651190358,0.1454236655542511,24,16,0.6666666666666666,1,51396.668125,25537.927499999998,2132.69,1272.1675062499999,393.04687500000006,12486.052500000002
57a55953-d8ca-45fc-a12e-7c98cdcd0310,871.0,36.291666666666664,6434.345416666667,13255.666666666666,29.791666666666668,0.012758791483713778,0.002332221780267629,0.002545353588189138,0.29997327769856014,0.0889121670389424,0.008512556985414246,0.007928140559219254,0.21464893153548256,24,16,0.6666666666666666,1,9651.518125,4825.15625,1406.78125,102.83,89.074375,2701.940625
57f1f23f-1911-4b58-be75-3d62607705aa,118.0,4.916666666666667,200.07375000000002,1637.6666666666667,3.125,0.004154149501501983,0.002005669632207779,0.015708737119809215,0.0,0.38951141204145207,0.027155254625214575,0.0,0.0,24,10,0.4166666666666667,1,480.177,0.0,476.76000000000005,3.4170000000000003,0.0,0.0
58085926-47e2-4b1e-be72-0385f3e49539,17.0,0.7083333333333334,0.0,2414.125,37.458333333333336,0.0,0.01757526735939281,0.0,0.0,0.0,0.0,0.0,0.0,24,0,0.0,0,0.0,0.0,0.0,0.0,0.0,0.0
580d261a-22a7-426c-8e91-9c1339a42285,1826.0,76.08333333333333,17789.514583333334,30082.208333333332,77.875,0.010828180181270497,0.003208220639796504,0.002007720991485383,0.3733723659216153,0.1097009803279682,0.02675178153389143,0.0,0.1384005411299698,24,16,0.6666666666666666,1,26684.271875,14270.595625,4290.07625,1551.905625,0.0,5624.970001875001
5813a6d0-7b86-482a-a764-8c2d60497ec4,205.0,8.541666666666666,2259.4254208333336,6440.791666666667,26.166666666666668,0.010562773341739365,0.005151224865586637,0.001163991636617846,0.10697211724777038,0.12803098264648358,0.08613628834570626,0.025378750112006007,0.19196026063351568,24,13,0.5416666666666666,1,4171.246930769232,674.230769230769,887.6923061538462,713.7415384615383,202.71,1679.7123076923076
582f0af8-2f08-4e9c-a5e1-88e61d7ddaaf,874.0,36.416666666666664,2863.8954166666663,14756.583333333334,51.833333333333336,0.013716504293647342,0.0035948110667208336,0.008909501152918012,0.12264087317038957,0.4946112388511643,0.041838260567516584,0.0,0.0,24,16,0.6666666666666666,1,4295.843124999999,660.8625,3424.29875,191.9325,0.0,0.0
5859f9e0-c273-4f73-9624-bb4dcf04100e,1829.0,76.20833333333333,17378.687916666666,38361.666666666664,120.625,0.011401095282217362,0.003126921584477804,0.04103703143814457,0.22386182658454168,0.17559425320214195,0.040888047569535464,0.027326203625168993,0.19800112937786643,24,16,0.6666666666666666,1,26068.031875,10920.528124999999,4293.86875,1463.7675000000002,1303.975625,8021.226843749999
586329c2-af59-46e8-9a03-ee39f6b916bf,589.0,24.541666666666668,3617.11125,11385.125,33.583333333333336,0.015346617197921372,0.002992749729203204,0.0049671317635653295,0.30790025304077634,0.1425976263915649,0.05778450786584705,0.0,0.15748557170429472,24,16,0.6666666666666666,1,5425.666875,2639.42875,1063.0162500000001,520.0699999999999,0.0,1198.8587481250001
58711bb6-f023-4bbc-845a-d88f76fd982b,83.0,3.4583333333333335,0.0,1802.4166666666667,11.375,0.0,0.0007730517329670333,0.0,0.0,0.0,0.0,0.0,0.0,24,0,0.0,0,0.0,0.0,0.0,0.0,0.0,0.0
58767302-93d8-48a2-8497-c5b30a5a3803,129.0,5.375,70.51875016666666,1254.5,1.875,0.0014505921227249417,0.0015492395704952415,0.004930645104849987,0.0,0.20833333333333334,0.0,0.0,0.0,24,5,0.20833333333333334,1,338.49000079999996,0.0,338.49000079999996,0.0,0.0,0.0
587685dd-8d1a-4024-ae8b-2ee9a6104122,305.0,12.708333333333334,3525.0333333333333,9643.125,8.166666666666666,0.009514418329203663,0.0009658944373316917,0.0016719126732415582,0.30971266235563755,0.13671077003450371,0.03558727152133686,0.0,0.1844586172041189,24,16,0.6666666666666666,1,5287.55,2344.104375,1028.62250625,275.25937375,0.0,1638.256875
588c469a-bd81-400a-b4c1-159acee8436f,351.0,14.625,3313.1812625000002,20320.25,30.708333333333332,0.01081587879881527,0.0015315440010646207,0.0017980433576316208,0.36413611851707706,0.18655593813527238,0.05991559136380792,0.0,0.036564424541573846,24,16,0.6666666666666666,1,4969.77189375,2669.2912499999998,1459.6325000000002,447.89625125,0.0,258.0975
58ba63df-b2de-45bc-81fa-c15fa3b7f97e,1286.0,53.583333333333336,12877.792916666665,35277.041666666664,96.16666666666667,0.011208296409877888,0.0027820430693544043,0.03276082014806356,0.27884397451176895,0.11029656179410859,0.1253038829650934,0.0,0.06252168070167523,24,15,0.625,1,20604.46866666666,14417.900733333336,1528.4746667333332,483.352,0.0,1649.2873333333334
58cf2c01-52f8-43aa-8055-89845e8ead10,186.0,7.75,319.06917095833336,2620.7916666666665,5.083333333333333,0.005268841274288058,0.0019081534226006956,0.029249604293688194,0.2025486861797922,0.1934041317351397,0.01223398395479347,0.0,0.004048334285521212,24,13,0.5416666666666666,1,589.0507771538461,321.8738463846154,95.50230615384615,11.617692307692307,0.0,4.055384615384615
58d76ed5-fa9d-4587-9dd9-508da343174a,246.0,10.25,7138.000833333334,5923.333333333333,11.541666666666666,0.019231951400400085,0.001338711852182279,0.0016665058677449416,0.44578501150742494,0.0012117704554961166,0.0016405926201471625,0.006376795444405142,0.09598029819710023,24,16,0.6666666666666666,1,10707.001250000001,6325.610000000001,25.85875,29.936875,124.25125,1763.7181249999999
58fdf05f-6932-461b-ba15-6076193db1d2,293.0,12.208333333333334,443.99124833333326,5848.458333333333,11.333333333333334,0.004929022562569362,0.001913316200926075,0.013449664845969987,0.0,0.16875594127695462,0.24617823713386808,0.0,0.0,24,13,0.5416666666666666,1,819.6761507692307,0.0,99.00846153846155,481.90615615384615,0.0,0.0
5917003c-0043-4860-afca-5384a8035890,255.0,10.625,1248.9758333333334,4299.166666666667,10.333333333333334,0.014045278377543874,0.0026488737269241788,0.005885921521233825,0.49793126916601943,0.09551026669708906,0.0,0.0,0.029969767917465567,24,16,0.6666666666666666,1,1873.4637500000001,1290.155625,332.234998125,0.0,0.0,93.890625
5938124f-07e5-4e7b-bb79-b0c6b92eb982,209.0,8.708333333333334,474.07166666666666,4649.541666666667,9.541666666666666,0.0035958382213308205,0.0020566591551902332,0.007551740841629197,0.054549434845929556,0.1852247029078854,0.010225862246185028,0.0,0.0,24,6,0.25,1,1896.2866666666666,798.2449999999999,948.4000000000001,149.64166666666665,0.0,0.0
5939e16a-d043-49c8-90fc-86297b529fbd,119.0,4.958333333333333,47.83791666666667,3964.25,6.708333333333333,0.002432967925450367,0.001731111339594525,0.004547293000889412,0.0,0.16666666666666666,0.041666666666666664,0.0,0.0,24,5,0.20833333333333334,1,229.622,0.0,208.898,20.724,0.0,0.0
59473e77-eee0-42c7-859a-4f0416b77338,276.0,11.5,36.943333333333335,3911.9583333333335,27.75,0.0028748781697004503,0.0008124254143901249,0.0,0.0,0.0,0.012323324823324822,0.0,0.07101000851000851,24,2,0.08333333333333333,1,443.32,0.0,0.0,106.58,0.0,336.74
594a554b-129d-4235-9ce4-0f4f98c7662d,195.0,8.125,146.07250000000002,18294.875,7.833333333333333,0.0020571576250419956,0.0004671470472300059,0.0048311943064192455,0.0,0.20389282594064753,0.027593163456734262,0.0,0.018514010602618196,24,6,0.25,1,584.29,0.0,527.01,39.026666666666664,0.0,18.253333333333334
59830185-9067-4378-9e1c-7b1e03d22ef5,155.0,6.458333333333333,180.29583333333335,3771.75,3.625,0.0072196532502126175,0.0009554961233936374,0.07600584300257601,0.13401093562469926,0.09254581845013898,0.06510991259182837,0.0,0.0,24,7,0.2916666666666667,1,618.157142857143,484.3385714285714,39.20285714285715,94.61571428571429,0.0,0.0
59a77fe8-3002-409c-9cc0-f8911e39fd46,2056.0,85.66666666666667,6877.227083333334,13482.208333333334,59.75,0.00998538656959752,0.003992407791387462,0.08821768703835102,0.0,0.28153700358326644,0.2338492027094022,0.0075904503935851665,0.018307409359513575,24,16,0.6666666666666666,1,10315.840625,0.0,2291.3649950000004,3027.41126875,90.81125,91.764375
59b9ccbd-350b-4874-801d-0576acead90e,931.0,38.791666666666664,3373.808333333333,26225.125,42.958333333333336,0.014932257662073511,0.0016933902320612835,0.006578528272203437,0.25699933611436826,0.009835859925042779,0.37476825447584733,0.0056314415075057744,0.01712191850957083,24,16,0.6666666666666666,1,5060.7125,2870.7325,115.53875,1776.204375,66.50874999999999,218.940625
59bcd144-b2fb-4551-b5fc-40ad11d98082,34.0,1.4166666666666667,6.682916666666666,1298.625,4.25,0.0010820183117480333,0.0026152437304265788,0.00240384615384615,0.0,0.08333333333333333,0.0,0.0,0.0,24,2,0.08333333333333333,1,80.195,0.0,80.195,0.0,0.0,0.0
59cb9d25-8817-4401-b236-8e80afd8384e,2095.0,87.29166666666667,9518.642916666666,43454.166666666664,77.0,0.01371557570188578,0.0017751962592987669,0.012118370542474105,0.19800406429496106,0.15790553862889442,0.01890840419994608,0.002052854680832029,0.23753067050468593,24,15,0.625,1,15229.828666666668,6947.35534,3023.596666666667,152.156,94.77133333333335,4795.282644666667
59d584ab-f484-42fc-819b-6eec9eb2834e,905.0,37.708333333333336,5542.299166666667,35522.0,70.875,0.00486145769123393,0.0021826921941328083,0.5738221961072723,0.28726742448530046,0.003969238753226104,0.23138705507905508,0.0,0.0004615601410692917,24,16,0.6666666666666666,1,8313.44875,2326.4375,24.2975,1341.7024999999999,0.0,7.574375
59efcf36-ca36-492c-89ce-274a0da0d728,1601.0,66.70833333333333,7481.450833333333,21579.416666666668,89.625,0.012320851718445271,0.004410325278290513,0.003982231544887471,0.26340311762435664,0.13001103295519248,0.0115204708859685,0.0,0.2212964078377729,24,16,0.6666666666666666,1,11222.17625,4246.26125,2009.3493750000002,172.81749987499998,0.0,4044.06686875
59fd9333-518d-4c6b-8737-dd3cb47044bb,181.0,7.541666666666667,962.3208320833334,3467.0416666666665,9.0,0.0052030222964228705,0.002978580082110113,0.003112984829867275,0.2207184639897187,0.15960972583033264,0.0037628665760341793,0.0,0.157575611066748,24,13,0.5416666666666666,1,1776.5923053846159,570.3223076923076,610.6315384615384,13.234615384615385,0.0,582.4038438461538
5a066b64-a2e6-41e6-aefb-350afb1a7a31,351.0,14.625,427.4204141666667,4331.291666666667,3.7916666666666665,0.006431297649293913,0.0008752341141652917,2.6292469782946633,0.0,0.20564229592497885,0.0,0.0,0.014513459979297642,24,14,0.5833333333333334,1,732.7207099999999,0.0,79.49928571428572,0.0,0.0,28.668571857142858
5a301b0c-8b03-4188-bc0c-5549674573d4,2271.0,94.625,20170.688333333335,51439.666666666664,253.875,0.0011759115912562442,0.0049610912409360376,0.0019997121861826585,0.32329001908878063,0.11335696712216727,0.0936236651560682,0.0008864009945708417,0.12609315968380394,24,16,0.6666666666666666,1,30256.0325,14623.169375,5198.26750625,4196.54125,45.310625,5796.071875
5a435d9a-0009-4fa5-b268-a71513a7d248,1026.0,42.75,5783.346666666667,15604.541666666666,80.45833333333333,0.009364437859757713,0.005188956893263871,0.003273480042313979,0.26618982637867145,0.07338549597323078,0.19373712562413825,0.0,0.09330907443271481,24,16,0.6666666666666666,1,8675.02,3218.6418762499998,1056.0843762499999,2523.1356250000003,0.0,1385.243125
5a817e23-59ab-455a-9254-ae00973893a2,653.0,27.208333333333332,300.5183375,3343.6666666666665,24.833333333333332,0.003960504892085546,0.008444105531851792,0.6927109767780669,0.0,0.2916666666666667,0.0,0.0,0.0,24,11,0.4583333333333333,1,655.6763727272728,0.0,648.7827363636363,0.0,0.0,0.0
5acda0fe-dfac-4e8d-81cd-aa39c0706ef7,1050.0,43.75,9339.2425,25662.166666666668,102.58333333333333,0.023381253905355826,0.004271593266178817,0.001946139501771504,0.20918428554937954,0.11720098534231743,0.0007397078430979084,0.0,0.20876903536568028,24,16,0.6666666666666666,1,14008.86375,4316.679375,2516.21374375,13.270625,0.0,4445.083124999999
5ae562ea-1ebc-43d9-9834-4a91f612ef42,48.0,2.0,0.0,1820.125,6.416666666666667,0.0,0.0039208128038422,0.0,0.0,0.0,0.0,0.0,0.0,24,0,0.0,0,0.0,0.0,0.0,0.0,0.0,0.0
5af41c66-3ec8-4e33-b401-b43c51c2d637,99.0,4.125,1208.54125,2094.0,6.833333333333333,0.007687042092685447,0.0009681985994767541,0.0010350825091604082,0.20378487727667904,0.06807219676432806,0.0,0.0,0.018966018300012846,24,7,0.2916666666666667,1,4143.57,2893.2014285714286,959.66,0.0,0.0,276.42285714285714
5b081fdc-4490-4075-8c3e-5f1276c9ef30,623.0,25.958333333333332,1021.8304166666667,2930.5416666666665,20.25,0.004399111145399854,0.008440369868775145,1.0349337597202617,0.0,0.4479693699807534,0.03149285641565141,0.0,0.019961169488811496,24,13,0.5416666666666666,1,1886.456153846154,0.0,1851.643076923077,17.13230769230769,0.0,15.343076153846154
5b272a88-2a56-456c-bf4a-2be4df6eed41,110.0,4.583333333333333,223.81416666666664,5377.583333333333,5.458333333333333,0.007074229908963683,0.0010424537769907084,0.0031542764729448787,0.16560606751220272,0.09988617932491212,0.10255640907310193,0.0,0.006951344089783238,24,9,0.375,1,596.8377777777778,251.2888888888889,170.08333333333334,162.2188888888889,0.0,13.246666666666666
5b4a63bd-1b45-48c6-aebd-e2d6faba12f5,411.0,17.125,1027.1945877083333,9416.125,18.916666666666668,0.019224516955391294,0.002065580825668175,0.019287442064481446,0.0,0.2706561258628096,0.016285656343412117,0.0,0.3792518335865876,24,16,0.6666666666666666,1,1540.7918815624998,0.0,393.99813156249996,14.655625,0.0,1131.016875
5b72990a-2a41-4c24-8f57-9d95f0fb3626,416.0,17.333333333333332,8053.138749999999,16362.833333333334,16.0,0.017061712573663592,0.0010170998834651964,0.0009688965458790293,0.47443167837048,0.0013772294508145458,0.0006178081347672917,0.0,0.1888073550589097,24,16,0.6666666666666666,1,12079.708125,8586.60625,24.614375000000003,10.503125,0.0,3430.04250625
5baaaae6-d9cc-45f5-9350-39ea33e29f4e,250.0,10.416666666666666,1963.0283333333334,8600.583333333334,9.333333333333334,0.010514131277941555,0.0010408176982978636,0.0029111116927211834,0.23317126585608175,0.2826563915499009,0.0539190068298008,0.0,0.013579824271586036,24,14,0.5833333333333334,1,3365.191428571429,1842.6707142857142,986.9271414285713,430.92428571428576,0.0,104.6107142857143
5be06a89-3742-4e68-ba81-495d46884373,363.0,15.125,515.9337458333333,11431.291666666666,19.666666666666668,0.0033735270090598916,0.0018605688066736209,0.11532391668993702,0.0,0.2122926518200463,0.0,0.0,0.015071794554837233,24,13,0.5416666666666666,1,952.4930692307693,0.0,113.03923076923077,0.0,0.0,42.72846153846154
5bedcba6-59f6-4cb5-a0eb-db41a675c0e3,2314.0,96.41666666666667,21099.7625,83139.16666666667,198.54166666666666,0.025699905942954956,0.0024067262504191083,0.0029812028653932797,0.5574515982138768,0.06556903885449886,0.0020572985681413833,0.002835885353002041,0.015972168905075797,24,16,0.6666666666666666,1,31649.64375,26181.736249999998,3146.936875,51.368125,22.159999999999997,1033.15999625
5c24dea6-e26b-4004-bd48-0c7f6a2edc2b,429.0,17.875,621.5099958333334,2473.625,5.25,0.00683774031301265,0.002263785776097854,0.0368984367311972,0.0,0.39656009431999445,0.09422491818834333,0.0,0.050678541456168284,24,13,0.5416666666666666,1,1147.4030692307692,0.0,1084.208453846154,38.419230769230765,0.0,24.676923076923078
5c32fd2d-a294-408e-9ec7-f8aaa3c252ea,566.0,23.583333333333332,11250.727083333333,15117.958333333334,22.958333333333332,0.01784855159798822,0.0015827856003305582,0.0009792229368859125,0.46594828319473436,0.06134473847793739,0.00040610242385942497,0.0,0.03445269773852809,24,16,0.6666666666666666,1,16876.090625,11787.585,1531.7700062499998,11.008125,0.0,845.104375
5c4be634-62c7-4ac7-8012-6fd6c31430bb,1097.0,45.708333333333336,5234.019166666666,12716.291666666666,33.625,0.02781729739525457,0.002618850960787729,0.004387268595937975,0.44999860002861686,0.03618287612265142,0.0,0.0,0.12630986553406404,24,16,0.6666666666666666,1,7851.0287499999995,4974.795,492.7468625,0.0,0.0,1724.249375
5c5dbe58-878a-4f72-a5c3-d5af95001d3c,1656.0,69.0,1137.9799875,56753.333333333336,69.33333333333333,0.0038594824361749044,0.00130706678438365,0.8536838482581284,0.0,0.24419741130897774,0.0,0.0,0.08822011103314259,24,13,0.5416666666666666,1,2100.886130769231,0.0,1115.920769230769,0.0,0.0,896.7692307692307
5c6c30f3-a99b-4b2b-bec7-5a57a654eec5,1148.0,47.833333333333336,9848.638333333334,22334.041666666668,62.958333333333336,0.01703551280500095,0.003014360768455441,0.0029859403317225044,0.463660362680468,0.06458785297770543,0.04929017743744988,0.008744487167619176,0.05065349742190434,24,16,0.6666666666666666,1,14772.9575,9807.141875,1329.02874375,1459.68812625,95.22375,1266.19311875
5c6fb351-2b48-4511-a078-16512fe40fd3,387.0,16.125,6886.264583333334,7366.333333333333,5.25,0.015202038039405799,0.0007233939510703167,0.005981538575245808,0.4675640605442795,0.049062300033926594,0.056985159162249416,0.0,0.06313107891395639,24,16,0.6666666666666666,1,10329.396875,8067.0,207.258125,473.73125,0.0,846.90375
5c75fa5c-da4c-474e-accd-09e29d870f36,1741.0,72.54166666666667,2823.434583333333,58345.166666666664,103.33333333333333,0.008246767637953055,0.0022288435021910664,0.11192832125510828,0.041666666666666664,0.1761711291496161,0.3443205993634984,0.017308758268645877,0.07683220062386466,24,16,0.6666666666666666,1,4235.151875,156.0375,433.91999999999996,3337.6012499999997,20.02625,232.19875
5c7e93d4-a738-473e-88dd-02a14b319637,559.0,23.291666666666668,697.017925,12079.583333333334,19.25,0.001640164510782175,0.001690309460515125,0.40135442995646037,0.1638604791871974,0.08793676173827229,0.0020622818412704747,0.0,0.005110111485017054,24,9,0.375,1,1858.714466666667,1073.1755555555555,139.4622222222222,26.52111111111111,0.0,9.921111111111111
5c84f7ef-02c3-42d0-8e66-f25393eead6d,183.0,7.625,347.9612500083333,2554.4166666666665,4.791666666666667,0.005337036622952138,0.0020085597875647374,0.09680304362740892,0.0,0.11998919190576245,0.3629316221999798,0.0,0.017079185894257783,24,12,0.5,1,695.9225000166667,0.0,84.30416668333334,602.6616666666667,0.0,8.956666666666667
5c9899dc-bdbe-450b-a5ae-26970f4d90c2,55.0,2.2916666666666665,2596.517916666666,4167.458333333333,5.833333333333333,0.006810751057385866,0.0013767449450528668,0.0003648443180462083,0.2769926517988472,0.1498139141315171,0.0,0.0,0.1385927453765097,24,16,0.6666666666666666,1,3894.7768749999996,1574.321875,806.57749375,0.0,0.0,859.868743125
5cc215e1-65ea-4ef1-8b15-89702770007e,1087.0,45.291666666666664,3218.3604107916667,21322.166666666668,74.125,0.00796894042775375,0.0036539370489813753,0.06509280772881919,0.04315265887451399,0.13357979197059333,0.11834666830466767,0.0,0.04885237464924955,24,12,0.5,1,6436.720821583333,1099.1116666666665,1812.0608333333332,793.8916749999999,0.0,630.9424975
5ccd33b8-ac95-4ec7-b149-c78fa0f851c3,965.0,40.208333333333336,7559.602500000001,22358.958333333332,81.04166666666667,0.0161259310637891,0.003916098992213121,0.002775637311135029,0.2909632397105792,0.028620263431457755,0.017982425140232287,0.011594598747435464,0.008135762986375715,24,16,0.6666666666666666,1,11339.403750000001,5603.5825,653.093125,304.284375125,135.823125,198.5550006125
5ce12aa4-38e7-4aa6-9eee-71931d0a2650,381.0,15.875,3513.2558333333327,7577.208333333333,52.916666666666664,0.01188480031970914,0.007048033148713975,0.002045321522453196,0.48185661239186034,0.06593968103137084,0.03498843630992881,0.0,0.08363129980069774,24,16,0.6666666666666666,1,5269.883749999999,3736.409375,574.11375,310.484375,0.0,646.6781237499999
5cfef877-41cd-40cd-8690-3c760f653a40,1459.0,60.791666666666664,2216.4804166625,30137.416666666668,129.04166666666666,0.00880100250222716,0.004280991237511459,0.6213589178682808,0.0,0.17805661762560063,0.10427465101173804,0.0,0.2528163069230974,24,14,0.5833333333333334,1,3799.6807142785706,0.0,502.48428571428565,1156.0085714285715,0.0,2057.078571428571
5d3889ea-ee93-4206-8b38-9d30fbbeb8aa,198.0,8.25,4986.818749999999,6786.416666666667,12.791666666666666,0.016278543451201336,0.001917691834578375,0.0008283597302123541,0.34295472104934355,0.13191936697981346,0.03437544111724637,0.0,0.005808175635897371,24,16,0.6666666666666666,1,7480.228125,3662.8150018749993,1514.46813125,317.56875,0.0,81.90375011875
5d6766d3-3ac0-43a8-8a2a-aad3dc61f160,90.0,3.75,0.0,2460.7083333333335,11.541666666666666,0.0,0.005020791168256054,0.0,0.0,0.0,0.0,0.0,0.0,24,0,0.0,0,0.0,0.0,0.0,0.0,0.0,0.0
5d79707e-8850-45e1-981e-20395918f8e6,662.0,27.583333333333332,1519.787916666667,22580.875,43.333333333333336,0.01591335299067019,0.002074191861117125,0.027891741329052075,0.0,0.18312437773563991,0.08927831761977371,0.014011320822742595,0.25376220952054246,24,16,0.6666666666666666,1,2279.681875,0.0,239.68500189375,414.96125,15.545,1085.7175000000002
5d80e94d-3a59-4a75-bf95-b739da85f3ee,436.0,18.166666666666668,2140.9583333333335,2298.2083333333335,10.041666666666666,0.01127130631945643,0.0011978590838894543,0.0024373676815000835,0.16218792617705866,0.0005987655675333375,0.012433975058377733,0.0,0.015565456361576852,24,6,0.25,1,8563.833333333334,4800.631666666667,30.286666683333337,501.1633333333334,0.0,689.6416666666665
5d872863-7e52-4e59-8847-822a1d813ec9,214.0,8.916666666666666,239.3970833333333,3713.4166666666665,11.0,0.0027463371017286543,0.0030030201604605497,0.03885379422154576,0.0,0.2104932347100231,0.02262172284644195,0.0,0.01688504244353494,24,6,0.25,1,957.5883333333335,0.0,907.4533333333334,38.25333333333334,0.0,11.881666666666668
5db68b98-9a35-4ea4-abd3-911154f5f0ee,132.0,5.5,205.81041666666667,3350.5833333333335,7.666666666666667,0.004459621547467755,0.0023117296386060376,0.019846560036001586,0.0,0.375,0.0,0.0,0.0,24,9,0.375,1,548.8277777777779,0.0,548.8277777777779,0.0,0.0,0.0
5db86cf4-cfec-436f-8d2b-5c640bef6194,819.0,34.125,19686.84,37361.083333333336,28.208333333333332,0.015742564581702836,0.0007902476299389416,0.0009145983695841917,0.4759424164256972,0.07156485912380435,0.0051714335848287545,0.0031705528368356837,0.09180127061787531,24,16,0.6666666666666666,1,29530.260000000002,20623.24059375,3833.3399812499997,268.120625625,57.82375,3736.345
5dc36f3c-c6a5-4297-bf99-5348152f648c,168.0,7.0,636.2820791666667,2975.2916666666665,12.583333333333334,0.013488636260910328,0.0030586093965436,0.00707521174645175,0.0,0.17109472908219683,0.0,0.0,0.3705719375844698,24,13,0.5416666666666666,1,1174.6746076923077,0.0,403.89,0.0,0.0,770.7846076923076
5e0b4ce3-cbc3-45a3-8071-3cd23730228d,2941.0,122.54166666666667,23400.609583333335,57423.75,143.75,0.002285819389477158,0.0024860908386379,0.0021874540217902126,0.5195725197155062,0.041367723247754055,0.039063737151629405,0.0015264831460956333,0.055197008612703526,24,16,0.6666666666666666,1,35100.914375,27580.591875,2109.8706375,2008.4862562500002,75.97249375,2817.8849999999998
5e437dce-2652-4661-970e-2322877d392d,850.0,35.416666666666664,7792.796666666666,14633.0,12.5,0.013419824902728824,0.0008854241730931709,0.002394513034202296,0.21066796640211546,0.13010164229246587,0.031104911779564995,0.0026894056395546004,0.2127910705759082,24,16,0.6666666666666666,1,11689.195,3313.475,2118.285625,1601.699375,36.438125,3362.62436875
5e56376a-3d6a-460e-972e-6d4312cb92d6,185.0,7.708333333333333,467.7479165,2108.125,6.166666666666667,0.01379835187175685,0.00293039964649785,0.011339560113185751,0.3566907280513771,0.2065378666234073,0.020104738658548917,0.0,0.0,24,14,0.5833333333333334,1,801.853571142857,415.10857142857145,367.96571400000005,18.779285714285713,0.0,0.0
5e5de93d-d15b-494f-b3fd-4a8485b3bc7f,430.0,17.916666666666668,3807.7720958333334,16272.958333333334,18.958333333333332,0.029308198919745926,0.0011574145607432123,0.00220863920523475,0.34190880894050907,0.020529773843099605,0.003300256605905679,0.0019843461385668924,0.08043867270920368,24,16,0.6666666666666666,1,5711.65814375,2953.45185625,183.80436875,28.68937500625,18.519375,684.095
5e61a15c-37a1-413b-806c-b398f5718ad1,1311.0,54.625,10009.164583333333,36933.75,113.79166666666667,0.015404756611919245,0.003078761752975204,0.0028164343457456956,0.40479479495608534,0.14142228071933546,0.0008425501518298041,0.0,0.117752212441123,24,16,0.6666666666666666,1,15013.746875,8985.44125,3122.40938125,14.3075,0.0,2841.324375
5e666bfe-c579-4329-af18-c7a0ef5ead7f,339.0,14.125,4790.692083333333,12527.375,16.875,0.010625985834253863,0.0013821965302843419,0.014855171632614557,0.27586532547309456,0.2903209330180324,0.030032721008703304,0.0,0.024632495566555838,24,16,0.6666666666666666,1,7186.038125,2919.91,3727.2156268750005,311.066875,0.0,183.501875
5e672fea-ceae-4ae5-ba3b-2f2db047e71e,464.0,19.333333333333332,4510.415416666667,15901.666666666666,23.375,0.011091839245050472,0.0018246229015282539,0.023926066853899447,0.15376581650219606,0.07551964443352834,0.16397801602226422,0.0,0.07834444695737164,24,14,0.5833333333333334,1,7732.140714285713,2965.9935714285716,1344.8064357142855,156.61142857142858,0.0,1487.2178571428572
5e6b2db5-00e5-42ab-98b8-0d309f0e5bf0,873.0,36.375,1587.5154170833332,8535.291666666666,15.5,0.005045870633652355,0.0018768026694451292,0.059709462916346025,0.0,0.1895330603050379,0.4058596741520109,0.0,0.028578433684330096,24,15,0.625,1,2540.0246673333336,0.0,711.4226686666667,1745.750666666667,0.0,77.16799999999999
5e6faa7b-2510-4b20-9adf-dcfbb513f0a8,1020.0,42.5,3309.0520833333335,22990.625,66.29166666666667,0.016064803625132906,0.002923125154969721,0.17027081763370847,0.23832466339078606,0.07123645667532551,0.011162288434414665,0.0,0.15091297822399038,24,14,0.5833333333333334,1,5672.660714285715,3900.3335714285713,248.69857,15.194999999999999,0.0,1143.0007142857141
5e7a7c42-dfca-4821-ac9a-afe13959dece,1994.0,83.08333333333333,3387.2333333333336,4398.25,77.95833333333333,0.009454435713204487,0.029060501414737858,0.02076959943158359,0.4057157810509615,0.12746321144570708,0.03975433661655311,0.0,0.04235150121770459,24,15,0.625,1,5419.573333333334,4738.953333333334,474.2706669333334,79.15333333333334,0.0,72.26400066666666
5ec787f1-b7eb-4be7-b590-c812c1950c67,81.0,3.375,150.885,1163.25,2.3333333333333335,0.0022711426648014624,0.0020484896236635463,0.012305757789295447,0.0,0.25,0.0,0.0,0.0,24,6,0.25,1,603.54,0.0,603.54,0.0,0.0,0.0
5ecf37c3-fd93-44db-a8e1-18683d99c933,402.0,16.75,1072.475,5226.5,11.458333333333334,0.007262520524653225,0.0022501978345909955,0.020256999718700253,0.014591576497504236,0.5096348502996301,0.0,0.0,0.08333333333333333,24,15,0.625,1,1715.96,82.72466666666666,1106.4786666666666,0.0,0.0,430.10066666666665
5eeffad9-aef3-4199-b273-037a5979e31e,79.0,3.2916666666666665,622.4895833333334,2259.7083333333335,6.75,0.006201106457094895,0.002962830917149333,0.001276840712286075,0.09181525502612402,0.026811081966757105,0.13780222950022256,0.0,0.0,24,7,0.2916666666666667,1,2134.2499999999995,503.8914285714286,135.23714285714286,1266.5514285714287,0.0,0.0
5effb3db-a8fb-4bf0-97c4-a474111829fa,143.0,5.958333333333333,254.81416666666664,3359.5,5.833333333333333,0.0033818875173428123,0.001780491864873429,0.005154699951674013,0.0,0.27761458131643385,0.03444616977225673,0.0,0.02127258224464278,24,8,0.3333333333333333,1,764.4425,0.0,726.29125,28.28375,0.0,9.8675
5f13f25a-f372-480d-9365-02c12a403470,1135.0,47.291666666666664,10398.079979166667,27778.583333333332,60.875,0.023675784532789224,0.0024444841692387166,0.0021034649580724293,0.30015663361020517,0.07769978368152207,0.012766635125115175,0.0,0.0960723950113508,24,16,0.6666666666666666,1,15597.11996875,7284.543125,1724.7575000000002,289.57124999999996,0.0,2128.8362500000003
5f331a74-7a39-4904-9b35-9b0b70057741,256.0,10.666666666666666,179.16375041666666,3178.0416666666665,6.875,0.004357362303665349,0.0021451867706619877,0.37522065913246844,0.041666666666666664,0.1716176082942421,0.28604976872520965,0.0,0.0,24,14,0.5833333333333334,1,307.1378578571429,71.11428571428571,82.44857142857143,152.81571428571428,0.0,0.0
5f399355-911f-464e-b0ba-987751f8937f,709.0,29.541666666666668,3804.90875,5221.208333333333,19.5,0.008647158337176575,0.002594634084723758,0.8561348446661872,0.14994883861578714,0.18096315114329298,0.06349500960096836,0.0,0.07172557782480814,24,16,0.6666666666666666,1,5707.363125,1215.9825,1284.8887499999998,620.13,0.0,1148.443125
5f505312-31cb-4257-810d-6f8513e71f7d,191.0,7.958333333333333,571.7154166666667,10978.625,34.708333333333336,0.0031017480523393374,0.00352625551255815,0.0004870961246655459,0.0,0.0,0.0516673411490422,0.0,0.11499932551762447,24,4,0.16666666666666666,1,3430.2925,0.0,0.0,1100.0025,0.0,2330.29
5f5158c8-ea65-414d-ab15-37eb5c356b02,560.0,23.333333333333332,12737.272083333335,24145.416666666668,27.458333333333332,0.010494940720258325,0.001169558310384354,0.0007955848617265624,0.3922183922478106,0.09838022038414802,0.08158729398336963,0.0,0.09447357517318056,24,16,0.6666666666666666,1,19105.908125,11096.036250000001,2781.553125,2445.95375,0.0,2782.14250625
5f536c2b-a981-4fda-9746-0504eab16f23,363.0,15.125,5146.247479166667,14300.708333333334,20.333333333333332,0.014320475368724916,0.001463559311943475,0.0012467315515222125,0.42717934035335814,0.14589009512087595,0.004322389835781467,0.0,0.0004379892295846666,24,16,0.6666666666666666,1,7719.3712187500005,4884.51689375,1768.74875,50.816875,0.0,5.430625
5f5c36fa-55e2-4228-960f-9112b6fafeb0,545.0,22.708333333333332,938.0958320833333,8396.416666666666,17.416666666666668,0.006273387558415888,0.002138720473343404,0.20792814499411638,0.12152467657548703,0.3365880238139427,0.0,0.0,0.0,24,14,0.5833333333333334,1,1608.1642835714283,578.1278571428571,1026.2521428571429,0.0,0.0,0.0
5f9214fc-6169-47e5-8cd3-7c9dd16b0b93,237.0,9.875,2174.1225,9938.958333333334,12.0,0.010910470270170258,0.0012253211065630667,0.1295519832027053,0.12528696828431002,0.12314687516587104,0.016788378989587672,0.0,0.07531456315789885,24,12,0.5,1,4348.244999999999,1319.3274999999999,924.4499999999999,179.70000000000002,0.0,759.7066666666666
5fb0a483-7efb-4224-8ccd-b16e252f0d13,1002.0,41.75,6816.115833333334,14338.875,41.041666666666664,0.011316590174041657,0.002906944260927812,0.0029687848599006506,0.23365610824452712,0.26255360477526307,0.03065234346971385,0.0,0.12401930261292833,24,16,0.6666666666666666,1,10224.173750000002,3432.505625,4293.054393750001,521.545,0.0,1763.2668749999998
5fd54b72-e515-4b08-afa7-2d86c250ce31,952.0,39.666666666666664,10359.913333333334,23995.083333333332,75.20833333333333,0.011580373955085163,0.003172321896339892,0.002225371084385846,0.30360393895776966,0.1458352041982767,0.018461814662637563,0.00115706982591725,0.14899140704534253,24,16,0.6666666666666666,1,15539.87,5974.240625,3891.65625,332.188125,39.2425,3782.444375
5fdedb6a-6ce9-4675-aad5-9c53685a45fd,1029.0,42.875,5926.730833333334,16891.041666666668,38.166666666666664,0.010087793077628632,0.002358545341954575,0.004153059598278212,0.3464079591149473,0.10600301295895197,0.07540217706469042,0.0,0.13846164327214494,24,16,0.6666666666666666,1,8890.09625,4124.63375,1635.073125625,915.7149999999999,0.0,2206.85625
5fe8266a-eed7-476b-bbe8-361103bf4db0,559.0,23.291666666666668,7422.707083333335,8645.333333333334,21.75,0.008581159426659992,0.0025315675222699206,0.0014667207792955252,0.30958124947831905,0.21719326675304443,0.01932633222662675,0.0,0.12036406856412801,24,16,0.6666666666666666,1,11134.060625000002,5097.2175,3700.27935625,317.06375,0.0,2016.03374375
5ff67591-dc0c-4d1a-9a16-88e7c5015185,837.0,34.875,2767.191645833333,12422.208333333334,54.083333333333336,0.008927832841602638,0.004355638470682433,1.0755525626905933,0.15126885544501045,0.16369883563791446,0.010040437837944241,0.0,0.21423166830416474,24,14,0.5833333333333334,1,4743.757107142858,1055.2383071428571,1111.6710435714285,125.4157142857143,0.0,2435.789185785714
6031fb29-7c52-49b7-ab6c-0046f6910d66,235.0,9.791666666666666,323.96583416666664,4718.583333333333,22.708333333333332,0.005042148529625901,0.005464943824102804,0.009703971487459722,0.0,0.4452711627955674,0.03702824903441821,0.0,0.01770058817001443,24,12,0.5,1,647.9316683333334,0.0,619.6350016666667,18.726666666666667,0.0,9.57
603be687-0e21-49dc-a267-00c25d5541e8,258.0,10.75,4038.911666666667,10283.583333333334,20.25,0.0061201396237694035,0.0020050097181795,0.001288724707328075,0.25945642062257057,0.003452654667863604,0.0014674136286284166,0.014956051453283005,0.17434689802172118,24,16,0.6666666666666666,1,6058.3675,2701.694375,32.655625625,14.12875,149.902498125,1326.565
6046dd67-12db-41dd-b1f6-45f49fcb1f30,385.0,16.041666666666668,1742.1154166666668,8367.125,24.875,0.011058665479932417,0.0031267021160455333,0.14379823810732836,0.045568476462737234,0.0821291848435117,0.08472155651086834,0.002668904173888712,0.07186009800264946,24,15,0.625,1,2787.384666666667,369.0626666666667,47.85800066666666,167.03266666666667,55.84933333333334,897.418
60777b4d-f58f-4fe8-b601-24b0d562ea08,918.0,38.25,5156.707083333334,9374.5,40.916666666666664,0.006675150664596737,0.004817821051401533,0.00795575234705782,0.406216598373667,0.08636985889858557,0.0,0.0,0.17346716697071465,24,16,0.6666666666666666,1,7735.060625000001,5072.938125,231.00187499999998,0.0,0.0,2422.7799999999997
60bfc8c9-bc95-42c0-a6e8-c35c8dd3e71c,1410.0,58.75,6078.56125,24384.041666666668,72.75,0.0069553490947212955,0.003049671953560071,0.0046085034723202965,0.17308461280130746,0.10070018249879452,0.2624248043728827,0.0,0.08879635122782337,24,16,0.6666666666666666,1,9117.841875,2117.10374375,1400.951875,3558.68060625,0.0,1550.709375
60c92dac-1030-49d8-8ead-0dfcbe70ba6c,1124.0,46.833333333333336,51965.14666500001,24700.333333333332,100.25,0.013969563578191263,0.005872158931322637,0.002529472619407769,0.41133058229655517,0.09767628734000096,0.01186802231326718,0.016819554413235384,0.056774348781778484,24,15,0.625,1,83144.23466400002,19881.029330666668,2762.576000666667,404.4186666666667,648.8086666666666,58345.223331333334
60e865a9-364f-44c5-9646-a6ebf7be19ab,954.0,39.75,9470.3825,24224.291666666668,62.958333333333336,0.015547990757743121,0.002941676612360254,0.00663726387636875,0.3291860838110347,0.05717951060553875,0.01602993909998964,0.0,0.14827744030291953,24,16,0.6666666666666666,1,14205.57375,6760.42625,1498.7462475,570.70875,0.0,1875.8456250000002
6120e06a-73c0-40f4-b1ef-32089867d4b3,234.0,9.75,838.21125,7793.208333333333,31.625,0.008445687125466575,0.0041187963177510625,0.0071653313167595,0.2659458909926668,0.27906879782845795,0.11912158995495754,0.0,0.0,24,16,0.6666666666666666,1,1257.316875,583.90875625,499.16937500000006,167.39374875,0.0,0.0
61318fc4-904c-49bf-a9f6-fa9c72baaedb,174.0,7.25,267.6175,920.0,3.1666666666666665,0.005332566586716042,0.003824951527731171,0.013124504661349153,0.0,0.4583333333333333,0.0,0.0,0.0,24,11,0.4583333333333333,1,583.8927272727273,0.0,583.8927272727273,0.0,0.0,0.0
61357c86-445c-4284-b1b3-8b358b02539e,65.0,2.7083333333333335,20.362916583333334,3908.3333333333335,5.0,0.004428167338128875,0.0013608901190710874,0.005296782551560855,0.0,0.125,0.08333333333333333,0.0,0.0,24,5,0.20833333333333334,1,97.7419996,0.0,77.63,20.1119996,0.0,0.0
6165d8de-5323-4e49-a019-8ca18556beb0,154.0,6.416666666666667,3124.3483333333334,4849.708333333333,5.25,0.013167327084972591,0.0008536045604890416,0.0015577523511790582,0.4745920935459385,0.06006360361781916,0.0,0.0,0.1320109692167474,24,16,0.6666666666666666,1,4686.5225,3280.97374375,470.79063124999993,0.0,0.0,934.758123125
617419a1-c8bc-4610-8c3e-a32156348dea,610.0,25.416666666666668,928.7737541666667,13340.375,7.5,0.007348754780560479,0.0006864361700046909,0.3626832067731793,0.0,0.14253987171002544,0.1403649546792742,0.0,0.13284877829013342,24,15,0.625,1,1486.0380066666667,0.0,87.82733333333333,98.35133333333333,0.0,571.4493333333335
617e98e0-e792-4ab9-8d35-785dea8083d6,448.0,18.666666666666668,748.8849958333334,13925.75,30.041666666666668,0.0038263690676525416,0.0022973235355389626,1.444418784734882,0.3708574291349336,0.09264968462780758,0.02086960674116031,0.0,0.014970525478282884,24,13,0.5416666666666666,1,1382.5569153846154,1280.9246076923077,69.05076923076923,17.48153846153846,0.0,12.736923076923079
61b36025-8175-4b00-bc47-c1d8f092a238,371.0,15.458333333333334,1357.5604166666667,11269.041666666666,32.416666666666664,0.0020227522531128914,0.0037974793494857245,0.0003434858523826666,0.0,0.0,0.021734003100327064,0.0,0.14493266356633958,24,4,0.16666666666666666,1,8145.362499999999,0.0,0.0,1188.9825,0.0,6956.38
61b589c4-abb5-4f53-aec0-5fc43bc50910,366.0,15.25,810.6775000000001,20708.0,47.625,0.005834192532365892,0.0022273898058892544,0.016023267745064462,0.2833928774671645,0.06774358303165984,0.13494804968136878,0.0,0.013274721267076165,24,12,0.5,1,1621.3550000000002,1323.2516666666666,131.86916666666664,118.97166666666668,0.0,42.901666666666664
61de32d6-8a6a-46c9-9c2a-659253cdb2c6,770.0,32.083333333333336,1224.4999958333335,25589.708333333332,61.125,0.006322835678951109,0.0024473483855410876,0.02785599874272021,0.0,0.14582623971579553,0.37315500874771795,0.0,0.010791436398670862,24,14,0.5833333333333334,1,2099.14285,0.0,139.72285714285712,1799.1642857142858,0.0,49.47571428571428
61f83cf7-62b9-44b0-bcdb-becbeeecb532,3.0,0.125,0.0,42.458333333333336,0.0,0.0,0.0,0.0,0.0,0.0,0.0,0.0,0.0,24,0,0.0,0,0.0,0.0,0.0,0.0,0.0,0.0
621125fc-f504-4250-8b82-6314dc839727,585.0,24.375,5955.115000000001,12373.208333333334,25.291666666666668,0.011352293791118554,0.0020414187639341253,0.0020189182624250628,0.2685447402892566,0.0994598790562465,0.015217128055852847,0.0,0.24545227978328232,24,16,0.6666666666666666,1,8932.6725,3171.97936875,1537.08813125,270.48,0.0,3677.404375
621d2856-1bf3-4701-9f1e-c453cf800ce8,408.0,17.0,745.4354179166667,9789.291666666666,11.333333333333334,0.005637630199900555,0.0014931160585990502,0.011686424627659925,0.37454652366205465,0.08293590620277745,0.02592003393785131,0.0,0.016597535984988768,24,12,0.5,1,1490.8708358333333,1448.2933416666667,29.949166316666673,8.146666666666667,0.0,4.4816666666666665
622078b1-2c14-4182-9aa9-d1498c5f9950,607.0,25.291666666666668,1124.8441666666665,7178.25,37.041666666666664,0.005760304421913603,0.00554071123097065,0.03840514218987225,0.21054616992810307,0.2916233133763687,0.08019111570247933,0.0,0.0,24,14,0.5833333333333334,1,1928.3042857142857,1129.7414285714287,679.7257214285713,113.26642857142858,0.0,0.0
62208497-9b20-4b38-96aa-f39e86b50ddb,394.0,16.416666666666668,3206.3212500000004,40670.041666666664,25.666666666666668,0.01782312596082412,0.0006343993337960624,0.0024698738812099544,0.3905972589680385,0.008485129089323029,0.1799140568093165,0.0,0.02387902659769488,24,16,0.6666666666666666,1,4809.481875,2895.074375,72.58937499999999,1186.38438125,0.0,212.893125
624b72fe-bc48-478e-9543-64bbc4bde54a,434.0,18.083333333333332,762.2120833333333,1753.6666666666667,8.208333333333334,0.011814193993612193,0.004854084597500046,1.168791349341513,0.0,0.17613610216290843,0.0,0.0,0.40487548065641005,24,14,0.5833333333333334,1,1306.6492857142857,0.0,133.14357142857142,0.0,0.0,1165.8092857142858
626ae455-7890-409c-868a-943f90136da3,1161.0,48.375,7271.1325,11135.916666666666,78.25,0.01693281258594122,0.007809224841973054,0.0034263555748660084,0.35407554175257233,0.15671843291021348,0.0014229957647384833,0.001618876276115025,0.10848618149359296,24,16,0.6666666666666666,1,10906.69875,5517.630625000001,2686.6281249999997,17.833125,32.714375000000004,1971.328125
628fa242-1be5-4139-af59-8a09bca93354,891.0,37.125,6483.166654166667,15224.166666666666,63.541666666666664,0.011568151780571287,0.0042076005763682705,0.0029207262086105583,0.2588246893977884,0.23090495398000585,0.0016750910966386208,0.0,0.05656969062340664,24,16,0.6666666666666666,1,9724.749981250001,3730.0387499999997,3264.339375,42.798125,0.0,1147.590625
629c72ef-e367-4242-ac52-d1bd2c660526,740.0,30.833333333333332,11910.19333166667,29285.583333333332,47.333333333333336,0.006793755327211079,0.0017212350723658499,1.7665083085514997,0.21951945205356194,0.05462598884013247,0.0002555353508814375,0.0,0.3503855751496267,24,15,0.625,1,19056.30933066667,10487.127997333335,2235.0799933333337,14.192,0.0,6310.275999999999
629c7db4-05a1-433c-b0e0-f51d97d80c1a,29.0,1.2083333333333333,366.1854166666667,2883.75,4.416666666666667,0.0021151214830095206,0.001764523333346742,8.15279506101125e-05,0.0,0.0,0.04018826497168924,0.12554883157496105,0.0842629034533497,24,6,0.25,1,1464.7416666666668,0.0,0.0,296.075,551.3866666666667,617.2800000000001
62a7270b-09f5-40d7-80ff-af37a8f8db50,140.0,5.833333333333333,207.98749999999998,2038.875,2.0416666666666665,0.004038715795129779,0.0010066339775259541,0.03189967998684544,0.0,0.3139304165136731,0.03502309577677225,0.0,0.02604648770955467,24,9,0.375,1,554.6333333333334,0.0,529.1166666666666,16.512222222222224,0.0,9.004444444444445
62a91385-87ed-43e0-a2fe-eca37596df2b,242.0,10.083333333333334,812.1091666666666,3285.4166666666665,5.666666666666667,0.01049731343056687,0.0016916076501368043,0.006028670424077914,0.383519696134903,0.07686954711190393,0.20627742341985977,0.0,0.0,24,16,0.6666666666666666,1,1218.16375,653.9449999999999,213.11749999999998,351.10125,0.0,0.0
62d76bed-fb80-4019-911a-bbb43dfd978f,244.0,10.166666666666666,1166.5866245833333,3797.5416666666665,7.041666666666667,0.002989285601938346,0.0018744979897498918,0.010185987550688296,0.0,0.3333333333333333,0.0,0.0,0.0,24,8,0.3333333333333333,1,3499.75987375,0.0,3499.75987375,0.0,0.0,0.0
6307ceb9-5bbb-4495-84d1-e79e9a8bdded,368.0,15.333333333333334,723.4375,5224.458333333333,11.0,0.005446428844525987,0.0021164308676364873,0.4280856674049908,0.09660810910341318,0.07005855928038317,0.0,0.0,0.0006602779949890666,24,13,0.5416666666666666,1,1335.576923076923,354.66923846153844,109.86999999999999,0.0,0.0,1.5276923076923077
63642976-83c1-46e1-ae62-8a749b137e8c,548.0,22.833333333333332,2086.9762458333335,15221.833333333334,19.875,0.011076828524771848,0.0013381942108744958,2.781536986572734,0.2021130166959748,0.02808032893922251,0.30686687448982725,0.0,0.0004196493273407875,24,14,0.5833333333333334,1,3577.6735642857143,1725.955,158.92785714285714,1662.3192857142858,0.0,5.109285714285714
6364e020-3183-4de3-81f5-8147b9201127,732.0,30.5,6354.5025,15963.583333333334,46.375,0.015352260045256689,0.002867549164692529,0.0020590225253265208,0.5561769103808026,0.043498008065592335,0.0022404870957782835,0.0,0.06460892678970374,24,16,0.6666666666666666,1,9531.75375,7927.788125000001,660.303749375,32.95375,0.0,908.5556250000001
636ca33a-2f0d-441a-bc93-e5ab648d7290,178.0,7.416666666666667,2230.690416666667,9444.833333333334,12.208333333333334,0.009378798244421541,0.0017271495475244126,0.0006039755910938042,0.12369145585302516,0.1168863536987919,0.03973938804442415,0.0,0.1793700824111724,24,12,0.5,1,4461.380833333333,1111.115833333333,1116.6241666666665,466.1258335,0.0,1593.628333333333
63727daf-9aa8-42c4-ae13-2c575049ee5b,3228.0,134.5,25610.527083333334,36322.625,68.0,0.01181544655008583,0.0018980827796705208,0.0024968169701796,0.47557579378302783,0.09119536189587701,0.0048811118623937715,0.021899141268059318,0.05127131240303449,24,16,0.6666666666666666,1,38415.790625,27550.798125,5393.147499999999,257.4525,1270.43062625,2797.698125
6372d37c-bcf6-47f7-ae64-3290f9bfa9d7,1080.0,45.0,13533.168749999999,29325.958333333332,55.166666666666664,0.008424598761535824,0.0022486837142249496,0.005846193315605791,0.235374606356375,0.05161790039417121,0.05079128070440949,0.14165047150330698,0.14556574104173725,24,15,0.625,1,21653.07,8623.846666666668,1834.630666666667,2164.3893333333335,2203.396,6826.807333333333
6387da63-1d2d-4eb3-be14-6810e035f2b6,127.0,5.291666666666667,4062.1966666666667,20399.625,17.541666666666668,0.02376525765515569,0.001516440815279696,0.0005761832600817917,0.1370576309384092,0.0,0.013722825362409,0.014969144249784162,0.047768414466241915,24,16,0.6666666666666666,1,6093.295,1165.814375,0.0,204.90124999999998,174.20499999999998,695.940625
63a039b4-991b-44c3-8fac-562fca2015db,458.0,19.083333333333332,2827.222916666667,9805.125,20.166666666666668,0.03275749724502556,0.0021534091485825584,0.0027194815523384672,0.6591979140728266,0.007235311935029458,0.0,0.0,0.0,24,16,0.6666666666666666,1,4240.834375,4185.7425,53.5925,0.0,0.0,0.0
63a58291-6acf-4a67-bfaa-80bfb177a436,1006.0,41.916666666666664,3648.6937375,15340.666666666666,84.33333333333333,0.01155200171879246,0.005544341946967687,0.019100440453829505,0.5177282147165351,0.0861304006723151,0.0,0.0,0.01957236518839364,24,15,0.625,1,5837.909979999999,5556.517293333334,72.88666666666667,0.0,0.0,193.33333333333334
63ab19be-7d87-4b82-9406-a4561c93972a,728.0,30.333333333333332,6858.264166666667,16898.0,48.5,0.016358794031976875,0.0029223305567019297,0.0022666848251193792,0.5264819014251403,0.10382541571039544,0.013103554859253894,0.007717141156197284,0.01497022431902821,24,16,0.6666666666666666,1,10287.39625,7984.939375,1619.4049875,189.966875625,224.76625,262.28562500000004
63aeab0b-a158-41ad-bc48-6a971f69c90b,330.0,13.75,432.63000000125,5035.25,42.458333333333336,0.003638787434831242,0.008034604167938792,0.7542420351985203,0.18804417408608298,0.016516532732724343,0.008396969855466637,0.0,0.009718314290189366,24,12,0.5,1,865.2600000025,192.38166666666666,18.821666666666665,9.6325,0.0,19.914166666666667
63d91685-b3c8-49ac-a210-8b13b8e8461d,29.0,1.2083333333333333,37.49125,747.5416666666666,1.9166666666666667,0.0013852501110682251,0.0025766027505169,0.0011056160856594336,0.0,0.11675135859976005,0.041666666666666664,0.0,0.008248641400239958,24,4,0.16666666666666666,1,224.9475,0.0,175.985,39.6125,0.0,9.35
63e351a5-7b02-4236-bfa4-4d79b8d68e66,335.0,13.958333333333334,259.92,6389.75,17.416666666666668,0.0024664705772587375,0.0026024327205452333,0.03201371325354963,0.0,0.3333333333333333,0.0,0.0,0.0,24,8,0.3333333333333333,1,779.76,0.0,779.76,0.0,0.0,0.0
63f57e9c-b3c2-4bfb-ab52-9412f83c076b,2104.0,87.66666666666667,1575.8641666666665,10772.791666666666,52.541666666666664,0.0031770752914760127,0.0049145485703179165,0.03906470071473153,0.0,0.18811140467771933,0.0,0.0,0.13543625282021468,24,8,0.3333333333333333,1,4727.5925,0.0,2304.835,0.0,0.0,2250.60875125
64043c85-972f-461e-8a73-6bcd5134e9dd,26.0,1.0833333333333333,36.61291666666667,2195.7083333333335,2.3333333333333335,0.0027970443478364418,0.0011138934424951043,0.0027435470587880498,0.0,0.125,0.041666666666666664,0.0,0.0,24,4,0.16666666666666666,1,219.6775,0.0,211.03000000000003,8.6475,0.0,0.0
640c4771-d01d-4735-94c4-7ea0084abe7d,268.0,11.166666666666666,3731.7337499999994,10086.666666666666,15.666666666666666,0.014700253576732783,0.0015450844115632,0.0015477822662038458,0.5338553708145832,0.07239948663812923,0.0592923323414129,0.0,0.0011194768725412668,24,16,0.6666666666666666,1,5597.600624999999,4455.489374999999,671.731875,463.26,0.0,7.119375
64254f9b-ba1e-4039-adcc-89ddc10fa761,361.0,15.041666666666666,243.0566666666667,6892.75,13.083333333333334,0.0072509383256752795,0.0020242535379256664,0.6378825785503083,0.0,0.2444456559091351,0.19092577510686046,0.0,0.013116647772166682,24,12,0.5,1,486.11333333333323,0.0,386.42,86.73,0.0,10.181666666666667
645cca2c-d59a-4ccf-97c9-15f42a89497a,342.0,14.25,1877.4625000000003,3058.5833333333335,8.041666666666666,0.028999647496866218,0.002614757546999816,0.004571406644344721,0.6503721689196803,0.0075979031278319,0.007758738119976517,0.0,0.0005289135645305833,24,16,0.6666666666666666,1,2816.1937500000004,2750.0575,29.736250000000002,32.677499999999995,0.0,1.83625
646e5ee5-b997-43e2-8eee-2d4595310b8a,646.0,26.916666666666668,1089.74375,15031.416666666666,13.416666666666666,0.0047984155084642545,0.0017060327117810958,0.03414944029987171,0.0,0.4583333333333333,0.0,0.0,0.0,24,11,0.4583333333333333,1,2377.6227272727274,0.0,2377.6227272727274,0.0,0.0,0.0
64720bfe-e90f-4692-9108-3dc67a547b8c,238.0,9.916666666666666,547.36875,5104.375,14.958333333333334,0.005156659006035337,0.005456468067262875,0.014306303146818843,0.06257413381165135,0.14188915124027643,0.0,0.0,0.01369006464317168,24,7,0.2916666666666667,1,1876.6928571428568,758.3199999999999,572.1485714285715,0.0,0.0,108.92428857142856
647f4e18-fd74-4bb7-9daa-8d523c667ede,502.0,20.916666666666668,4529.737083333333,16734.0,19.0,0.00826812808587274,0.0011999747179766292,0.0016036693375629,0.14818879326090734,0.14650419586936758,0.08415293175827665,0.00010291310011964585,0.08503802886444374,24,13,0.5416666666666666,1,8362.591538461538,2236.4776923076925,2250.3892307692304,1496.0053846153846,1.6207692307692307,1325.0277015384613
64815cb4-4d39-4c22-828e-114c962652b4,324.0,13.5,4604.925416666666,7668.25,18.875,0.01917364271409275,0.0025067111828883794,0.0013653528694022,0.4952112907704729,0.06825819193900584,0.048414836118080735,5.1761179548483335e-05,0.05461605777711496,24,16,0.6666666666666666,1,6907.3881249999995,5165.02,706.079375,491.62187625,0.5975,542.75312475
64ab5ba1-6c30-40e9-99b2-88287689736d,1250.0,52.083333333333336,2664.2479166666667,18641.5,20.0,0.006035862029249662,0.0010935104471560542,0.041774717141840965,0.6256581987913382,0.01803965508215498,0.018539288965929875,0.0,0.0020852471976105917,24,16,0.6666666666666666,1,3996.371875,3919.23625,34.7975,35.625625,0.0,2.9987500000000002
64b34fa3-4cdf-4c88-bce6-9109d1a021a9,43.0,1.7916666666666667,0.0,4990.791666666667,5.5,0.0,0.0011927953495273166,0.0,0.0,0.0,0.0,0.0,0.0,24,0,0.0,0,0.0,0.0,0.0,0.0,0.0,0.0
64d0f709-e88c-4325-bedd-dc57dd4ebce8,1390.0,57.916666666666664,2496.5295833333334,7015.541666666667,37.041666666666664,0.010961839690088307,0.008955410090813187,0.014757569755424929,0.09988579753077048,0.33398495525910593,0.0015917153158924002,0.0,0.19122264070830275,24,16,0.6666666666666666,1,3744.7943750000004,394.3675,2001.84813125,14.76,0.0,1033.7549999999999
64f83137-1b09-4f42-9825-e64632824273,396.0,16.5,11776.6604375,11181.375,54.708333333333336,0.0068129653334347,0.005067343476343129,0.002042748534292746,0.4796876913878993,0.1070566322655569,0.02504041246895646,0.0,0.05452881179824021,24,16,0.6666666666666666,1,17664.99065625,10847.6655625,4788.686218749999,679.4612500000001,0.0,1339.4612487499999
651e3e7f-7076-4f5c-a28b-20567831534e,84.0,3.5,0.0,2545.6666666666665,5.0,0.0,0.000664746995336375,0.0,0.0,0.0,0.0,0.0,0.0,24,0,0.0,0,0.0,0.0,0.0,0.0,0.0,0.0
65428250-c675-4708-9cb9-ee3e3307f561,419.0,17.458333333333332,430.0558333291667,2865.2083333333335,9.25,0.0054069553512642796,0.0032923363320789874,4.664572215033717,0.0,0.20833333333333334,0.0,0.0,0.12325931767464181,24,14,0.5833333333333334,1,737.2385714214284,0.0,90.30214285714284,0.0,0.0,445.2064285714286
65482341-a492-4e3b-91c4-d7c66953ab27,69.0,2.875,573.4658333333333,1988.0833333333333,8.0,0.0037481335573360582,0.0010409578031024,0.0004539970124336542,0.058531522684029565,0.015111293410466105,0.023872609840675445,0.0,0.015319829974204455,24,3,0.125,1,4587.7266666666665,1997.2033333333331,628.0533233333334,1092.5400333333334,0.0,450.93
655108b8-4a91-4e9f-92ad-6948485a4911,1064.0,44.333333333333336,2299.9058195833336,20827.416666666668,19.25,0.00795322285747402,0.0009487812314574459,0.01976330942696684,0.005942644497470517,0.21648684235240026,0.36155954774061194,0.0,0.023779474967237344,24,15,0.625,1,3679.849311333334,37.376666666666665,931.4013333333332,2565.3186666666666,0.0,34.982
659f2785-2d2d-40cd-a25a-82c0128e6f3b,245.0,10.208333333333334,623.99625,9169.375,5.666666666666667,0.009911081819538202,0.0006903350379780208,0.012494020886670917,0.022318435225637517,0.3111699243680242,0.0,0.0,0.12484497283512287,24,11,0.4583333333333333,1,1361.4463636363637,85.21818163636364,919.2536363636365,0.0,0.0,356.97454272727276
65a53d81-1bc8-4a66-ba91-a49101d63d5f,3968.0,165.33333333333334,40522.92958333334,83782.20833333333,121.66666666666667,0.011015498360424715,0.0014679156356936249,0.0015800081291890457,0.35043144877034466,0.05912093103680744,0.03236791216298789,0.0020077193572636165,0.222411747539399,24,16,0.6666666666666666,1,60784.394375,30433.5411875,5685.20875,2906.0318749999997,193.804375,21530.395625
65afce06-ffb0-42fe-b831-7f75d1e35f5d,256.0,10.666666666666666,2329.097916666667,9590.916666666666,10.625,0.009104858241476747,0.0011329125053202167,0.00769778638594183,0.2112013383441893,0.24180960322313258,0.005322393043359475,0.0,0.0,24,11,0.4583333333333333,1,5081.668181818181,2048.5772754545455,2975.985454545455,57.10545454545454,0.0,0.0
65b1b11c-992e-4ddd-8aff-c1b942ea9eb0,530.0,22.083333333333332,471.1075041666666,4245.958333333333,14.583333333333334,0.006816112821501537,0.0033996193541567,0.35077936382534297,0.0,0.11541695050591559,0.12598442493583176,0.0,0.026021377103651686,24,13,0.5416666666666666,1,869.7369307692308,0.0,49.10000000000001,84.57615384615384,0.0,57.77615384615384
65b59a4a-aa5e-40a6-a80d-da54186aaf4a,1124.0,46.833333333333336,13249.561666666666,24907.666666666668,139.0,0.017968991361873004,0.005694744423143029,0.0024133618085618994,0.5437921492019646,0.05292398840133769,0.0,0.0,0.06861026660208322,24,16,0.6666666666666666,1,19874.3425,16174.946249999999,1383.3575,0.0,0.0,2278.8531000000003
65b8b023-edf5-4b22-bc83-d02a9e8a8bbb,29.0,1.2083333333333333,0.0,150.25,1.5416666666666667,0.0,0.0017308488774504666,0.0,0.0,0.0,0.0,0.0,0.0,24,0,0.0,0,0.0,0.0,0.0,0.0,0.0,0.0
65c57711-25e3-4403-8527-958104093c8f,2630.0,109.58333333333333,4649.1554166666665,66305.5,387.875,0.008218083695807779,0.005857467780683367,0.024367110039545548,0.04929500879154178,0.1401150348293947,0.370663053884815,0.02322599071830656,0.06677261037957641,24,16,0.6666666666666666,1,6973.733125,455.22875,1467.70687625,4592.89875,20.265625,219.71937499999999
65e9c328-ebe3-4fcb-8b5c-bdea6393340a,440.0,18.333333333333332,601.2583331249999,4475.125,17.291666666666668,0.003791522755821921,0.0040206585448851915,0.175473867162752,0.0,0.20149172519597347,0.0,0.0,0.00102906034938195,24,14,0.5833333333333334,1,1030.7285710714286,0.0,106.51071393571429,0.0,0.0,3.3614285714285717
660fb6c5-b6f1-4b1e-8723-de3bd69f81d9,1798.0,74.91666666666667,15239.226666666667,39081.958333333336,144.16666666666666,0.011346274071662674,0.0038296729117625167,0.002421835877176179,0.3040708454010876,0.06669227165360227,0.005525031494254613,0.0010855696634490708,0.18030936484055582,24,16,0.6666666666666666,1,22858.84,9811.64625,2490.89375125,221.54374875,46.909375,6578.05938125
662dd588-0832-40f0-ad6f-63be28370116,774.0,32.25,1402.3933375,24910.25,102.75,0.007048453154155262,0.004324717639291621,0.09467805548136445,0.3653222473783078,0.13765013560411027,0.02064837518671965,0.0,0.0100823833700546,24,14,0.5833333333333334,1,2404.102864285715,2186.6028285714287,148.67857142857142,16.745714285714286,0.0,7.217142857142858
6648201c-bc75-4b07-b208-c930426310b7,566.0,23.583333333333332,1450.40125,22577.416666666668,14.916666666666666,0.008254346704088601,0.0007851058684936168,0.03404345491114082,0.06120753010698321,0.44374494234235445,0.09382894003062088,0.006892926909387867,0.009872810175185983,24,15,0.625,1,2320.642,529.8373333333333,1551.0466666666666,103.91466646666667,56.41866666666667,5.485333333333333
666b5971-912d-4959-9d35-7ccb06bcc455,965.0,40.208333333333336,1684.930833333333,19455.041666666668,56.166666666666664,0.006351098679150939,0.0030063696074398,0.19607227939071434,0.2840489444810604,0.11922488766213331,0.04831653952388129,0.025670397884760904,0.02754544730740449,24,14,0.5833333333333334,1,2888.4528571428573,2593.8857142857137,85.24214285714285,58.735,26.54071428571428,42.50785714285714
66885f98-22ed-4e6f-86d0-d7fa49706d43,911.0,37.958333333333336,8016.758312499999,19938.458333333332,21.333333333333332,0.014982471573741107,0.0010963930940206584,0.0023130992246805167,0.4679688363601886,0.08697029482918654,0.007443283504124796,0.0,0.09735843500152719,24,16,0.6666666666666666,1,12025.13746875,8259.217499999999,1710.0825,153.008125,0.0,1744.95625625
67190354-0b96-4db6-92d0-e919fbe42ed0,113.0,4.708333333333333,183.71958333333336,1750.4166666666667,3.9583333333333335,0.005200170280013166,0.0027448268809914457,0.02160253795416923,0.0,0.26993565362371696,0.041666666666666664,0.0,0.021731013042949682,24,8,0.3333333333333333,1,551.15875,0.0,508.43125000000003,30.215,0.0,12.5125
6726c6f3-52ca-4586-9dbd-94962a701d9a,521.0,21.708333333333332,327.06750000000005,7293.958333333333,9.625,0.0023866508407378918,0.001341425325614625,4.948055599245647,0.0,0.29163766061442203,0.0,0.0,0.0,24,9,0.375,1,872.1800000000001,0.0,871.5966666666666,0.0,0.0,0.0
672d02c9-6bd8-4da2-8473-a93eeb409347,169.0,7.041666666666667,555.33000125,2159.625,4.708333333333333,0.00580563201077738,0.0022572802472450044,0.01160623776747697,0.0,0.5397837884334401,0.02737346872985171,0.0,0.016176076170041572,24,14,0.5833333333333334,1,951.9942878571429,0.0,936.0864307142858,9.704285714285716,0.0,6.203571428571428
67527537-1368-4271-bd0f-ed62280fbdfe,360.0,15.0,258.14833458333334,7212.875,8.75,0.004032791035796192,0.0019858429035303124,0.14197213913598145,0.0,0.16666666666666666,0.3096025231761056,0.0,0.0,24,14,0.5833333333333334,1,442.54000214285713,0.0,138.94642857142858,248.77142857142854,0.0,0.0
6797a3cf-3672-481f-9066-4f22dfda4eed,45.0,1.875,469.4875001666666,4936.291666666667,11.75,0.0052142565501397085,0.0015659769177412167,0.0021063930322278877,0.06619225007318363,0.08499791446968602,0.041666666666666664,0.0,0.0,24,6,0.25,1,1877.9500006666665,951.14,89.63499999999999,16.711667333333335,0.0,0.0
6798daa2-f3c3-431a-b9b9-d75277ffdc79,2755.0,114.79166666666667,12829.372916666667,41719.333333333336,113.0,0.009345711188141708,0.0027958717952449876,0.004340767180932434,0.2759699771194207,0.07584728827603669,0.08393665505010035,0.0013690541725480106,0.21962532010034316,24,16,0.6666666666666666,1,19244.059375,6912.8012687499995,2707.056875,2180.5543749999997,20.24125,7008.662506250001
67a748eb-535e-4c80-8421-1e5f7ed5f128,1339.0,55.791666666666664,35448.48458333333,73182.95833333333,289.5416666666667,0.01636100423066635,0.003970791856211729,0.0006449734082451167,0.3086240739723345,0.15497061785954822,0.0005778219760785209,0.00025972487600680623,0.1962562693402589,24,16,0.6666666666666666,1,53172.72687499999,24600.469375,12404.901875,46.541875,21.719375,15592.458687499999
67adc2bb-6de5-4906-9e32-e3c39408711e,546.0,22.75,2246.5116625,8320.041666666666,21.083333333333332,0.007037452855761688,0.0025955277294403,0.1142626498186562,0.2420679713426629,0.11304727902914886,0.11017928479629487,0.0,0.06050283616870037,24,13,0.5416666666666666,1,4147.406146153847,1807.1915384615386,256.0746153846154,1273.1615384615384,0.0,596.3969199999999
67bbcb23-180a-4207-b220-be440d119d05,2601.0,108.375,19076.66833333333,45688.166666666664,147.0,0.0017620662651752332,0.003248665336546029,0.0021724820437858832,0.5072337934139036,0.05490680458581732,0.05614649479261503,0.001165458783428025,0.03497594388900022,24,16,0.6666666666666666,1,28615.0025,21951.981875,2327.21999375,2348.6181187499997,45.310625,1427.4968812500001
67bcf1f9-2deb-4d56-b8ca-62d4a16097ca,82.0,3.4166666666666665,49.98791666666667,0.0,0.0,0.0009107192384000875,0.0,0.002256678759969075,0.0,0.125,0.0,0.0,0.0,24,3,0.125,1,399.90333333333336,0.0,399.90333333333336,0.0,0.0,0.0
67e76b59-3e91-46c4-8e77-1463ef09d315,1123.0,46.791666666666664,5311.759999999999,20359.0,64.83333333333333,0.02988454749307119,0.0032678996048549247,0.005006023026367309,0.4277955595860714,0.026465980118488858,0.0023781354935164165,0.0,0.00756625268793977,24,16,0.6666666666666666,1,7967.639999999999,4765.528125000001,133.681875,12.542500625,0.0,74.299375
67f96957-9d46-4fd4-941b-d39b0bda3d3b,519.0,21.625,1224.3487583333333,9516.958333333334,41.208333333333336,0.0209112843670687,0.004719280597991197,0.07493639296927454,0.260845772201133,0.1673160790240458,0.0,0.0,0.0,24,14,0.5833333333333334,1,2098.883585714286,1265.0314285714285,313.2892857142857,0.0,0.0,0.0
680dadca-8468-4969-ab35-17e546535c53,178.0,7.416666666666667,663.8366708458333,15823.208333333334,11.625,0.004166666666666667,0.00046519573532381665,0.3924724607454729,0.2070088720454006,0.0013244579517706085,0.0,0.0,0.0,24,8,0.3333333333333333,1,1991.5100125375,1982.43,5.27,0.0,0.0,0.0
682d21ae-c382-4407-9ed9-f5b89d42a8ba,278.0,11.583333333333334,629.0866666666667,6449.583333333333,14.875,0.0059849161586615586,0.0025552341336702498,0.330708995019347,0.0,0.28086939683630113,0.11226882929510461,0.015075731169579658,0.16996414196708717,24,16,0.6666666666666666,1,943.63,0.0,312.90874875,46.448125000000005,14.139375000000001,565.8325
6831e373-b3eb-41ea-a636-e66bdfebdf70,138.0,5.75,22.170416666666668,4416.541666666667,3.875,0.0015828001485347458,0.0005814622621366084,0.0040759894559182,0.0,0.07580787543681662,0.03017773151360938,0.0,0.019014393981766315,24,3,0.125,1,177.36333333333334,0.0,118.85666666666667,31.310000000000002,0.0,27.196668
6833c1fb-3040-4d54-8b50-21ed91219ca9,79.0,3.2916666666666665,125.8925,525.8333333333334,3.5833333333333335,0.004096630773917525,0.0083295291630128,0.024991782073024566,0.0,0.25,0.041666666666666664,0.0,0.0,24,7,0.2916666666666667,1,431.6314285714285,0.0,416.8657142857142,14.765714285714285,0.0,0.0
68481f4b-54fb-41e7-b254-06e9db06f5fd,336.0,14.0,1613.6404166666664,12803.041666666666,17.458333333333332,0.005952499622612038,0.0014264558864692627,0.009674606124946654,0.0347063514041017,0.09876574767213742,0.346715796820856,0.0,0.1026756679669953,24,14,0.5833333333333334,1,2766.2407142857146,178.32857142857142,311.2942857142857,1045.0664285714286,0.0,1229.9199999999998
684f7653-99ac-4638-a536-c3aad87ab737,1106.0,46.083333333333336,8079.638329166667,28748.208333333332,117.04166666666667,0.012463925792128808,0.004321506875996888,0.00374448828871925,0.15272620912974122,0.22456485039080523,0.0683819397895397,0.0,0.14007017521193277,24,16,0.6666666666666666,1,12119.45749375,4149.146875,3260.14124375,573.0331256249999,0.0,2116.969375
6858a93b-b8f0-4498-8ae9-357c52da26f3,1189.0,49.541666666666664,4592.474166666666,37229.916666666664,95.91666666666667,0.01031703601594698,0.0027814223519663506,0.007754972022484992,0.043690527755624896,0.30082122279754137,0.1258396536980213,0.0113542962676179,0.06886234817548213,24,16,0.6666666666666666,1,6888.711249999999,439.17625,3176.31814375,1602.255,45.310625,843.6324999999999
68b020e1-a9f4-4867-9ec8-df49ea53fc22,451.0,18.791666666666668,4074.0183333333334,13739.083333333334,21.416666666666668,0.03174201675167222,0.0015159567457592542,0.0023445771998592164,0.5705851659335037,0.018253936147418597,0.0,0.0,0.0002218120371485,24,16,0.6666666666666666,1,6111.0275,5146.7943749999995,110.71249993749998,0.0,0.0,2.23875
68d9b9c0-08ab-44d3-9e30-0ae89d9c67c5,257.0,10.708333333333334,4721.301666666666,8939.5,19.708333333333332,0.01759019115198233,0.0023171549569152915,0.0018404717113741753,0.3832337831602588,0.06525762757584995,0.0,0.0,0.044103265988632366,24,15,0.625,1,7554.082666666666,4007.776686666666,762.3213333333332,0.0,0.0,776.8580066666667
68f4f119-b0da-4931-aa52-ed72ed485e9f,68.0,2.8333333333333335,0.0,3847.3333333333335,11.583333333333334,0.0,0.0037098718885811167,0.0,0.0,0.0,0.0,0.0,0.0,24,0,0.0,0,0.0,0.0,0.0,0.0,0.0,0.0
68ffa03a-12e3-4c29-8db3-0aff7911bee7,818.0,34.083333333333336,7440.860833333332,33057.0,80.125,0.014646271006583536,0.0025095093278987334,0.0020164044604117585,0.20524087097078625,0.11717273106188188,0.07402174028054605,0.0,0.0625664316028161,24,16,0.6666666666666666,1,11161.291249999998,3344.8431250000003,1945.4825012499998,1346.9625,0.0,1029.73311875
690d91ed-ff49-4a95-9bf3-50aa2ed786f4,259.0,10.791666666666666,429.63916666666665,5277.666666666667,22.75,0.0038512403237335713,0.005281235719850338,0.12238201214170498,0.0,0.07405214490259655,0.3722123991661232,0.0,0.010125323109988092,24,12,0.5,1,859.2783333333333,0.0,216.9333333333333,637.455,0.0,2.3241666666666667
69183f03-8b55-41f2-a33b-34f466ea37a2,283.0,11.791666666666666,1154.3483333333334,5497.291666666667,23.375,0.013672562386581363,0.004309896763007171,0.01140940898464717,0.2693969177086473,0.06083298747356617,0.0032257156677856958,0.0,0.0025643696553477795,24,13,0.5416666666666666,1,2131.1046153846155,1648.3776923076923,109.53153846153847,17.81,0.0,9.804615384615385
696a0131-4125-44a7-a761-657cc4b41b5a,439.0,18.291666666666668,3649.8620833333334,5399.458333333333,7.958333333333333,0.016625323669289004,0.0015567790612213376,0.0026608248620537418,0.39946627015097497,0.17397863772442893,0.016582160147678774,0.0,0.0050065470227211245,24,16,0.6666666666666666,1,5474.793125,3018.7693750000003,1617.21813875,145.931875,0.0,47.59562498125
6973f871-3986-4abe-b487-0e815b99b740,358.0,14.916666666666666,3456.7066666666665,7808.958333333333,21.625,0.013521944816692492,0.002889222724091471,0.0022984945735871542,0.40608493450541266,0.16526178011398987,0.06912605904391499,0.0,0.004798871255812513,24,16,0.6666666666666666,1,5185.0599999999995,3024.716875,1316.336875,510.76937499999997,0.0,61.29624993750001
699d53b0-79af-4b86-918e-530237b2dfe0,922.0,38.416666666666664,2606.959166666667,29481.625,51.208333333333336,0.0164716741172954,0.001995278098917287,0.021081773364611128,0.15888485031552033,0.21962081722850443,0.23289331170161223,0.0,0.054044275984061536,24,16,0.6666666666666666,1,3910.4387500000003,1474.133125,869.443125125,1277.810625,0.0,282.95250125
69bc23fc-020e-4824-92a4-8bf922d77106,2106.0,87.75,33344.99914583333,47290.708333333336,122.33333333333333,0.02661883359343979,0.0026008487593583503,0.0015321900033185834,0.3377947657537308,0.006316084401740029,0.0017720089011992793,0.014440966575565062,0.014130465989517874,24,16,0.6666666666666666,1,50017.498718749994,30160.6175,144.07375125000002,62.278124375,749.0706250000001,936.51312371875
69ca65f9-53f5-40bd-be55-70d99ee1dbbb,2635.0,109.79166666666667,5643.332083333334,35960.166666666664,99.83333333333333,0.006575579412890426,0.002961632533795325,0.03274730387396512,0.015401976087411291,0.16551664914097206,0.3723190070759785,0.0,0.03460251104299023,24,16,0.6666666666666666,1,8464.998125,86.14125,987.8450000000001,6399.619356249999,0.0,487.3987504375
69d0be7d-d722-4443-9699-8e3ebc2a006c,164.0,6.833333333333333,2720.858333333333,4846.625,12.791666666666666,0.011946598493652946,0.0028966165870181297,0.0012418871359466458,0.27693366151247406,0.18912379313364913,0.0,0.0,0.20060921124091557,24,16,0.6666666666666666,1,4081.2875,1591.60499375,1255.191875,0.0,0.0,1234.490625
69f29d74-3df1-4394-a0fc-81b0a7724f19,905.0,37.708333333333336,6783.352083333334,16186.666666666666,76.16666666666667,0.008408490455955429,0.004872504340267971,0.0025186497169347706,0.3669986483277867,0.14988960045687852,0.04943313695604667,0.016873804012959338,0.08336066263682575,24,16,0.6666666666666666,1,10175.028125,5478.985624999999,2327.871875,809.7987499999999,249.915,1306.5681250000002
6a2cfb6c-8a38-4e29-9d07-82dab6bedd4e,1550.0,64.58333333333333,9568.0833125,22397.666666666668,57.458333333333336,0.017608666361655586,0.002628622682654442,0.0030634215734643374,0.4130848245168641,0.10226836489218694,0.03837867535813496,9.392827159001095e-07,0.05361934197371201,24,16,0.6666666666666666,1,14352.12496875,8540.178750000001,2485.8181253125003,788.848125,0.01375,1301.314375
6a34fada-c1e8-4696-be0e-c9048ebee3af,1716.0,71.5,13988.430833333332,39217.458333333336,92.375,0.010041808440646309,0.0027094256903113668,0.0027469953571375165,0.38498322040132354,0.11616348537221237,0.020615047193145233,8.188666885031116e-08,0.12473331433449954,24,16,0.6666666666666666,1,20982.646249999998,11154.518125,3913.7625000000003,993.36125,0.001875,3980.599375
6a5d0207-7299-48e1-bf64-bb34cfec0b3c,1400.0,58.333333333333336,4531.406666666667,11265.416666666666,16.208333333333332,0.008824908850910237,0.0015269653263231334,0.0064567973518683585,0.22073346555562812,0.010907587411349352,0.08667391930929685,0.0,0.3482903216003807,24,16,0.6666666666666666,1,6797.11,2066.729375,72.44999999999999,671.796875,0.0,3985.285
6a5da9cc-4c86-4c7a-bb01-239771f4f004,81.0,3.375,62.395,1446.9166666666667,1.5833333333333333,0.003694768133203246,0.001094625793890625,0.19260720328213332,0.0,0.22717702208803434,0.06448964457863234,0.0,0.0,24,7,0.2916666666666667,1,213.9257142857143,0.0,194.43571428571428,19.490000000000002,0.0,0.0
6a70ecc2-7139-4cbe-ae08-efe26a079eb9,427.0,17.791666666666668,2503.9662375000003,9805.166666666666,16.0,0.013347769134668154,0.0016645424114638916,0.003429452133905213,0.20489538657893225,0.26990649167403086,0.03535328046983969,0.0,0.0158205031065086,24,14,0.5833333333333334,1,4292.51355,1873.3914285714284,1631.7764285714281,394.09785642857145,0.0,135.0364282857143
6a755dd3-d03b-4d9e-b04b-6949237374e6,364.0,15.166666666666666,177.85999999999999,17810.75,15.375,0.0032799094502126837,0.0008798798337531876,2.330054595761012,0.0,0.25,0.0,0.0,0.0,24,10,0.4166666666666667,1,426.8639999999999,0.0,423.1719999999999,0.0,0.0,0.0
6a8855a4-a715-40af-afc5-c1b6cdb8547f,3153.0,131.375,6511.367916666667,113505.875,203.08333333333334,0.008770324562086436,0.0018806490059357207,0.02674374471386932,0.42578287315549596,0.04702684404843041,0.010867962003266755,0.01697709677805571,0.02846362590286058,24,16,0.6666666666666666,1,9767.051875000001,8780.819375,173.420625,74.251875,21.54375,180.664375
6ab700c8-9923-4ca6-b735-ef908d379399,1048.0,43.666666666666664,9576.179583333333,27122.875,36.208333333333336,0.022718359990492598,0.0014189753895350416,0.0023158279180929835,0.46732660761467487,0.004187645175439904,0.004891152862809746,0.002688769601436941,0.09320162128690035,24,16,0.6666666666666666,1,14364.269375,9860.244999999999,66.37937500000001,136.23999999999998,86.64125,2145.133125
6acc5db4-e945-4ab3-91f2-dcb2bf327eb3,283.0,11.791666666666666,790.0208333333334,10410.083333333334,6.916666666666667,0.0028070490849796542,0.0007202710910884499,0.0009045238750318626,0.0,0.0,0.035614302183183934,0.0,0.17271903115014942,24,5,0.20833333333333334,1,3792.1,0.0,0.0,792.7719999999999,0.0,2999.3280000000004
6afb61b9-18a2-4521-b4ff-09b5f9531f33,1539.0,64.125,5325.098333333333,28686.375,103.75,0.020611404001414424,0.0036829680787412457,0.006938251092903071,0.4146754975160647,0.1271235726396594,0.013166496563623184,0.0,0.018530622938081758,24,16,0.6666666666666666,1,7987.6475,4516.2275,1811.2893749999998,82.236875,0.0,244.675625
6afec9a8-d665-4d7a-9952-f37f2745636f,30.0,1.25,272.31666666666666,1688.8333333333333,8.25,0.0006973640597869793,0.005220142482216926,0.00046928190176189584,0.0,0.0,0.0,0.25,0.0,24,6,0.25,1,1089.2666666666667,0.0,0.0,0.0,1089.2666666666667,0.0
6aff2a75-5012-4558-9c24-e722a3cd4f2b,120.0,5.0,152.56708266666666,1266.8333333333333,3.75,0.003342934591546042,0.0030553573275242454,0.11490843606650036,0.0,0.24416448516579406,0.0,0.0,0.0,24,12,0.5,1,305.1341653333333,0.0,96.23749866666668,0.0,0.0,0.0
6b036e23-1ebe-4595-a4b8-1d9e94788982,334.0,13.916666666666666,758.0541668750001,12017.916666666666,9.041666666666666,0.004748891593852192,0.0007654925352109915,0.12952229881232227,0.44710020786680355,0.1333134788222576,0.0,0.0,0.0,24,15,0.625,1,1212.886667,1096.3339999999998,106.46066699999999,0.0,0.0,0.0
6b176ea4-97fd-4a9d-8e5c-72cbfb011076,1496.0,62.333333333333336,35094.14125,42331.0,117.16666666666667,0.013991718349236704,0.0030698490672067037,0.0007955709113412708,0.22109573278051806,0.18250881630426008,0.013494938492199312,0.0,0.24161918576535313,24,16,0.6666666666666666,1,52641.211875,17339.87875,14571.05125,1017.70375625,0.0,18983.979375000003
6b1e4c65-4b25-47c3-881b-6518dd3f3cea,655.0,27.291666666666668,10096.034583333334,38453.375,36.416666666666664,0.020194765648415953,0.0009640485801553625,0.0012142318415473373,0.22428123340801356,0.13151486081841576,0.034571444171878185,0.04627925045950074,0.09907819703107905,24,16,0.6666666666666666,1,15144.051875000001,4832.23625625,2391.07685625,897.741874375,1330.18125,2190.283125
6b26e135-7763-4692-a57d-21a4960f6678,752.0,31.333333333333332,7194.990833333334,21707.583333333332,25.875,0.01170312355664063,0.0011936405923576292,0.002120880715996746,0.32753548279849326,0.2388733964732155,0.03951497241093748,0.0,0.030717767484310463,24,16,0.6666666666666666,1,10792.486250000002,4813.050625,4276.108125,687.3281275,0.0,521.7887518749999
6b356946-4c8b-4f35-8af5-11188e9e4610,251.0,10.458333333333334,4403.6375,11090.166666666666,15.0,0.0052023283877108625,0.00166982319570585,0.004953364154959937,0.5400356401829036,0.033109343373451894,0.03428443895069358,0.0,0.016201817418574214,24,15,0.625,1,7045.8200000000015,6994.771333333334,18.071999866666665,14.644666666666666,0.0,6.998666666666667
6b4f7888-dcbe-493f-82e4-08be52af7908,535.0,22.291666666666668,4926.187500000001,9701.958333333334,29.125,0.009272811051306446,0.0030542342447591833,0.002365086301911467,0.28417880228910614,0.141218831081111,0.14824190717955193,0.0,0.06970131127515224,24,16,0.6666666666666666,1,7389.281250000001,3385.0362499999997,1681.71625,1354.0837500000002,0.0,763.9768750000001
6b91c91c-c981-4c4f-883d-3a5ed7e075ff,724.0,30.166666666666668,1084.65457875,18462.875,52.125,0.007662377337283183,0.0031538225211773623,0.03099310863822066,0.29402605067604964,0.16522350243430792,0.08369350730610443,0.00427917637276266,0.06696637256988006,24,15,0.625,1,1735.447326,954.9853399999998,324.7313326666666,215.76133399999998,11.082666666,197.88
6b998ed7-aa3f-496b-832f-c80c42881840,930.0,38.75,8444.181666666665,26534.041666666668,121.83333333333333,0.010358387100636647,0.005386719969247812,0.5521041460576726,0.16888170155046767,0.2585466017515362,0.01588763804498321,0.012273369286121,0.07692789721855095,24,14,0.5833333333333334,1,14475.74,7882.096428571429,1223.8857142857141,764.8264285714286,642.8621428571429,3475.9571428571426
6bc86560-8e05-4c6b-8a94-6348ba29a597,1039.0,43.291666666666664,719.3129166666666,16899.625,20.5,0.002744271218811729,0.018952854310694274,0.046169995929077175,0.0,0.20833333333333334,0.0,0.0,0.0,24,9,0.375,1,1918.167777777778,0.0,356.40000000000003,0.0,0.0,0.0
6be36934-2ab5-4045-b113-bba4293074e9,1084.0,45.166666666666664,16325.694166666668,12869.75,45.625,0.01207981900386646,0.003608934321724487,0.0011451722775226167,0.5243305777276979,0.06371693904570737,0.003180182999191867,0.0015751316878725291,0.07343234234594921,24,16,0.6666666666666666,1,24488.541250000002,19452.154375,2256.1499999999996,118.486875,57.878126249999994,2589.23875
6bfe840f-c1d5-4982-af79-0dbb45706d95,118.0,4.916666666666667,2626.5045833333334,4692.166666666667,6.916666666666667,0.006234719258197988,0.0004550462033657417,0.0005670540267413124,0.19814869570668167,0.05439751246339739,0.0017223284443981376,0.012354384281671987,0.02504374629845284,24,7,0.2916666666666667,1,9005.158571428572,5832.382857142858,1905.2014285714286,54.48857142857143,400.4371428571429,812.6485857142858
6c3ebd0f-70bd-4615-846d-32ba33c0cbd6,759.0,31.625,19654.89625,20200.291666666668,53.458333333333336,0.013107646301083015,0.0027302057838079334,0.002962439404330871,0.3949840045767459,0.06854129992190099,0.01880348473885592,0.013675717832148339,0.12868455446029106,24,15,0.625,1,31447.834,21303.515333333336,2244.7300000000005,1067.6853353333333,11.561333333333334,6801.85
6c400edd-26ab-45ff-bfb2-99d98afc3ee2,299.0,12.458333333333334,0.0,5196.125,33.125,0.0,0.000827362153878625,0.0,0.0,0.0,0.0,0.0,0.0,24,0,0.0,0,0.0,0.0,0.0,0.0,0.0,0.0
6c41acdd-996f-40fb-8ce0-8d931c72b8da,364.0,15.166666666666666,5030.17875,16231.208333333334,13.833333333333334,0.004379305009654909,0.0008635764888964042,0.0015108174670937543,0.16552229445672076,0.01989155542333393,0.22988294300125767,0.004800803939171095,0.2367203171491521,24,16,0.6666666666666666,1,7545.268125,1676.20375,293.798125,1940.024375,87.34875,3369.2699725
6c641c3f-e49d-491f-ad89-3f90e4217ff8,17.0,0.7083333333333334,420.26916666666665,1320.625,2.9583333333333335,0.0064783477340440215,0.003054816253197534,0.0037591159535344666,0.08333333333333333,0.0,0.05262033744857939,0.0,0.11404632921808726,24,6,0.25,1,1681.0766666666666,405.96999999999997,0.0,420.41333333333336,0.0,854.6933333333333
6c650622-a566-4754-bdf5-e72031b361dc,523.0,21.791666666666668,3896.4491666666668,14840.041666666666,46.458333333333336,0.01887066916444849,0.0036727312066375498,0.007249381033125246,0.46004602321113314,0.044714951581753766,0.019199625163650116,0.03457647806321965,0.10738553376105947,24,16,0.6666666666666666,1,5844.67375,4058.370625,163.87687499999998,46.269999999999996,413.598125,1157.01875
6c6f9b0b-b134-4c14-b0ee-25b7f0f0afc4,535.0,22.291666666666668,4851.435416666667,16358.666666666666,50.208333333333336,0.01319579364294054,0.013371769218930804,0.0017803664874216543,0.2269912224600642,0.13432584778295253,0.013868000595321959,0.04609834129982055,0.07634365925024204,24,13,0.5416666666666666,1,8956.496153846154,3677.8499999999995,1793.0261538461539,239.7292323076923,821.12,1387.526923076923
6c738425-65e0-49b5-b755-a7e1fa9adecd,121.0,5.041666666666667,1203.8179166666666,2805.2083333333335,4.916666666666667,0.024443474213153432,0.001942263794441879,0.012406883644704185,0.48144198162836666,0.05389048586129878,0.0,0.0,0.0,24,16,0.6666666666666666,1,1805.726875,1421.2299981249998,82.82000000000001,0.0,0.0,0.0
6c85b268-9e11-4ac2-ac29-34b9e803f38c,1089.0,45.375,13191.429999999998,28596.958333333332,103.04166666666667,0.011026810463154775,0.0035379154959505666,0.0016864245837218915,0.3567000853870541,0.11026673989567244,0.0,0.0,0.1695341127056661,24,16,0.6666666666666666,1,19787.144999999997,10353.281875,3397.08187375,0.0,0.0,5126.063743749999
6c940249-83ec-4bfb-b34f-ce0bbf5ab927,622.0,25.916666666666668,4438.509166666667,11614.583333333334,21.958333333333332,0.011455405318801229,0.002053776556833446,0.0032341664241303247,0.25981780602941007,0.10317725774810414,0.037548797166952,0.005974545331384858,0.24505968970891867,24,16,0.6666666666666666,1,6657.76375,2219.42375,996.6518749999999,381.3625,29.988125,2925.2468685
6cacb116-d38f-4d8d-b65b-5d9ecfc9de7e,161.0,6.708333333333333,164.32250000000002,784.5416666666666,2.375,0.0020019078640883914,0.0033265245342883835,0.009204778025429775,0.0,0.20833333333333334,0.0,0.0,0.0,24,5,0.20833333333333334,1,788.748,0.0,788.748,0.0,0.0,0.0
6cbc2328-3bf7-4dbf-8a19-a995c2c96a51,294.0,12.25,2368.1879166666663,5319.375,22.166666666666668,0.022040874544766442,0.004114490356988242,0.0022607148713514333,0.5786149721989677,0.08751299313079415,0.0,0.0,0.0,24,16,0.6666666666666666,1,3552.2818749999997,3027.933125,520.91125,0.0,0.0,0.0
6cbeb56d-a2ee-4fc9-ab3a-f68d49ee75dd,355.0,14.791666666666666,952.70375,1013.75,3.125,0.004166666666666662,0.0022741610517703795,0.004315039032496284,0.3736344885195238,0.0006011772716468584,0.0,0.0,0.0,24,9,0.375,1,2540.543333333333,2530.666677777778,3.9622223333333335,0.0,0.0,0.0
6ccf93cb-4fd0-4608-8d5b-a838e6137f9a,827.0,34.458333333333336,2127.690416666667,18417.5,46.875,0.0060510657936435714,0.002928673616157679,0.01264635616079648,0.0,0.3138649112725555,0.10704206945251836,0.0,0.24550122312327774,24,16,0.6666666666666666,1,3191.535625,0.0,1446.3112500000002,699.5625,0.0,1043.8793748125
6cd7d891-363b-40b3-9d3d-0c04117c075c,130.0,5.416666666666667,170.04250000000002,1751.8333333333333,1.9166666666666667,0.0024177524238245874,0.0014881177436200958,0.053763836327907044,0.0,0.25,0.0,0.0,0.0,24,6,0.25,1,680.1700000000001,0.0,680.1700000000001,0.0,0.0,0.0
6cdadfae-0479-475f-8f76-c625ee8d880b,253.0,10.541666666666666,4787.766666666667,8364.916666666666,15.75,0.00807598384823623,0.0018196656424198253,0.0010099604636798043,0.3103006230104224,0.26609684711206644,0.0049096617690637875,0.0,0.08535953477511397,24,16,0.6666666666666666,1,7181.650000000001,3370.165625,2862.019375,45.63,0.0,903.835
6cde89b9-6580-44f5-8339-9431b701cdf4,434.0,18.083333333333332,2252.8295833333327,12449.916666666666,39.375,0.006489066859371134,0.0033044370327714296,0.021189743202206752,0.06719268816361033,0.11349759865563054,0.3315989814355163,0.0,0.02655555868752763,24,14,0.5833333333333334,1,3861.993571428571,1353.7535714285714,627.0935714285714,1336.3135714285713,0.0,526.9907142857143
6ceae08f-5e6f-44cc-9885-6e6704747bef,1035.0,43.125,3371.2695833333332,17668.416666666668,25.75,0.014600029447661972,0.0014613389033774668,0.006565781567102674,0.4012176775830299,0.22402663647708213,0.0,0.0,0.038215705831464906,24,16,0.6666666666666666,1,5056.904375,2816.4449999999997,1824.6781124999998,0.0,0.0,382.71750625
6d24e182-a639-490c-8ca9-8d617d871738,198.0,8.25,93.81083333333333,5531.0,11.833333333333334,0.003246429629432817,0.002143586403642546,0.006253316386804626,0.0,0.16666666666666666,0.041666666666666664,0.0,0.0,24,5,0.20833333333333334,1,450.29200000000003,0.0,415.73199999999997,34.56,0.0,0.0
6d282f7a-bdb2-4f0e-b2e1-f7ee8bd1026a,2059.0,85.79166666666667,10674.305416666666,38036.291666666664,85.5,0.017388014145976054,0.0022565679978632084,0.004011549523187142,0.44443824161389917,0.10411486813176156,0.06588267478012928,0.0,0.04026774300444398,24,16,0.6666666666666666,1,16011.458125,9975.945625,2792.369998125,1863.585625,0.0,1055.56063125
6d525407-bd91-43dd-8566-19274e2517d9,552.0,23.0,7937.889166666665,17672.666666666668,28.125,0.005742954941928578,0.0016541601998880915,0.0013170881518571043,0.4256644524428612,0.0588443233882622,0.06691779037280975,0.014445599624558346,0.09984749257968467,24,16,0.6666666666666666,1,11906.833749999998,7592.493125,1142.9175,1152.2556262500002,280.809998125,1720.9968750000003
6d54551d-6cbb-4bb1-8dfa-7fed1cbecafd,660.0,27.5,920.0487499916667,27849.791666666668,40.083333333333336,0.006749666179476525,0.0015052747658811,0.5255337293112705,0.0,0.37268399037915206,0.12621990167477007,0.0,0.0,24,13,0.5416666666666666,1,1698.551538446154,0.0,1128.2215384615386,565.2153846153847,0.0,0.0
6dce288d-1e9e-47d4-9641-0958e644a966,719.0,29.958333333333332,15291.87,37690.541666666664,109.95833333333333,0.01324574097196303,0.0029938464423426956,0.0008518514233601,0.19351321253190137,0.12110413252527259,0.0,0.0007737262118016125,0.3483389490789783,24,16,0.6666666666666666,1,22937.805,6532.031875000001,4213.8275125,0.0,42.845,12051.9775
6df4b6d5-76e4-40d5-a7aa-100a58023500,289.0,12.041666666666666,5391.671666666666,15186.25,27.375,0.009186285425302546,0.0018177972326233083,0.0009067131579341375,0.31767862599615976,0.09347482902173217,0.06237212177275688,0.0,0.013064047268456525,24,16,0.6666666666666666,1,8087.5075,3972.609375,1097.252508125,772.889373125,0.0,129.143125
6e219e5f-113f-49d4-9cc4-7808d90d9ad1,322.0,13.416666666666666,619.8958333333334,16275.583333333334,10.375,0.006843565818867313,0.0006537154893249249,0.7370747526339207,0.0,0.14876730133227062,0.01797047083591934,0.0,0.373665204030501,24,14,0.5833333333333334,1,1062.6785714285713,0.0,98.16285714285713,16.876428571428573,0.0,944.6885714285714
6e2fdebc-5fef-4599-b351-5295e7c9bd69,1335.0,55.625,7333.184583333333,41561.666666666664,100.08333333333333,0.02368458574265059,0.0023881156506402,0.004204341700092829,0.25684751912706627,0.16837358397542926,0.018342300079466713,0.0,0.0645606621728014,24,16,0.6666666666666666,1,10999.776875,3963.2143749999996,2711.529375,659.2331250000001,0.0,1295.49375
6e3f6568-166e-4a88-948b-ca71c3e905f2,93.0,3.875,111.78833249999998,3939.2083333333335,14.875,0.0008553285403187458,0.004092979017239171,0.0024012113068288083,0.0,0.0,0.0,0.25,0.0,24,6,0.25,1,447.1533299999999,0.0,0.0,0.0,447.1533299999999,0.0
6ebf60c3-b9e4-4485-bda0-980964a4685e,405.0,16.875,1820.4329208333331,18664.208333333332,20.375,0.009445938465034637,0.0011205003757158959,0.008321945078735715,0.3732716757590067,0.20949986098967024,0.0005511710105801292,0.0,0.07909547055139016,24,16,0.6666666666666666,1,2730.64938125,1688.8256375,681.94750625,3.515625,0.0,331.33375
6ec467ff-427b-4f8d-b4a2-2b9b5b74e7f0,142.0,5.916666666666667,826.2045833333335,2726.6666666666665,5.666666666666667,0.008792518509522253,0.002156199636228304,0.004492368258715546,0.26595666558468106,0.35344149616254716,0.04726850432239571,0.0,0.0,24,16,0.6666666666666666,1,1239.3068750000002,441.1875,683.3068725,114.8125,0.0,0.0
6ed6e06b-4ae7-4b84-a24f-1bc60a4683fc,238.0,9.916666666666666,2004.1529166666667,9220.666666666666,11.291666666666666,0.013444609982770054,0.0009649340913212333,0.017825409364545883,0.21865416471015506,0.15365047030314388,0.1080001231894195,0.0,0.0544737622469913,24,15,0.625,1,3206.6446666666666,1950.6686666666662,772.8926666666667,55.344,0.0,396.17400133333325
6ede3b07-82c6-4b56-b9cc-20b0990f9a86,511.0,21.291666666666668,7694.67625,18211.041666666668,46.208333333333336,0.011902368497785018,0.0027525738752863086,0.00126709692683095,0.3567294897229638,0.2009316997347755,0.09632300205056328,0.0,0.003354657255962038,24,16,0.6666666666666666,1,11542.014375,6153.20875,3521.04189375,1680.72375,0.0,57.12375
6f04ba8d-0911-400b-a6aa-277810e9c36c,1027.0,42.791666666666664,340.9120833333333,2697.375,30.791666666666668,0.003499516677621996,0.032939582495543525,0.2862263346329237,0.0,0.14294349806876638,0.0030430276752530377,0.01058794285720962,0.007740421615578009,24,11,0.4583333333333333,1,743.8081818181817,0.0,111.6709090909091,18.94181818181818,65.90636363636364,35.32272727272727
6f0fbb12-d2fd-4626-acd4-59d9be8c5e52,257.0,10.708333333333334,953.1475,5685.291666666667,18.708333333333332,0.011092245463027417,0.0039020847548356624,0.014575336245843113,0.14467834202931654,0.24475436031352774,0.20634552118166805,0.0,0.029172250823867294,24,15,0.625,1,1525.036,792.88,399.86066666666665,262.8133334666667,0.0,69.38666666666667
6f2825f0-f934-429b-a055-8391265ee2b3,31.0,1.2916666666666667,170.34583333333333,948.5416666666666,1.75,0.0004080585035809083,0.0004763615186708376,9.17251669398e-05,0.0229464773459221,0.005612662965046596,0.000773854658415475,0.0,0.012333671697282488,24,1,0.041666666666666664,1,4088.3,2251.49,550.71,75.93,0.0,1210.17
6f2a1e3f-09fd-469c-af3f-894b66bb1549,1205.0,50.208333333333336,5208.016666666666,22659.083333333332,43.041666666666664,0.015975343665142725,0.0019417359409577457,0.0046855317451725996,0.22009883434531854,0.2200689858451738,0.0,0.0,0.08561428687052058,24,16,0.6666666666666666,1,7812.025,2603.5275,2525.2581250000003,0.0,0.0,1098.99
6f5786d5-0cd1-4a70-bdfd-1a57edb1cb1e,613.0,25.541666666666668,1612.6050000000002,10446.875,13.958333333333334,0.006111629470439921,0.001490371141550025,0.2850962071154931,0.12963316025619198,0.10587579247422062,0.08562970109477847,0.004025231661698146,0.06377087895056317,24,11,0.4583333333333333,1,3518.4109090909087,1420.37,393.1863636363636,693.3081818181818,75.91818181818182,730.0836363636364
6f768943-be98-43bb-84b7-6a6d19b52864,160.0,6.666666666666667,243.04874991666665,4263.625,2.9583333333333335,0.0039916588954858,0.0007812798839976626,0.015966214162297866,0.0,0.35135624812133504,0.031940080480679124,0.0,0.033370338064652554,24,10,0.4166666666666667,1,583.3169998000001,0.0,550.0399998,23.177,0.0,10.1
6fcb48e3-18bd-4d5b-ad56-0fb2de9e6c2a,627.0,26.125,4146.691666666667,11458.875,15.75,0.010917866454979134,0.001447381074548096,0.02492268963639097,0.267287631048458,0.2791649548043889,0.008194482956958451,0.002646269331747733,0.029647840678498603,24,15,0.625,1,6634.706666666667,2428.404666666667,1618.9466666666665,280.54799999999994,114.43133333333334,948.0553333333335
6fddc781-abc1-4dbd-b2ef-712dcef456a1,1788.0,74.5,7298.607916666668,28149.625,36.875,0.023898889318683794,0.0013426671745930749,0.007288557129964482,0.281606664245244,0.003685050422135829,0.0019194250837201584,0.0,0.07469155775545054,24,16,0.6666666666666666,1,10947.911875000002,2817.4218812500003,116.61312500000001,47.365625,0.0,1104.98625
6fdf7ccf-49fc-440c-93fb-220062389a51,897.0,37.375,4041.12625,8145.0,50.541666666666664,0.02149861998096625,0.006440840771584245,0.004387537286140517,0.5695393044692001,0.05324447418220066,0.043764501395415815,0.0,0.0,24,16,0.6666666666666666,1,6061.689375,5033.885018749999,635.79063125,391.05125,0.0,0.0
6fed41b6-0764-426b-af4a-5d84ce94b374,369.0,15.375,1341.8479166666666,8388.916666666666,13.208333333333334,0.003239686337234654,0.0008286438355205334,0.5011687087302765,0.0,0.036187343114628054,0.1848905540643132,0.008429216793521883,0.0513286812139222,24,11,0.4583333333333333,1,2927.668181818182,0.0,249.8527272727273,1307.1754545454546,67.59909090909092,885.4654545454545
6feea643-0368-4b90-bc82-4a89860a87cc,896.0,37.333333333333336,4804.837083333333,26138.333333333332,49.833333333333336,0.0033660674807931834,0.0018539056287367667,2.894417022046476,0.020002501299186893,0.3452078254239393,0.023005230936900756,0.0,0.011762741686326112,24,14,0.5833333333333334,1,8236.863571428572,1343.0714285714287,6066.273572142856,163.23928571428573,0.0,22.667857142857144
700289cc-c264-431f-89de-02250dcb5831,494.0,20.583333333333332,919.82,22670.791666666668,30.916666666666668,0.004619657375173158,0.001354725042296942,1.884460319141955,0.0,0.12525150015246558,0.1286533819900129,0.0,0.0011177973623453543,24,12,0.5,1,1839.64,0.0,299.36083333333335,507.81833366666666,0.0,5.474166666666666
702a4b10-8ea6-4f91-b010-68e58eab8eba,3285.0,136.875,9387.987500000001,24057.958333333332,150.375,0.00893418119473275,0.006369379437082258,0.007868133070831722,0.24837843006767046,0.30226934217079343,0.05770318506673727,0.0,0.05829408116845344,24,16,0.6666666666666666,1,14081.98125,4259.285625,7509.0275,1365.4568749999999,0.0,947.645625
70302ce8-8de1-412d-82fe-8cdc16a844bc,287.0,11.958333333333334,424.64874875000004,4563.25,7.291666666666667,0.004108377306722537,0.0016173218267544083,0.009393155944243193,0.0,0.41104419401808273,0.026590812854994376,0.0,0.02069832646025616,24,11,0.4583333333333333,1,926.5063609090907,0.0,906.3627245454544,13.244545454545454,0.0,6.899090909090909
705d57c8-2b09-48b6-8ec0-2958a439a74a,1905.0,79.375,1500.4737499999999,22026.875,85.41666666666667,0.004036288258704554,0.004005453050322641,23.680292918222865,0.07060119459722779,0.1671012039276287,0.053273793423906,0.0,0.08285432046031965,24,13,0.5416666666666666,1,2770.105384615384,422.3076923076923,1023.6523076923077,419.54846153846154,0.0,897.1161538461539
709798b6-6060-4a7f-8976-97908777e16f,1313.0,54.708333333333336,7520.124166666667,25680.0,61.916666666666664,0.013581686136325037,0.00255723581911,0.0034280179246399876,0.35653777355773214,0.1307995512677672,0.019937015063609568,0.001287026178503375,0.15115604889509826,24,16,0.6666666666666666,1,11280.18625,5652.3225,2309.0649999999996,307.10125,15.72125,2812.405625
70ae6f1c-46dd-4abc-95da-0d61d4a5d06f,145.0,6.041666666666667,697.4333333333334,9176.333333333334,5.375,0.0025520966080981706,0.0006186049660341621,0.017478881473745534,0.0,0.25,0.125,0.0,0.0,24,9,0.375,1,1859.8222222222223,0.0,1820.756666666667,39.065555555555555,0.0,0.0
713e0d74-ef8f-4bf5-97f2-5b808115cbf3,1096.0,45.666666666666664,5858.826666666668,23028.791666666668,100.41666666666667,0.009205860291848481,0.004468925870432333,0.15045225861298625,0.5181814621574329,0.027838491500731147,0.009297117763879821,0.02677620288914667,0.0009369513537355001,24,15,0.625,1,9374.122666666666,7348.6066666666675,822.4373266666668,303.33799999999997,868.1046666666666,28.384666666666664
713f9338-fe5f-4296-88c0-691148eae2dc,835.0,34.791666666666664,1363.1608374999998,24193.833333333332,30.625,0.007039638173394887,0.001260927512792675,0.059536154735050285,0.08333217513449005,0.18864272388789158,0.012940390525960584,0.0,0.07693071107307123,24,15,0.625,1,2181.0573400000003,481.6053333333333,103.80133333333333,15.134666666666668,0.0,405.9473333333334
71558fb2-9ca4-4ae4-b5a0-126ef9687342,71.0,2.9583333333333335,1523.9316666666666,2406.3333333333335,2.625,0.017001071396605755,0.0011699380192569167,0.0009418113590785624,0.46748924761433225,0.12601220544193684,0.07316521401998853,0.0,0.0,24,16,0.6666666666666666,1,2285.8975,1550.55625,491.59875124999996,243.7425,0.0,0.0
71731261-ea17-43c7-8d05-187eaa49cae2,681.0,28.375,204.5291666666667,9011.583333333334,25.666666666666668,0.0015240648716330584,0.002758299791424996,2.4506233052415287,0.12332058022680879,0.13329945765582654,0.0,0.0,0.0,24,11,0.4583333333333333,1,446.24545454545455,385.5681818181818,52.15090908727273,0.0,0.0,0.0
718cf752-c18b-454a-8207-694e9cbe422e,346.0,14.416666666666666,1622.45125,9821.166666666666,8.958333333333334,0.007975275739527997,0.0010429294175893333,0.006301745603527163,0.23410362692569922,0.18523920635853638,0.00267109459497515,0.0,0.07798607175039796,24,12,0.5,1,3244.9025,1817.74,694.4916641666667,14.101666666666667,0.0,718.5691666666667
71a0fe18-134d-48a2-8e29-c8a7fb14aaf2,454.0,18.916666666666668,470.7120879166667,10561.333333333334,40.333333333333336,0.003408060541276158,0.003880415788519217,0.1313876193177076,0.0,0.08381500004991364,0.3323746668098934,0.0,0.0,24,11,0.4583333333333333,1,1027.0081918181818,0.0,31.527272727272727,993.2063736363635,0.0,0.0
71a18a84-0021-4a84-8655-168c3d5d4e32,1219.0,50.791666666666664,3740.3295833333336,28637.375,112.04166666666667,0.011264678585163432,0.0038199258592048375,0.18651040269899222,0.09114341464697713,0.188805345809659,0.14148830303497764,0.0,0.0609354442946912,24,14,0.5833333333333334,1,6411.993571428572,2184.0914285714284,1749.8349999999998,114.03071428571427,0.0,1517.720714285714
71b67a38-af25-4439-915b-0f7a6e4d0e28,89.0,3.7083333333333335,139.91166666666666,1977.125,3.7916666666666665,0.0037573335099618916,0.0019795904475777126,0.006742109961393734,0.0,0.25,0.041666666666666664,0.0,0.0,24,7,0.2916666666666667,1,479.69714285714286,0.0,469.8757142857143,9.821428571428571,0.0,0.0
71c6bddb-245f-4f1a-b908-254cd038896d,318.0,13.25,179.02083325,1556.5,4.958333333333333,0.0031249707029134505,0.003590913832240833,2.218659496782529,0.0,0.3327414415321131,0.0,0.0,0.0,24,12,0.5,1,358.04166649999996,0.0,354.23749999999995,0.0,0.0,0.0
71c75574-2b3f-4b88-9f7b-d692eb9b2883,959.0,39.958333333333336,1847.1845879166667,22691.0,89.0,0.010023367612985933,0.004957538802509529,0.01345299971688345,0.03771993852106365,0.48671372446154226,0.0020005874917662122,0.0,0.05016888156969723,24,14,0.5833333333333334,1,3166.602150714286,181.60857142857142,2636.1064364285717,9.632142857142856,0.0,301.19928571428574
7206a966-d075-4ff0-bc34-ae76b9a760c5,137.0,5.708333333333333,196.4154166666667,1383.5,3.1666666666666665,0.002890111504014546,0.0023559415371615833,0.020235855729926214,0.0,0.2916666666666667,0.0,0.0,0.0,24,7,0.2916666666666667,1,673.4242857142857,0.0,673.4242857142857,0.0,0.0,0.0
723de254-b150-4405-9d5c-574e75fe8ce9,824.0,34.333333333333336,2814.200833333333,16519.958333333332,60.125,0.011160217177068893,0.003693270541038279,0.009211751940666655,0.14329333842959216,0.45447751667344755,0.06809778661233246,0.0,0.0,24,16,0.6666666666666666,1,4221.3012499999995,707.57,3223.8512687499997,288.049375,0.0,0.0
72461914-26e5-4233-bf44-2a1e12415508,533.0,22.208333333333332,8865.824166666667,17568.208333333332,36.541666666666664,0.006468819072871217,0.0021964582930558336,0.001305721266610175,0.26538669975965684,0.027102209656683987,0.010137864071689921,0.001614058846388271,0.2592029919995504,24,16,0.6666666666666666,1,13298.73625,4597.969375000001,447.54,276.97875,46.7206249375,6092.738126875
725c2634-e3ee-4319-b3dc-d255cbd48887,286.0,11.916666666666666,2128.6716666666666,5094.25,23.125,0.0260790201964136,0.0042685338624857535,0.0027654771223284877,0.5995998264498424,0.06647336722963396,0.0,0.0,0.0005833878025806291,24,16,0.6666666666666666,1,3193.0074999999997,2854.944375,334.951875,0.0,0.0,3.0812501875
72611c27-22a3-49cf-a06e-8dc19eb8ebbb,2137.0,89.04166666666667,6277.6325,32337.416666666668,190.70833333333334,0.015468128723941392,0.0060901373338012625,0.008312367558111154,0.11081688000819717,0.4421718171514863,0.08932060395670101,0.0022182049290145832,0.008283711656786758,24,16,0.6666666666666666,1,9416.44875,1386.906875,6540.2837500000005,1230.59436875,19.514375,67.53875000000001
7273ca85-5cf2-4ef8-8d64-4c0dc17949b6,134.0,5.583333333333333,323.845833325,1461.3333333333333,2.75,0.004060765645082554,0.0025164195322491707,0.06121782358071734,0.016855921572090288,0.25,0.1081440784279097,0.0,0.0,24,9,0.375,1,863.5888888666666,71.90222222222222,135.6722222,656.0144444444445,0.0,0.0
727f9780-5984-4362-aa7d-d7c3b58d8e01,79.0,3.2916666666666665,191.70250124999998,976.7916666666666,2.5,0.002906052895598029,0.002824844703576646,0.007096017425995908,0.0,0.2916666666666667,0.0,0.0,0.0,24,7,0.2916666666666667,1,657.2657185714286,0.0,657.2657185714286,0.0,0.0,0.0
728872b7-f0a7-4a58-b4a4-38af2aca211d,803.0,33.458333333333336,1825.0704154166667,13886.041666666666,37.666666666666664,0.00673198631687515,0.0028004517066791746,0.012748536803380575,0.4695396543894658,0.04919917572542648,0.029732782994634072,0.024889646059637675,0.06822005225819482,24,16,0.6666666666666666,1,2737.605623125,2333.9437500000004,58.9243749375,51.20125,21.596874999999997,173.01875
72a48eba-ba34-4504-9c1d-5939fa6f3f55,181.0,7.541666666666667,686.4283333333333,2890.6666666666665,12.458333333333334,0.012425128086869637,0.004475499781856283,0.004699249656494779,0.33624088523915147,0.07516632645863475,0.2552594549688804,0.0,0.0,24,16,0.6666666666666666,1,1029.6425,499.79625000000004,150.46,379.38625,0.0,0.0
72d6d85c-7009-4684-8c70-4c7eb149003c,1311.0,54.625,2643.1779166666665,4788.083333333333,97.58333333333333,0.007716545141202575,0.022525465035929424,0.02937052049176746,0.03465559835361009,0.36322410928442456,0.008587858786655942,0.0,0.05465753509999216,24,15,0.625,1,4229.084666666667,85.36533333333334,2791.3799999999997,29.808666666666667,0.0,116.64733333333334
72df0e26-63c5-4208-94a5-fc6fe7f3300a,675.0,28.125,3883.6366875000003,12286.041666666666,20.583333333333332,0.008464485999839596,0.0017234283770123794,0.00568172429249527,0.3612709418437771,0.01922750089669974,0.006621195414771346,0.0063530989788359625,0.2183277861974712,24,15,0.625,1,6213.8187,3518.8726599999995,61.92933333333333,96.97866666666665,94.924,2246.7000006666667
72fca7b3-8158-4626-b143-254f96a21df8,1772.0,73.83333333333333,3314.2966666666666,26639.0,47.833333333333336,0.021119310201616514,0.0018558870180743583,0.04426434040718577,0.12206532484581366,0.07904872055379708,0.12650862946291225,0.03589774958486392,0.27620333105158906,24,16,0.6666666666666666,1,4971.445,1357.06125,80.655,564.1037500000001,19.68625,2842.4949993749997
7307f82f-6fbe-4492-9bc6-078e696d3eb7,380.0,15.833333333333334,2930.6895833333333,8282.916666666666,17.041666666666668,0.010352169696937424,0.002123366688859488,0.002363615875348325,0.5007898450450269,0.09676965052965693,0.06826014462835077,0.0,0.0,24,16,0.6666666666666666,1,4396.034375,3287.113125,662.88625,440.99375125000006,0.0,0.0
7319e869-919b-4f61-a194-dde56ae65fd4,89.0,3.7083333333333335,1099.8879166666668,2437.375,2.7916666666666665,0.007534695954652559,0.0011949385651466957,0.0015987070357220956,0.6146604907968083,0.05036476172844422,0.0,0.0,0.0,24,16,0.6666666666666666,1,1649.831875,1433.25,212.925625,0.0,0.0,0.0
732bd6fd-8610-42f8-912f-8be5f69c55a7,1168.0,48.666666666666664,1689.5362541666666,30341.583333333332,35.541666666666664,0.006288266466237341,0.0012776571896810165,0.018703767848843155,0.34164928005976275,0.11719766096249357,0.1372830473732828,0.0,0.026338304500194972,24,15,0.625,1,2703.2580066666665,1587.324,405.6933333333333,677.0879993333333,0.0,20.522666666666666
73385769-3527-404b-9acd-fbae563dee24,985.0,41.041666666666664,5493.133333333334,16751.791666666668,42.583333333333336,0.011576587650907579,0.0025543407194823955,0.003644425981578075,0.2629256908721847,0.017141378757843776,0.007636964776340717,0.0,0.37809689204260505,24,16,0.6666666666666666,1,8239.7,3059.355,184.23375,117.691248625,0.0,4870.778125
734cb036-2725-4e19-837a-a2f1ec8e6b7e,2044.0,85.16666666666667,2387.9179179166663,20940.541666666668,97.58333333333333,0.007563844650049309,0.0046670113019263255,0.6136219788456615,0.027349597384065668,0.1387460198796878,0.0015650267839094373,0.0047704232573613625,0.151072765049793,24,16,0.6666666666666666,1,3581.8768768749997,35.170625,1116.559375,14.865,45.310625,1533.0612500000002
735d0d70-b0df-4f39-80bb-ccc940e525b9,225.0,9.375,609.9383291666667,4277.458333333333,8.0,0.01638597094771452,0.001975745989685821,0.007940561647837178,0.16311512944482978,0.12943961885074215,0.0,0.0,0.10649792225676968,24,12,0.5,1,1219.8766583333334,593.4441666666667,303.755825,0.0,0.0,213.49999166666666
73811cc5-3c17-4bd3-b827-d6daec84a9b6,533.0,22.208333333333332,2901.7374999999997,10913.458333333334,27.875,0.02761928401725929,0.0026714680023136295,0.0036766224374863,0.5530880430586199,0.11357862360804678,0.0,0.0,0.0,24,16,0.6666666666666666,1,4352.60625,3509.9918750000006,842.614375,0.0,0.0,0.0
73878f64-bbd9-43a7-bf78-d0b8b69cd159,567.0,23.625,261.2583333333333,3075.1666666666665,17.791666666666668,0.004235577444148921,0.007323355012559117,3.257861270615097,0.0,0.2916666666666667,0.030151456257714315,0.0,0.0,24,12,0.5,1,522.5166666666667,0.0,472.28666666666663,29.47666666666667,0.0,0.0
7398ff9a-b52c-4bca-b169-6796f616ce4d,335.0,13.958333333333334,225.66458333333335,6434.375,12.916666666666666,0.002344314236151792,0.0020945132095712086,0.007209519677234925,0.0,0.26927036645208674,0.007902585816622724,0.0,0.014493714397957179,24,7,0.2916666666666667,1,773.7071428571427,0.0,744.9257142857142,20.34857142857143,0.0,8.432857142857143
73acaf84-875d-4edc-a6eb-df5a4c5b6d00,1306.0,54.416666666666664,2760.5412499999998,21759.166666666668,69.0,0.004612275792356837,0.003139715153506471,0.6802011556165427,0.09269921751489922,0.09391920686154283,0.010674640511357724,0.0,0.004975768807474883,24,14,0.5833333333333334,1,4732.356428571428,1481.2885714285715,268.12929285714284,173.70071285714286,0.0,68.02714571428571
73b35200-9392-4ca8-9b1f-9a72c065cbad,238.0,9.916666666666666,5198.202500083333,7921.458333333333,9.625,0.011165373471800565,0.0012752296434442917,0.009875655328459606,0.481584714726538,0.10728612480806327,0.017666675089044886,0.028763624714293556,0.02697847986620162,24,16,0.6666666666666666,1,7797.303750124999,6603.99878125,189.193125125,155.136875,428.70000000000005,396.23062500000003
73b67298-8ba6-4c1e-bfa8-99d47f0b50cd,180.0,7.5,280.8141625,838.2083333333334,2.0833333333333335,0.0030218490244602416,0.002608563122558062,33.34775357116525,0.0,0.4511667723667469,0.024550046655182317,0.0,0.02428318097807083,24,12,0.5,1,561.628325,0.0,536.9049916666667,18.241666666666667,0.0,6.4816666666666665
73ca1863-57f9-45c3-8563-f944da8f1722,217.0,9.041666666666666,3016.6437458333335,4051.25,17.416666666666668,0.01447213629612605,0.004924595225441005,0.0016039750899106084,0.23799427762847444,0.2507466537702178,0.022730765383233542,0.0011631988831667416,0.09962483205694793,24,16,0.6666666666666666,1,4524.96561875,1477.219375,1782.6837500000001,117.4393749375,11.465,704.296875
73d90363-6809-446a-9962-0ebb8bdc3a18,1412.0,58.833333333333336,9534.35625,28710.291666666668,78.20833333333333,0.01158801562280777,0.0027705309708493373,0.003021068806838683,0.3120114624087662,0.2457128432569384,0.022396296444745237,0.0008926071512667125,0.018283074217359033,24,16,0.6666666666666666,1,14301.534375000001,6815.23001875,4986.709999999999,526.94,14.234375,416.4975
73e7df2e-4818-49c5-976d-e16175c9213d,1674.0,69.75,2585.723320833333,27233.5,82.16666666666667,0.004296827702904187,0.003202555651776908,0.048757651828986386,0.12476851541979883,0.28286959846430765,0.0074488400150743836,0.0051907517564724875,0.09384504269915876,24,13,0.5416666666666666,1,4773.643053846154,1730.3923076923077,1619.3384523076925,98.48,57.96769230769231,956.2961538461539
73edaa09-19aa-47bc-9b6d-6358527d1764,34.0,1.4166666666666667,0.8629166666666667,131.41666666666666,0.9166666666666666,0.000675675675675675,0.0003991518219829875,0.014083373571543538,0.0,0.041666666666666664,0.0,0.0,0.0,24,1,0.041666666666666664,1,20.71,0.0,20.71,0.0,0.0,0.0
74091457-4514-42dd-9e30-2e3cab490978,400.0,16.666666666666668,1070.5770791666666,6585.958333333333,12.125,0.015805723395152866,0.0019690017469841167,0.008341566597275753,0.26442986954422404,0.042521285161408545,0.15084092260707618,0.0,0.026485218911174082,24,16,0.6666666666666666,1,1605.86561875,514.730625,75.68187499999999,296.82125,0.0,98.3925
74530f7e-ccbe-4ef5-b8e4-2654bab70d50,309.0,12.875,1665.41875,5095.75,28.5,0.00793055238622114,0.005744649889867478,0.009115097529498377,0.0,0.307996533044577,0.0,0.0,0.27533680028875634,24,14,0.5833333333333334,1,2855.003571428572,0.0,1178.945714285714,0.0,0.0,1676.0578571428573
7460014f-1947-43cc-8aa6-c1243a7de17d,361.0,15.041666666666666,1843.5687500000001,6980.791666666667,15.291666666666666,0.011261117126355804,0.0029853545713031666,0.023878554039274885,0.16877259008232123,0.2087347915917489,0.0,0.0,0.12249261832592984,24,12,0.5,1,3687.1375000000003,1871.7849999999999,478.75,0.0,0.0,1336.6025
747eeb85-0841-4015-8781-e145cee9e9fd,1477.0,61.541666666666664,5376.12125,22643.291666666668,92.20833333333333,0.017356964078553604,0.004203338205218704,0.014512815723183642,0.480368644568187,0.04540170586929007,0.03117158685237682,0.0238228597513858,0.008064282676332454,24,16,0.6666666666666666,1,8064.181875,7295.494375,84.56500000000001,77.18562500125,54.96875,45.073124375
748de288-380a-4b4f-a09d-1ee7487bf28e,422.0,17.583333333333332,2949.227079166667,4982.166666666667,19.875,0.009233320669219754,0.004142291140555071,1.4766407944884898,0.23884855972238958,0.1695259377187076,0.0,0.0,0.00035888492689802086,24,14,0.5833333333333334,1,5055.81785,1134.3485714285714,3686.5014285714283,0.0,0.0,7.893571428571429
74b7716c-5381-4569-a2ab-96f3b8aad978,57.0,2.375,30.644166666666667,534.625,1.0833333333333333,0.0031620465410332668,0.0020322400197712747,0.27395702474963407,0.08259397863930705,0.08407268802735962,0.041666666666666664,0.0,0.0,24,5,0.20833333333333334,1,147.092,114.46400000000001,5.077999999999999,27.55,0.0,0.0
74bc8494-580d-41be-bbe1-825ebff81b50,23.0,0.9583333333333334,85.41333333333334,1099.7083333333333,1.75,0.00304240237146055,0.0010853468565532292,0.0012326865558521874,0.08333333333333333,0.04487524681385748,0.08012475318614252,0.0,0.0,24,5,0.20833333333333334,1,409.98400000000004,372.592,16.78,20.612000000000002,0.0,0.0
74eeefb8-ba0d-4917-8f81-21338649fbe7,909.0,37.875,6257.162916666667,9120.666666666666,43.416666666666664,0.01736221877651482,0.0051198086783043875,0.011770522289120131,0.33224158364725853,0.13770211189400347,0.1242444671607238,0.0,0.01808685450243514,24,16,0.6666666666666666,1,9385.744375,4716.72750625,2914.964375,84.91624999999999,0.0,462.3462500124999
7514a504-9e65-42ff-b7a8-8f34e0e73437,293.0,12.208333333333334,6239.4375,4788.0,11.5,0.00772593290876538,0.0024696697284679295,0.0013840350148854126,0.4520998685255245,0.16615235328198377,0.0017393408272439917,0.0,0.036808922700576445,24,16,0.6666666666666666,1,9359.15625,4183.8175,4589.306875625,14.206875,0.0,492.88749999999993
752e0274-1f4c-489d-a931-b5aabcef8f9b,1216.0,50.666666666666664,16675.295000000002,35150.833333333336,65.5,0.01857211045726277,0.0018738152903201462,0.0012844427034595374,0.32922720733951055,0.1225064913785444,0.03369235469740926,0.0021176463926444165,0.051317451568110024,24,16,0.6666666666666666,1,25012.9425,11818.98125,4864.71812375,1424.155,57.96625,1952.5006250000001
752e6160-4c0b-430f-8f2a-993eff139727,200.0,8.333333333333334,1637.5716666666667,3269.75,9.0,0.002404821009543708,0.002905420550759792,0.0021606976945877958,0.5978898866666785,0.039017915056053315,0.028791864421507704,0.0,0.0003936788079464,24,16,0.6666666666666666,1,2456.3575,2169.9437500000004,176.90937474999998,106.02374975000001,0.0,1.5062499999999999
75920c8c-db8e-484b-a689-c858b6d8dc5d,544.0,22.666666666666668,2614.8645833333335,9459.833333333334,21.875,0.014676410627508915,0.0023885726892204375,0.013912597856746672,0.3860391573458295,0.1266301996924946,0.08714409173116704,0.0,0.024778697984108384,24,15,0.625,1,4183.783333333334,3221.7213333333334,469.9406686666668,347.94933333333324,0.0,140.32600000000002
7595263f-0d87-4782-b535-43eabbb505b6,378.0,15.75,950.9266666666667,8880.166666666666,17.0,0.008455333671506958,0.0019441935911254126,0.006633807590428709,0.11119063192059268,0.09966075591593575,0.3633304848012335,0.0,0.008446463943244071,24,14,0.5833333333333334,1,1630.16,451.17928571428575,189.86357142857145,981.1550000000001,0.0,5.823571428571428
75bf8650-024b-403c-bedb-1fe0518c95e6,3063.0,127.625,25881.733333333334,93530.375,153.83333333333334,0.023271525432875247,0.0018242359017444293,0.0022726826093587083,0.20603729462504403,0.07544179029387627,0.0035043657681129506,0.0036228092860461497,0.022767963185987467,24,16,0.6666666666666666,1,38822.6,11749.323124999999,4518.6218625,248.281875,266.4425,1238.6250006249998
75c7a1c6-cc42-4e19-9c3a-566a1b1fca5c,223.0,9.291666666666666,3745.740866666667,10121.125,24.041666666666668,0.01659404834307895,0.0024914993808394376,0.0013313327828615208,0.22316629511718053,0.12646286866565185,0.012057487319612247,0.0,0.3049800109782657,24,16,0.6666666666666666,1,5618.6113000000005,1890.09035,966.9417374999999,165.26763749999998,0.0,2596.31154375
75ef8be5-43eb-4958-9cca-0e3789a551fa,561.0,23.375,1295.54375,21709.625,30.25,0.005310960464235101,0.0014430503335574084,0.06927319755587129,0.11156392028897139,0.2060708529099541,0.08730967576754178,0.0,0.044480104250881176,24,12,0.5,1,2591.0875,1494.5,1011.2391666666667,43.45333333333334,0.0,35.1
75f2e140-97a1-4822-b88e-ba9086c4741a,433.0,18.041666666666668,4762.272916666668,27995.375,30.5,0.029536269383442577,0.0018465766449450294,0.001940600151775421,0.6079625494227802,0.0024739958879971837,0.0038499292353903875,0.052060552867452814,0.00028803610087971667,24,16,0.6666666666666666,1,7143.409375000001,6370.285625,23.66875,53.979375,691.340625,3.8325
76032526-12b3-4640-a90b-a051af1be82b,42.0,1.75,24.372500000000002,1410.375,0.5,0.0017228042980938542,0.00036062873043732916,0.005154358779055725,0.0,0.07403387148105516,0.06922578401618613,0.0,0.02340701116942538,24,4,0.16666666666666666,1,146.23499999999999,0.0,104.6125,34.665,0.0,6.9575
762c64f1-8c21-49af-b4ef-b410dde53255,298.0,12.416666666666666,5477.2283333333335,9721.666666666666,13.166666666666666,0.005466605076440145,0.0005680405546335583,0.0006889411954950209,0.08647845958779136,0.08363163133637141,0.0,0.0021274075699370936,0.0008101052315827376,24,7,0.2916666666666667,1,18779.068571428572,5594.169999999999,5310.939957142857,0.0,159.64857142857142,44.511428714285714
762ccbfd-4a17-41ba-bcd1-3c0b5f9c865a,1370.0,57.083333333333336,2316.085833333333,21103.708333333332,46.541666666666664,0.004752125619848513,0.0022863846079136624,6.176845893490093,0.0,0.2929661317514732,0.06155535706444699,0.0,0.10336768781323684,24,12,0.5,1,4632.171666666668,0.0,2496.311675,954.75,0.0,1174.4166666666667
7646a239-c1e4-45d7-b446-69083605082b,123.0,5.125,386.92958333333337,1220.5,3.4583333333333335,0.014107693795065468,0.0028956895610959873,0.007307463796685259,0.28072873386981856,0.06972563107256036,0.3162123017242877,0.0,0.0,24,16,0.6666666666666666,1,580.3943750000001,225.43125,107.263125,247.7,0.0,0.0
76c26265-6c5c-4c08-8b80-059f23bda9e0,1047.0,43.625,8122.413729166667,29785.083333333332,76.54166666666667,0.017980315415749366,0.0025997625175801374,0.0032211026783323256,0.34302263569778635,0.01824916212856513,0.04007788093672401,0.004970339623392638,0.003338466873380585,24,16,0.6666666666666666,1,12183.62059375,5157.02,344.29625,881.75,100.73624999999998,72.04874999375001
76d1532b-749b-4ee2-b54f-b6f19abdbc39,96.0,4.0,182.53958333333333,1107.75,2.1666666666666665,0.0038628550150567875,0.002260811192672079,0.005589386353279192,0.0,0.12823880504882765,0.0,0.0,0.0,24,7,0.2916666666666667,1,625.85,0.0,204.70142857142858,0.0,0.0,0.0
76e262f2-716a-48ec-a43e-9e94dc9aef4f,908.0,37.833333333333336,12095.538333333336,17729.375,46.958333333333336,0.013258727601035719,0.0026677387861269667,0.001323955365273875,0.4711910174497315,0.06827226207236921,0.0006221771516103791,0.0,0.11020346121946667,24,16,0.6666666666666666,1,18143.307500000003,12940.080624999999,1730.6818749999998,14.195625,0.0,3012.0637500000003
76ea5da0-4650-4309-bcbe-247a7f66afe7,1568.0,65.33333333333333,12181.711666666664,50656.833333333336,92.79166666666667,0.00785659233960718,0.0018952224775033541,0.002778777132820025,0.21228532241827872,0.13652576711607378,0.09603967714599032,0.0,0.21731773444337943,24,16,0.6666666666666666,1,18272.567499999997,5262.240625,3731.1725,2977.97250625,0.0,6142.909375
77084819-fee4-4eeb-a739-9bf9d7178b37,449.0,18.708333333333332,1115.3945789166667,2862.0,6.625,0.003854382715562337,0.0026722210306005037,0.02047295026934593,0.0,0.18289055976696808,0.10143454381303525,0.0,0.010523438135597725,24,16,0.6666666666666666,1,1673.091868375,0.0,105.64999962499999,411.873125,0.0,12.53875
7709cadd-1c83-4063-9bc5-2514dc6795c3,222.0,9.25,2192.6391666666664,5475.041666666667,8.041666666666666,0.0057116767807718375,0.0027480823220420877,0.011232225445003246,0.15354051019061368,0.3478480321008702,0.0,0.0,0.04027812422921504,24,13,0.5416666666666666,1,4047.9492307692312,2259.8023076923077,1099.926923076923,0.0,0.0,688.2199976923077
770a455c-2fc1-4e7e-aaa3-4d3ff575edff,16.0,0.6666666666666666,0.0,111.83333333333333,0.4166666666666667,0.0,0.0013716241878217583,0.0,0.0,0.0,0.0,0.0,0.0,24,0,0.0,0,0.0,0.0,0.0,0.0,0.0,0.0
773ea90b-2898-4cfb-96eb-2abf2c8107eb,181.0,7.541666666666667,768.6004154166667,1907.5833333333333,4.458333333333333,0.00856463946032323,0.0027798333046887124,0.0054555496564118585,0.18659434765916985,0.13124401108652767,0.07101276268377593,0.0,0.0,24,11,0.4583333333333333,1,1676.946360909091,789.1663636363636,514.1954545454545,194.9272727272727,0.0,0.0
77404126-4f74-45ac-ac12-2d77b531e181,1771.0,73.79166666666667,16792.16625,43234.083333333336,91.29166666666667,0.011975211001444342,0.002161598402772779,0.00198916221128855,0.35604662400562637,0.05587366415068035,0.07874322980608503,0.00031549497765800835,0.13657501288729335,24,16,0.6666666666666666,1,25188.249375,13177.339375,2268.2900075,3201.6087500000003,8.819375,5394.003125
7756f24b-f0d0-4e89-9bb2-380c2398bcf9,1018.0,42.416666666666664,2088.5387499999997,41109.208333333336,56.708333333333336,0.0072008774506804,0.0014973592744476748,0.020300565234915104,0.15173783094130056,0.26995912112335346,0.05788584460556976,0.023783468206671,0.03306708724629713,24,13,0.5416666666666666,1,3855.7638461538454,728.1969230769232,2942.693076923077,91.14,25.60692307692308,55.480000000000004
779047c9-ae2e-4eed-83ed-f4750080a338,137.0,5.708333333333333,219.73625,2612.4583333333335,3.375,0.0026392264704628837,0.0014485992157142918,0.010097081905600687,0.0,0.25,0.0,0.0,0.0,24,6,0.25,1,878.945,0.0,878.945,0.0,0.0,0.0
77cd7a05-1dc2-401c-8f60-ec02eff65b3e,22.0,0.9166666666666666,0.0,1255.1666666666667,5.25,0.0,0.0008695533288868125,0.0,0.0,0.0,0.0,0.0,0.0,24,0,0.0,0,0.0,0.0,0.0,0.0,0.0,0.0
77e9e30f-edf6-4182-8a84-c3c992077a6a,163.0,6.791666666666667,123.25458329166668,12278.916666666666,15.791666666666666,0.002124476348822096,0.0012764358531349917,0.4373823507478147,0.0,0.16666666666666666,0.0,0.0,0.0,24,9,0.375,1,328.6788887777778,0.0,320.80222222222227,0.0,0.0,0.0
77fa94a5-67d3-4a01-8ce5-1dfdcac15c10,450.0,18.75,4885.867908333333,7862.041666666667,27.375,0.023010241551867806,0.003488327029205309,0.0021380617566119876,0.5432809195983691,0.08281639768636774,0.001355501166392596,0.0,0.03906983327985555,24,16,0.6666666666666666,1,7328.8018624999995,5578.79626875,1411.31874875,13.291875,0.0,323.11125000000004
77ff1930-2a33-4771-b0ff-a1c7e9758355,556.0,23.166666666666668,5186.322916666667,17383.541666666668,41.958333333333336,0.010948876857333421,0.0024274582093911415,0.0021318763205681207,0.26813591228453404,0.0968900811706108,0.001089194231961321,0.10614223798811283,0.1915392385116874,24,16,0.6666666666666666,1,7779.484375,3045.3056312500003,1147.261875,8.838125,1180.455625,2357.723125
77ffdd6c-fa97-4900-bf2c-fb4c3067d1e7,708.0,29.5,2714.830416666667,22278.958333333332,55.541666666666664,0.0066792380664126546,0.0024948155038138457,0.006062341240676175,0.6231941473171118,0.028834549944517212,0.0030228534858728583,0.0,0.006782119106725025,24,16,0.6666666666666666,1,4072.2456250000005,3886.4693750000006,110.83624999999999,13.76875,0.0,30.501250000000002
7806cd7a-7198-439d-9688-059ec7d0cba8,641.0,26.708333333333332,9087.51,15065.75,56.083333333333336,0.009317884154712108,0.008905322562334788,0.0014596908726298332,0.30527087718463314,0.10099762235288086,0.003465716163702113,0.003218782110926029,0.13287509011632095,24,16,0.6666666666666666,1,13631.265,6225.975,2302.448125,63.826875,55.850625,2615.8600018750003
78475b05-4cff-4e14-b7b1-94eab968a519,49.0,2.0416666666666665,41.64666725,616.2916666666666,1.875,0.0048128299187986,0.0032828413294489333,0.057071278771430034,0.0,0.06435261223212889,0.2916666666666667,0.0,0.01898072012357266,24,9,0.375,1,111.05777933333334,0.0,20.59111111111111,86.15222377777779,0.0,4.314444222222223
7859012f-779f-49f6-a00c-9c435a60deb6,857.0,35.708333333333336,5242.0129166666675,16512.583333333332,61.166666666666664,0.012426637455990453,0.004051545475642691,0.0030367506304625545,0.23451897033394511,0.17385254720427276,0.0014101655623494792,0.0,0.019729438057967823,24,16,0.6666666666666666,1,7863.019375000001,2818.84125625,2053.863125,14.4775,0.0,211.37937499999998
786005ca-23cf-4d66-b7a0-76c77a48e2a2,31.0,1.2916666666666667,16.23875,0.0,0.0,0.0005999115296048458,0.0,0.000732733317961479,0.0,0.08333333333333333,0.0,0.0,0.0,24,2,0.08333333333333333,1,194.865,0.0,194.865,0.0,0.0,0.0
78738ad3-0883-4f16-b437-ca77bb292511,56.0,2.3333333333333335,37.337916666666665,144.20833333333334,0.6666666666666666,0.0008300883697454833,0.000995002433222646,0.0003803657692384667,0.0,0.08333333333333333,0.0,0.0,0.0,24,2,0.08333333333333333,1,448.055,0.0,448.055,0.0,0.0,0.0
78756ea9-4ce2-48b2-95b1-21d8dacfb457,1184.0,49.333333333333336,2129.12875,29693.916666666668,66.91666666666667,0.010301106231654271,0.002272778818868017,0.0202800816638126,0.005304417231078562,0.1580473942733284,0.006660814984045113,0.0,0.2855080403833989,24,14,0.5833333333333334,1,3649.9350000000004,29.08857142857143,621.2364285714286,16.29357142857143,0.0,1919.9721357142855
787df603-f979-4c95-a2fc-128bfa11380c,43.0,1.7916666666666667,1627.7858333333334,4237.041666666667,6.208333333333333,0.009763193773663742,0.002538880981272412,0.0008954610761077083,0.2337340232604318,0.15678654549556253,0.02750756780895292,0.0,0.23170840342089072,24,16,0.6666666666666666,1,2441.67875,760.143125,630.348125,146.770625,0.0,846.5756262499999
78878f3f-d45d-45b9-ba8f-6a16069a40a9,480.0,20.0,5359.3675,15637.875,33.5,0.010667820477461851,0.002144866658017675,0.0012533437734668959,0.351906965536996,0.1460610364204565,0.06627415802373425,0.0,0.02133185216257395,24,16,0.6666666666666666,1,8039.05125,4331.199375,1745.5662499999999,811.443748125,0.0,235.020625
78abf446-8846-44e2-a86f-ae294a7bb722,177.0,7.375,0.0,2583.1666666666665,3.2916666666666665,0.0,0.00035434086587321246,0.0,0.0,0.0,0.0,0.0,0.0,24,0,0.0,0,0.0,0.0,0.0,0.0,0.0,0.0
78fa83e6-7f86-427f-b575-495879ac50f4,142.0,5.916666666666667,134.11208333333335,7577.5,6.916666666666667,0.002756763699101696,0.0009307756213698207,0.011726421923267694,0.0,0.25,0.0,0.0,0.0,24,6,0.25,1,536.4483333333334,0.0,536.4483333333334,0.0,0.0,0.0
792103e5-99e5-4a03-90fb-b286f92c8888,373.0,15.541666666666666,620.71791625,10292.291666666666,12.416666666666666,0.006572384185353529,0.0012522022478400209,0.39522954149183986,0.0,0.3658185964831091,0.1251970856206439,0.0,0.050561483780802885,24,14,0.5833333333333334,1,1064.0878564285715,0.0,972.9664285714285,57.75,0.0,32.95285714285715
797ebd73-bd95-4669-a15d-5a5c7534fd20,1129.0,47.041666666666664,9253.292479166666,28192.833333333332,146.625,0.008815157804301534,0.007604091495089408,0.003040682376193938,0.43116118054727304,0.17175977458731587,0.00045526669968672497,0.0,0.061825945704087615,24,16,0.6666666666666666,1,13879.93871875,7812.65625,4943.379375,13.070625,0.0,1087.296875
799a6b5c-671d-473b-8153-83ff006160a5,93.0,3.875,1233.4106875,2466.0833333333335,5.625,0.007523222611953613,0.002318313013929825,0.0031554566751782497,0.16521247521224622,0.15178849999767627,0.006517199888800433,0.0,0.1348151604155409,24,11,0.4583333333333333,1,2691.0778636363643,726.3246027272727,1465.019090909091,50.31181818181819,0.0,449.4223636363637
79ac12d8-f587-4245-b313-f533bbf1650d,720.0,30.0,1006.4583333333334,2648.9583333333335,8.666666666666666,0.004140573338993529,0.006853798299633449,0.0882440467314539,0.0,0.1694108664666967,0.2382147486353661,0.0,0.0,24,14,0.5833333333333334,1,1725.357142857143,0.0,115.00857142857144,743.4771428571429,0.0,0.0
79c532b8-61f3-4ed4-890f-5f67c079584c,58.0,2.4166666666666665,265.8579154166667,3909.4583333333335,9.0,0.00042941760899927497,0.0024444312096239917,0.00035673982065130837,0.0,0.0,0.0,0.25,0.0,24,6,0.25,1,1063.4316616666667,0.0,0.0,0.0,1063.4316616666667,0.0
79c703be-c2cf-4d36-84d4-7c9e186ebb78,984.0,41.0,3593.9775000000004,13077.208333333334,30.458333333333332,0.01693220946158644,0.00239209698512935,0.12322248137635772,0.28036561669959886,0.024804780428189645,0.006561552333780225,0.006563836231043553,0.29288375051834503,24,15,0.625,1,5750.3640000000005,2590.895332666667,107.648,94.92066866666667,94.952,2666.2519999999995
79e51146-d402-4751-82cb-3dc6d0b4b49f,205.0,8.541666666666666,1080.6870829166667,6424.208333333333,8.916666666666666,0.010961532320689487,0.0014487897920997502,0.006033564994317817,0.23018937223878796,0.04418222560512166,0.16858785441094695,0.0,0.05704054913939096,24,12,0.5,1,2161.3741658333333,1431.7691750000001,267.2941666666666,96.03500000000001,0.0,366.2758333333333
79ea81b3-16ed-4cab-9142-a59b9aae6e9f,186.0,7.75,541.51625,3041.9583333333335,8.333333333333334,0.009816825909900845,0.0030239873888632915,0.008087018077686884,0.17474889534209748,0.13674838354485763,0.355169388627232,0.0,0.0,24,16,0.6666666666666666,1,812.274375,160.371874375,320.8593775,331.04312500000003,0.0,0.0
79fec382-69cb-4376-be8e-0228341f31fe,197.0,8.208333333333334,1174.7808291666668,1319.0,3.2916666666666665,0.009215001363670457,0.0026116982314929958,0.002988351129517487,0.19294065027178683,0.16999867763458912,0.0020828153191923414,0.0,0.30164452494080435,24,16,0.6666666666666666,1,1762.17124375,578.160625,470.52124812500006,9.800625,0.0,703.68875
7a13ebfc-b1d6-45b7-9e01-057d14761300,405.0,16.875,4342.299583333333,13573.75,45.958333333333336,0.013056117242488376,0.0034301418316244957,0.002058776463688829,0.303324667276363,0.23621843970999756,0.0007542352892974708,0.0,0.00041556452735625415,24,13,0.5416666666666666,1,8016.553076923078,5163.054615384616,2829.8707692307694,12.574615384615385,0.0,6.888461538461538
7a3aa65c-f8e7-47b4-a3d2-38793a1f6961,550.0,22.916666666666668,213.8112500208333,23380.166666666668,22.5,0.0029045215571890334,0.0007341925930848709,0.8996627394808986,0.0,0.10060335781741868,0.04154465477055077,0.0,0.0,24,7,0.2916666666666667,1,733.0671429285715,0.0,48.29,674.67,0.0,0.0
7a724ef0-5778-4aca-a744-06cc3c64aaf5,1195.0,49.791666666666664,572.8470833333332,1617.125,13.416666666666666,0.033333333333333326,0.00980347861227685,0.033293714648863465,0.6666666666666666,0.0,0.0,0.0,0.0,24,16,0.6666666666666666,1,859.2706249999999,859.2706249999999,0.0,0.0,0.0,0.0
7a98b81a-6746-47e1-ad1d-00e6214b6e90,108.0,4.5,171.96208208333334,2976.875,5.75,0.0023608563028156625,0.0019500443640110708,0.015666652322023838,0.0,0.2916666666666667,0.0,0.0,0.0,24,7,0.2916666666666667,1,589.5842814285714,0.0,589.5842814285714,0.0,0.0,0.0
7ac029a6-2aec-4c00-a75f-c194dd7886bb,52.0,2.1666666666666665,132.88000000000002,1980.5833333333333,3.9583333333333335,0.0035455196890563246,0.04271665962808124,0.000640822536152225,0.0,0.0,0.16666666666666666,0.0,0.0,24,4,0.16666666666666666,1,797.28,0.0,0.0,797.28,0.0,0.0
7ac2172a-eea6-4c36-9001-dd8658ce66b0,78.0,3.25,2313.82375,5441.083333333333,11.083333333333334,0.006499072268971875,0.002161285104290946,0.0005760468731704917,0.6466523377147557,0.01541302769970622,0.0017327663173722998,0.0,0.0013467045402059917,24,16,0.6666666666666666,1,3470.7356250000003,3366.84375,78.49000000000001,9.95625,0.0,7.289375
7ad2e262-94bf-419c-a701-686434736ee5,557.0,23.208333333333332,2272.8212500000004,10628.208333333334,25.0,0.005188279552651558,0.0025210289399851707,0.13852116792357422,0.08178467070670442,0.3291400190177205,0.0,0.016198435921278,0.01163832487010417,24,12,0.5,1,4545.642500000001,1566.8175,2033.9008333333331,0.0,333.306665,177.73499833333332
7ad5e3fa-22e5-428b-9eae-82c35ea0ebae,1080.0,45.0,3160.7366708333334,31324.875,86.20833333333333,0.009172508880928312,0.002929232105827517,0.021175940913394104,0.0469201015614488,0.10144971830231984,0.06727671014814855,0.0,0.32994928811413443,24,15,0.625,1,5057.178673333333,494.5,94.70466666666667,1078.0820013333334,0.0,2792.943332666667
7aea8d02-e583-40a4-ac9d-db0601e2ae53,1620.0,67.5,18447.92707083333,34264.875,47.708333333333336,0.012332551482917517,0.001434069760118325,0.0021327192281078624,0.21772756867208423,0.11586977800870728,0.01621171675603353,0.0,0.24182605326817494,24,16,0.6666666666666666,1,27671.89060625,7318.959375,4717.788125,718.8543750000001,0.0,10009.72253125
7af327e3-bdb1-4134-97d3-920b9d077cff,1728.0,72.0,5498.455416666667,23766.083333333332,80.45833333333333,0.012858730544635558,0.003542676509198879,0.006004832705410033,0.2756438569106202,0.0276265225801493,0.0010798759091295417,0.0,0.26213670605681944,24,16,0.6666666666666666,1,8247.683125,3418.0512687500004,394.865,13.340625,0.0,3527.785625
7b594155-2ff1-4f7e-b64d-4231f62a85a9,392.0,16.333333333333332,778.2112499583333,2229.25,14.458333333333334,0.005174533191780521,0.008994661116645583,0.08039760295750899,0.0,0.3568972208203043,0.015731449519681032,0.0,0.008334458643449717,24,15,0.625,1,1245.1379999333335,0.0,673.2573266666666,15.677333333333333,0.0,11.635333466666667
7b63d6fc-7c23-4040-8e1e-235813d72053,1051.0,43.791666666666664,8941.59625,32752.041666666668,42.666666666666664,0.011422983778665359,0.0013160092212049501,0.002066983234489179,0.24021714362392924,0.14050918255272685,0.10095660948015794,0.0,0.18450639513069053,24,16,0.6666666666666666,1,13412.394375,4641.836875,2663.679375,1975.28499375,0.0,4122.360624999999
7b683fc3-09fd-4c72-a889-809cc4cf0815,451.0,18.791666666666668,835.6583333333334,17331.458333333332,46.875,0.005477979350210989,0.0026925991767455374,0.8253915186942327,0.37413623357324216,0.08394953944143795,0.0,0.0,0.0,24,12,0.5,1,1671.3166666666666,1644.9316666666666,25.27666664166667,0.0,0.0,0.0
7b6ab5a2-6641-478d-a506-17a7cfbb3531,201.0,8.375,125.72541666666666,3800.8333333333335,2.0,0.004110829786645996,0.0005675124350110125,0.005686688558263684,0.0,0.1909059238627817,0.03703043977358192,0.0,0.022063636363636365,24,6,0.25,1,502.90166666666664,0.0,453.34666666666664,37.42,0.0,12.135
7b6d8595-d0ca-4d9d-a52d-bd83c7576f4d,118.0,4.916666666666667,120.08749997916668,2568.5833333333335,2.9166666666666665,0.004163368783345484,0.0010521008222724624,0.04190095448670065,0.0,0.25,0.041666666666666664,0.0,0.0,24,7,0.2916666666666667,1,411.7285713571428,0.0,406.8114285,4.917142857142857,0.0,0.0
7b857fec-7981-4fc7-ae5c-7d9d5be32902,305.0,12.708333333333334,1821.8595749999997,11351.375,17.875,0.009633888097789029,0.0017547730466689587,0.005044570194780908,0.25200907088769375,0.24507764331527856,0.0,0.0,0.03546081195668265,24,13,0.5416666666666666,1,3363.433061538461,1709.1384615384616,1043.8576923076923,0.0,0.0,566.5853846153847
7be59ad0-6ace-49ed-8472-1b6593960e8b,74.0,3.0833333333333335,208.26624999999999,2066.2916666666665,3.4583333333333335,0.013645167421612014,0.0017576513556876335,0.007415905229191201,0.19533142672539316,0.1385522599987694,0.02721322098867388,0.0,0.0,24,10,0.4166666666666667,1,499.83900000000006,352.686,52.522999600000006,39.5859998,0.0,0.0
7c09711a-aafd-4169-ab2d-c16355150317,215.0,8.958333333333334,9418.585412499999,7189.291666666667,12.083333333333334,0.0202923327773919,0.001755129137467475,0.0012966745033965675,0.4614601361787627,0.043959846610021204,0.06666634699924817,0.0,0.052913670456685546,24,15,0.625,1,15069.736659999999,12569.809299999997,523.8326666666666,844.8480006666667,0.0,1131.24666
7c205728-3c29-4e5b-abc4-ec4cbbf307fc,137.0,5.708333333333333,209.48458333333335,3121.7916666666665,6.333333333333333,0.0015892034531112458,0.0006729087113800624,0.0012076727100196626,0.0,0.12490956196069669,9.043803930330417e-05,0.0,0.0,24,3,0.125,1,1675.8766666666668,0.0,1674.97,0.9066666666666667,0.0,0.0
7c342ef8-993b-42bc-805d-1640902cb8db,443.0,18.458333333333332,8203.989166666666,20450.791666666668,32.583333333333336,0.014775938656657744,0.0015891200134510166,0.0008625672831135833,0.36632765723527855,0.06318208549510161,0.06695779078552137,0.0,0.170021680955715,24,16,0.6666666666666666,1,12305.98375,6396.85875,1105.4337500000001,1174.47375,0.0,3626.4574999999995
7c418a4a-480c-41b2-903f-e188375f12c9,166.0,6.916666666666667,3096.2154166666664,6808.708333333333,22.125,0.020222209638137176,0.004541327231688104,0.001101566263946617,0.3542116890888019,0.0,0.015128598767293847,0.021897918203564803,0.08275744610877807,24,14,0.5833333333333334,1,5307.797857142858,2822.2407142857146,0.0,246.59571428571425,256.60500214285713,1004.6992857142858
7c50a859-c35a-4543-b0ce-e180db4733ce,661.0,27.541666666666668,1289.3020833333333,21067.375,37.916666666666664,0.008929889657284064,0.0018515217458440708,0.09627284620406636,0.08179976851851851,0.23023863261285712,0.01619591597623232,0.0,0.16781174095179127,24,13,0.5416666666666666,1,2380.2499999999995,1546.923076923077,118.38538461538461,17.863846153846154,0.0,643.6876923076924
7c5c6e2c-96a1-458e-a0dd-76b89700efdf,512.0,21.333333333333332,4703.09625,15500.0,101.45833333333333,0.010478935100171333,0.006526438504718533,0.002252144875058371,0.426194948974892,0.04297647707704702,0.06184036877512162,0.02696974729750698,0.0925192414748684,24,16,0.6666666666666666,1,7054.644375,4315.73564375,744.6312500624999,582.756875,342.008125,863.9681312499999
7c76c2de-281a-4192-9745-2c4d75391917,1114.0,46.416666666666664,9265.003729166667,33757.5,118.29166666666667,0.022065158696742235,0.0035537444883302245,0.002639890248139442,0.3052811717848865,0.012115666849757614,0.013368026637171153,0.009025742043155274,0.0064768141782014545,24,16,0.6666666666666666,1,13897.50559375,7061.39,410.829375,266.61187475,126.23625,174.9918756875
7cb14445-631f-4a0d-9f21-44a431874d92,675.0,28.125,1035.085,12637.5,30.0,0.0053209019363045125,0.003879324197896354,0.6846498056837236,0.06843046007710354,0.18277231835938199,0.0119944487268014,0.0,0.04401348306412823,24,13,0.5416666666666666,1,1910.9261538461542,223.5892307692308,1045.143076923077,45.23615353846154,0.0,44.72846153846154
7ccc3282-8f3e-4be3-9fe4-81e3a527d48c,376.0,15.666666666666666,3167.9479166666665,11589.375,56.083333333333336,0.013497356849153633,0.004882354667646234,0.0019668695435793833,0.3298645723573191,0.2714702591010352,0.06415380794833674,0.0,0.0,24,16,0.6666666666666666,1,4751.921875,2359.1537500000004,1884.6868812500002,496.995,0.0,0.0
7cccc492-58be-4a3f-a2e6-1dfffa0c51d0,230.0,9.583333333333334,370.2970833333334,5089.583333333333,6.416666666666667,0.0049374541606365995,0.0013004915484827624,0.012008065140359863,0.0,0.4514892338056537,0.032298273848969675,0.0,0.016212492345376604,24,12,0.5,1,740.5941666666666,0.0,724.3000000000001,13.646666666666667,0.0,2.6475
7cd8e789-48f4-4172-aa69-d38b4c77e18c,1681.0,70.04166666666667,4735.185416666667,22669.208333333332,37.625,0.014026664412020126,0.0015467484897843623,0.00882937074501062,0.23374085168771275,0.15742108168636362,0.007878699155525038,0.0,0.26675537994797804,24,16,0.6666666666666666,1,7102.778125000001,1971.1131249999999,2698.77685625,53.73375,0.0,2368.7518687499996
7cfa8d10-fb50-4652-bff6-5dc46cfff3cd,1285.0,53.541666666666664,153.77333333333334,15749.625,22.958333333333332,0.002874798477845946,0.0014596206969230542,1.324714198579598,0.014939009112840301,0.08647025845457834,0.019145636330783596,0.0,0.03827672390944261,24,7,0.2916666666666667,1,527.2228571428572,71.55,281.29571142857145,32.69571428571429,0.0,101.5457142857143
7d0b40db-ba5a-4db6-aaa3-e59a9905db14,85.0,3.5416666666666665,52.46625,1072.8333333333333,3.4583333333333335,0.0014153617579186625,0.0030564756996876497,0.003340074359160492,0.0,0.125,0.0,0.0,0.0,24,3,0.125,1,419.73,0.0,419.73,0.0,0.0,0.0
7d11e451-dd7f-4511-9045-986c1984533c,159.0,6.625,286.2975000833333,3095.2916666666665,11.416666666666666,0.0045290292480109915,0.003834323043732584,0.011599165031370916,0.0,0.08333333333333333,0.3333333333333333,0.0,0.0,24,10,0.4166666666666667,1,687.1140002,0.0,18.7780002,668.336,0.0,0.0
7d19d1b2-3db5-4133-9561-109ed67b00b5,17.0,0.7083333333333334,0.0,225.79166666666666,0.20833333333333334,0.0,9.039745381151249e-05,0.0,0.0,0.0,0.0,0.0,0.0,24,0,0.0,0,0.0,0.0,0.0,0.0,0.0,0.0
7d2de589-19f5-49ef-9960-96af13f57533,135.0,5.625,207.2724995833333,2032.5833333333333,7.125,0.004152071664628775,0.0034189466229123167,0.7357110816431267,0.0,0.362082674729256,0.03506451210445619,0.0,0.019519479832954486,24,10,0.4166666666666667,1,497.453999,0.0,473.7210000000001,14.870999000000001,0.0,8.862
7d442da3-4b5f-43ee-b07d-025914ee6824,296.0,12.333333333333334,838.2287541666668,7552.791666666667,34.75,0.003697724466159892,0.004497299233828558,0.010552037069777004,0.45562291706950875,0.1277104162638246,0.0,0.0,0.0,24,14,0.5833333333333334,1,1436.9635785714286,1387.4557214285712,49.50785714285714,0.0,0.0,0.0
7d95509f-3cdd-41be-b3b5-5469dfb9667a,181.0,7.541666666666667,370.96417083333336,6254.25,13.625,0.00444599417239248,0.002409251310377125,0.007088604511880675,0.0,0.375,0.0,0.0,0.0,24,9,0.375,1,989.237788888889,0.0,989.237788888889,0.0,0.0,0.0
7da44cc2-9682-493a-a5bf-a3b399c08af2,239.0,9.958333333333334,830.21,4717.583333333333,8.708333333333334,0.0032692357220924415,0.0018513988234971582,0.0065900653370566204,0.3719111336588665,0.08642219967446678,0.0,0.0,0.0,24,11,0.4583333333333333,1,1811.3672727272728,1767.3436363636363,44.02363636363636,0.0,0.0,0.0
7da93da7-5fea-499b-afd6-d0d1567ae617,41.0,1.7083333333333333,81.75041666666668,659.75,1.1666666666666667,0.002566476674783596,0.003371110817923692,0.009408094911472587,0.0,0.20833333333333334,0.041666666666666664,0.0,0.0,24,6,0.25,1,327.00166666666667,0.0,321.245,5.756666666666667,0.0,0.0
7dcf280d-4d7c-4443-89cd-103d2bf1af58,1938.0,80.75,10399.481666666667,18967.041666666668,78.875,0.02830303615112453,0.004071902393349013,0.0034689844633092166,0.4469150298103468,0.06106540326219081,0.0012704333807303583,0.0,0.08014865958625216,24,16,0.6666666666666666,1,15599.2225,10516.116250000001,1688.17875,37.515625,0.0,1635.77375
7dd1e9f2-4531-4a6f-afa7-52b658a9f875,1775.0,73.95833333333333,5104.111666666667,24974.583333333332,114.25,0.011556867941745692,0.004765127721094441,0.01848318946629884,0.4325352944560797,0.048767861513644074,0.048968751647465,0.0014792715619539,0.05014376082667751,24,16,0.6666666666666666,1,7656.1675,5677.4243125,246.39499999999998,293.4525,23.413125,378.76062249999995
7dd2f92e-9ff8-4a43-a18b-5db7951c3838,202.0,8.416666666666666,421.39625,5525.208333333333,18.75,0.010757261391869067,0.004541989842036013,0.01247555815446133,0.12318098125228379,0.19159537564119625,0.07597203695469591,1.3518263173547464e-07,0.02591813763585894,24,10,0.4166666666666667,1,1011.351,528.543,338.26300000000003,36.04299999999999,0.001,108.501
7ddf57c7-e0a1-41f6-ae70-5b037598f693,610.0,25.416666666666668,1592.2491666666667,15316.375,29.375,0.006134710602714054,0.0010854497400308875,0.006267115595098912,0.09004840993679726,0.16664101679983537,0.0,0.006271854101760971,0.0,24,7,0.2916666666666667,1,5459.14,2903.761428571429,2017.9514285714286,0.0,77.09714285714286,0.0
7e0066bd-2fe5-4bb4-8968-af3215ca6261,752.0,31.333333333333332,9754.995,19750.958333333332,29.666666666666668,0.015066762112318347,0.0016928684852299,0.0016407752898009,0.4742135519546462,0.09020324895339422,0.020817536376536452,0.0,0.05151592212708689,24,16,0.6666666666666666,1,14632.4925,10545.241875,1808.3381,386.19,0.0,1163.8531312500002
7e01137f-cf19-4fad-9343-144e9117de5e,661.0,27.541666666666668,423.6395833333333,18710.958333333332,41.5,0.005161566240997488,0.0022724459532027542,0.22845299280453077,0.0,0.052392752848450304,0.024914870790185648,0.0,0.17171999001726235,24,8,0.3333333333333333,1,1270.91875,0.0,79.84,26.70625,0.0,1155.70375
7e0f52a1-c159-459f-8a04-78f398d0b9c4,635.0,26.458333333333332,2794.595,12835.166666666666,17.0,0.015863557925116206,0.0013364554831024292,0.021933622166453507,0.43357097155437546,0.18783340200761664,0.0073126291378048875,0.0,0.013691546823600872,24,16,0.6666666666666666,1,4191.8925,3181.751875,700.02313125,35.947500000000005,0.0,150.49
7e1141b7-abf4-4ade-abb2-431e5bf674f6,1912.0,79.66666666666667,2383.4391708333333,32133.75,55.166666666666664,0.00689276005657113,0.0017592685715395167,0.030788901569301586,0.0146187548988427,0.3596738655147278,0.12688252377022255,0.0,0.03215509027218182,24,15,0.625,1,3813.502673333334,44.86133333333333,2511.7166733333333,561.5306666666667,0.0,52.915333333333336
7e54f601-beca-4f6d-a118-492e7260eea8,82.0,3.4166666666666665,186.91791670833334,1683.0416666666667,1.0833333333333333,0.002346511280662342,0.00039477836544973745,0.06883702094748868,0.0,0.007479807379697637,0.19771151009189325,0.0,0.0,24,10,0.4166666666666667,1,448.60300010000003,0.0,13.247,258.78200000000004,0.0,0.0
7e6e16d7-d442-4ce0-b169-2a5dfddc8ec3,2882.0,120.08333333333333,36675.341250000005,72895.125,197.04166666666666,0.01597717636084979,0.0027577707889649417,0.0016345761425440332,0.423691269190954,0.08698144892562314,0.02710720539509032,0.0,0.11589591567929987,24,16,0.6666666666666666,1,55013.011875000004,34592.81375,7283.195643749999,2358.4893749999997,0.0,9729.084375
7e73e395-3df8-464f-a622-bd5d92eed552,243.0,10.125,2817.3633333333332,4538.541666666667,10.541666666666666,0.021376437885075057,0.0023530548935421416,0.001910746700036754,0.473998445784021,0.030195478149275385,0.0015106871753895292,0.0,0.1609620578984894,24,16,0.6666666666666666,1,4226.045,2988.1724999999997,218.6393753125,8.848125,0.0,1010.385015
7e893632-fddf-48be-8d93-d77000212e05,466.0,19.416666666666668,11950.176249999999,16798.666666666668,39.833333333333336,0.009922428006890704,0.002431011948746529,0.0007225833361263458,0.4061836188598507,0.07468774504645631,0.044756904037507005,0.002975916319090988,0.137063772653243,24,16,0.6666666666666666,1,17925.264375,10747.713125000002,2067.8293750000003,1250.5843750000001,76.565,3752.6993749999997
7e9b161b-683f-4424-bf63-3b102c1488d3,28.0,1.1666666666666667,1231.8904166666669,3614.25,5.208333333333333,0.0063322610119308535,0.0015046928486210209,0.0005679693588250334,0.3962817093395162,0.030692919885875015,0.023675824473364592,0.0,0.2160162119647481,24,16,0.6666666666666666,1,1847.8356250000002,1074.3681187500001,105.41125012500001,63.180624625,0.0,604.8756262500001
7ea8c59d-5de5-4d0c-a6e1-53f825e97d89,135.0,5.625,170.3725,1954.0416666666667,5.25,0.002699620885273729,0.002966745926833696,0.01476090406910374,0.0,0.2916666666666667,0.0,0.0,0.0,24,7,0.2916666666666667,1,584.1342857142856,0.0,584.1342857142856,0.0,0.0,0.0
7ef4eded-6ec7-4b8b-acbd-493698e19477,792.0,33.0,3967.043333333333,27647.833333333332,72.875,0.0069103143994950255,0.03238012270400615,0.08652288136766818,0.15545886680245383,0.19429904947379542,0.051420500149678326,0.0,0.080096412523557,24,12,0.5,1,7934.086666666666,3751.83,1466.4458750000001,62.935,0.0,2506.58
7efeab38-23fd-4603-8b76-8222c0698c2e,1594.0,66.41666666666667,2774.270429166667,20457.458333333332,71.91666666666667,0.021452890599523794,0.0034967014331027378,0.05303063254818454,0.0,0.13563281500086363,0.009325897413780709,0.0,0.5176713681491553,24,16,0.6666666666666666,1,4161.40564375,0.0,106.370625,12.974375,0.0,4000.439375
7f1b3b83-9222-4b87-9703-03635840bde9,505.0,21.041666666666668,4156.7825041666665,8196.833333333334,17.291666666666668,0.018787537486920605,0.0022467245951870917,0.0030468450208138835,0.48254523402089716,0.05870570344019751,0.030449527987639946,0.0,0.08672853343737348,24,16,0.6666666666666666,1,6235.17375625,4228.0325,560.5968768749999,480.823125,0.0,870.011875
7f3f3592-8419-4478-a171-19d3a4e5171c,398.0,16.583333333333332,535.4604166666667,19454.166666666668,43.625,0.006562629850825483,0.0023329560019996957,0.01719482608235492,0.36361666957830613,0.08424826043524795,0.03605961019718096,0.0,0.013721596223862771,24,12,0.5,1,1070.9208333333333,993.9783333333334,44.839999999999996,18.982499999999998,0.0,6.3566666666666665
7f666ed3-552f-4d74-80ab-fb1e6f2dd40b,640.0,26.666666666666668,7558.25375,14681.708333333334,21.416666666666668,0.012284998195640476,0.0018116828173708169,0.0017416077718990085,0.4132408310155147,0.07219587889624446,0.004493959406686091,0.05684870932969674,0.0965899726541,24,16,0.6666666666666666,1,11337.380625,7001.219999999999,1230.369375,79.713125,982.0025,1587.9125000000001
7f76d059-8740-4280-a72f-8430b547414c,2092.0,87.16666666666667,4110.74875,76818.04166666667,60.5,0.008360092222930571,0.0008062293879626501,2.3673625274005645,0.1563134346487397,0.07602912284886568,0.12464411835290574,0.0,0.07922730590736511,24,13,0.5416666666666666,1,7589.074615384616,4074.789230769231,1411.030776923077,689.0100000000001,0.0,1221.5176923076924
7f89d5e3-3525-4f8e-9654-d6580179576a,536.0,22.333333333333332,4673.58125,9736.708333333334,32.291666666666664,0.013774479364163804,0.003362769376937412,0.0027348323880236163,0.4417169217743402,0.08251043587568431,0.03379457455958387,0.0,0.0691364457297936,24,16,0.6666666666666666,1,7010.371875,5042.141250000001,885.965623125,556.9975,0.0,372.878745625
7f90d5b0-037f-4d7f-950c-616af4d7d5ec,578.0,24.083333333333332,977.7954166666667,9166.875,26.916666666666668,0.00651374523005725,0.003084841938237517,0.026040023095477417,0.0,0.09407550509074619,0.45038152961575717,0.0,0.07994436766695556,24,15,0.625,1,1564.4726666666668,0.0,37.574666666666666,1393.9919933333335,0.0,131.22866653333332
7fae889c-4f35-4394-ab34-2f3aab993d71,1824.0,76.0,7065.16875,44203.333333333336,117.33333333333333,0.010973689298558588,0.0027056812991248292,0.006025784095603642,0.06406428094559727,0.3081791772396975,0.0009634003398497874,0.007109336034797316,0.19962420425666458,24,16,0.6666666666666666,1,10597.753125,1235.32875,4989.976243749999,14.749375,160.25375,3023.05125
7fb95cd5-c28c-4bc8-bbe5-397ade7863f1,597.0,24.875,9198.947833333334,22075.916666666668,47.25,0.004818252282565966,0.0021768513421101584,0.0011150907761925957,0.42284035998028174,0.05484995666635112,0.06077615035815972,0.013977757157014875,0.11360296796175802,24,16,0.6666666666666666,1,13798.42175,8837.855,1226.4181250000001,1149.2643762500002,314.685,2257.2106249999997
7fd0da67-03cc-41d4-9549-d80e11f08b29,2291.0,95.45833333333333,4305.979166666667,73270.45833333333,174.0,0.00667814164611719,0.00243001180159535,0.026320827816214514,0.278295934903968,0.20318486621124862,0.006782844620682459,0.007018504991477963,0.07529259725494884,24,15,0.625,1,6889.566666666667,3279.202,1981.7326600000004,15.6,16.142,717.612668
7fd4480f-b733-4e14-8b9d-3e85f1304a06,291.0,12.125,264.34083333333336,6835.416666666667,7.541666666666667,0.002067842956061475,0.0011635997967803667,0.013235520485845009,0.0,0.25,0.0,0.0,0.0,24,6,0.25,1,1057.3633333333332,0.0,1057.3633333333332,0.0,0.0,0.0
7fea4cff-91e5-4f0f-a7b2-9c880b14cb8d,632.0,26.333333333333332,12311.380416666667,28952.875,60.041666666666664,0.010463796044238388,0.0021049674604649584,0.0009699094031770874,0.3547696521203505,0.09372799063087706,0.04299244420346559,0.011166840276091957,0.16385837379888576,24,16,0.6666666666666666,1,18467.070625,9321.87375,2520.568751875,1123.7375,363.46124999999995,5132.390625
7ff54621-8f0a-4c89-9030-84c9a4c2b1ce,47.0,1.9583333333333333,0.0,508.75,2.2916666666666665,0.0,0.000776501967012754,0.0,0.0,0.0,0.0,0.0,0.0,24,0,0.0,0,0.0,0.0,0.0,0.0,0.0,0.0
7ff69ac6-1841-41de-a5a7-28ffaa3ac0dc,152.0,6.333333333333333,937.0229166666667,3444.4166666666665,10.791666666666666,0.005171685261370945,0.0019328003709052708,0.004591643223261238,0.10360439317886716,0.19536537107360252,0.0,0.0,0.11769690258092298,24,10,0.4166666666666667,1,2248.8550000000005,717.4640019999999,819.176,0.0,0.0,712.2149959999999
7ffa8e10-ddf7-4397-8ae2-39a87203a875,621.0,25.875,4066.0537291666665,9557.916666666666,7.916666666666667,0.019450904017668257,0.0008565726751152001,0.0036433898023829794,0.29427481711331577,0.07157532486958815,0.0472902874984709,0.0,0.09297497041851382,24,16,0.6666666666666666,1,6099.08059375,2473.77999375,558.865625,431.44124999999997,0.0,893.6181187499999
8064637a-f5d3-4cc4-889e-8621b72c9789,1022.0,42.583333333333336,1689.9079154583335,20316.375,71.79166666666667,0.006462533431673308,0.0036057622691511543,0.11066440323641706,0.3678706303986514,0.169817251270182,0.0,0.0,0.0,24,14,0.5833333333333334,1,2896.9849979285714,2716.0100071428574,141.15214071428574,0.0,0.0,0.0
80863c0c-8ed5-443d-b0fe-671cc76b74a2,370.0,15.416666666666666,1369.7487458333335,6355.875,11.041666666666666,0.0028291772935790833,0.0017767575357292918,3.806598426977901,0.041666666666666664,0.3333333333333333,0.0,0.0,0.0,24,13,0.5416666666666666,1,2528.7669153846155,192.04615384615383,2335.784607692308,0.0,0.0,0.0
80bb2bd1-f028-4540-a1ed-d79203a17f5c,1352.0,56.333333333333336,9070.48625,24249.583333333332,116.5,0.013715463564212662,0.0048599908031549755,0.0029108779815576083,0.3499029013216169,0.05926128505276134,0.04850248378825476,0.005154890335785146,0.19404166952614363,24,16,0.6666666666666666,1,13605.729374999999,6643.543125,1143.3456206249998,912.846875,159.883125,4480.696875000001
80e470b6-a1c2-4731-b5cb-ae8f544cbc19,1024.0,42.666666666666664,12988.854166666666,24019.583333333332,32.25,0.007271276925280499,0.0013357427120943583,0.009176302340849317,0.4002804327219482,0.13145187539149542,0.02194152767200522,0.022971760064914717,0.0861879486019146,24,16,0.6666666666666666,1,19483.28125,13355.208125000001,3029.09310625,341.220624375,16.7425,2615.75687625
80f063e1-c55b-4b9c-9159-939004331a75,832.0,34.666666666666664,1278.36375,48193.875,39.791666666666664,0.007058992623185671,0.001105602448264475,4.274274857648685,0.07119163594424195,0.19523045609857395,0.09667538705207172,0.0294263916000634,0.06085175846867413,24,13,0.5416666666666666,1,2360.0561538461534,1040.1015384615384,1171.4692307692308,64.21923076923078,23.495384615384616,58.214615384615385
80f3e536-cb41-464c-bfde-51fd85a261f1,1323.0,55.125,1690.3445833333333,30190.291666666668,19.541666666666668,0.010011777010773305,0.0006696194420497958,0.016948369414392966,0.63221584072708,0.02295395635337576,0.0,0.0024353443554620833,0.0,24,16,0.6666666666666666,1,2535.516875,2353.4375,126.736875,0.0,15.56375,0.0
8114fbf7-30b9-455f-b386-be0412109937,1896.0,79.0,4726.784141666666,32419.333333333332,54.0,0.00586165404993565,0.0017275198820295376,0.021513340598799596,0.05367869156948521,0.22928456086274526,0.013063300896469371,0.0,0.303872341865879,24,15,0.625,1,7562.854626666666,397.0,2769.7246333333337,15.636666666666667,0.0,4360.347313333334
811ede61-6705-487f-bd57-580061c18de2,44.0,1.8333333333333333,87.30499999999999,2083.8333333333335,1.4583333333333333,0.0005252747117526166,5.3662817401108336e-05,0.0017081471418247916,0.07810251225155308,0.0,0.0038075458636206293,0.0,0.0,24,2,0.08333333333333333,1,1047.6599999999999,978.75,0.0,50.16,0.0,0.0
8134f429-c647-4938-9736-60d1f52c78ec,431.0,17.958333333333332,901.6037499875001,9716.041666666666,46.041666666666664,0.006006203253517657,0.005318573183728391,1.750410443505994,0.08818337802441427,0.23953863602553935,0.025648161041692454,0.0,0.06329649157502056,24,12,0.5,1,1803.207499975,930.2941666666666,641.8533333333334,15.9975,0.0,214.55916666666667
81357bc9-ca1a-45bb-8dc7-8e14365c4ced,660.0,27.5,5843.517916666667,18438.208333333332,24.541666666666668,0.013977870889895763,0.0014165239938714249,0.0023915235675692746,0.21983840930344037,0.17689742414140885,0.007621490793045138,0.0,0.11044158189203605,24,16,0.6666666666666666,1,8765.276875,2678.524375,2772.72875,88.725625,0.0,1743.1906187499999
81745528-dad1-460c-8a47-dd5de82632d3,2379.0,99.125,12649.191249999998,24658.166666666668,164.29166666666666,0.00639322806870895,0.006685013596491191,0.04228692356674099,0.15417211073334142,0.1859182184502688,0.03942209998361856,0.07017198964425982,0.20803449452652614,24,16,0.6666666666666666,1,18973.786874999998,5168.838125,3568.8424937500004,860.8487500000001,2718.558125,6463.33873125
81763102-ef76-4c0e-8f94-f126126743e3,770.0,32.083333333333336,1077.0208333333333,4556.041666666667,12.958333333333334,0.005563420879006045,0.0030557559801733998,0.788490099949457,0.0,0.08356260684545581,0.1363658438147098,0.020883941513908294,0.07263854356380044,24,13,0.5416666666666666,1,1988.3461538461538,0.0,28.727692307692312,219.9223069230769,133.8353846153846,508.4992315384615
817a95b9-5754-4ed0-b000-f696299b8380,339.0,14.125,4692.315,5947.875,16.125,0.02178262922398182,0.002290197098002346,0.0016415830801983042,0.5012656066265918,0.022790432759360324,0.003047963415408942,0.03139302945512589,0.08133150901524717,24,16,0.6666666666666666,1,7038.4725,5260.079374999999,279.092500125,26.423750000000002,312.47749875,876.25375
818f89bd-4ddd-4eb2-afc9-9d3317db386f,740.0,30.833333333333332,11519.367083333333,16275.083333333334,32.541666666666664,0.012817975342828775,0.002082188055466196,0.0011987295659035252,0.5852463647188247,0.011707850832420848,0.006909609255892824,0.015917236678910297,0.046201954847263714,24,16,0.6666666666666666,1,17279.050625,15188.0575,331.83375001250005,146.001249999375,438.31125,1159.84124375
81a3d444-e75d-4727-b5e4-ef94ec222fad,1446.0,60.25,7552.370416666666,25042.708333333332,116.79166666666667,0.014161255373388535,0.004767200130851904,0.005464923228889521,0.3684107936984878,0.09263667882952004,0.011254065389457668,0.0,0.14948840048553436,24,16,0.6666666666666666,1,11328.555624999999,6314.2712437499995,1884.96875,69.08375000000001,0.0,2745.7799999999997
81cc1de2-d25a-4cfd-a909-36b0abf09b07,76.0,3.1666666666666665,338.55625000000003,1765.625,4.041666666666667,0.01343631198065196,0.002567566377975625,0.02139497172948979,0.2652682208604897,0.08378970784096669,0.10927540463187695,0.0,0.0,24,11,0.4583333333333333,1,738.6681818181819,674.8181818181819,6.496363636363636,57.35363636363636,0.0,0.0
81cfba8e-aee9-420c-a281-b52ba0fe6add,337.0,14.041666666666666,508.43249999999995,13821.708333333334,27.916666666666668,0.0050984258233802045,0.00231040350577185,0.2889920440183594,0.0,0.3753041807607756,0.028170251651904964,0.0,0.013068992307300421,24,11,0.4583333333333333,1,1109.307272727273,0.0,1080.8918181818183,20.401818181818182,0.0,7.462727272727273
81ee2b7b-4bd5-4d1e-9c3c-50e57be3e76c,813.0,33.875,4927.310012500001,21495.333333333332,54.541666666666664,0.015204239092089433,0.0026798069703036498,1.0476823949353142,0.19550391918174226,0.20660036893029976,0.06332825144157049,0.0,0.02565889877321839,24,16,0.6666666666666666,1,7390.965018750001,2960.33625,2419.0462687500003,157.2156249375,0.0,475.485
81fd6879-f271-4873-811a-f1b32aa29e7a,317.0,13.208333333333334,189.48708332916667,1792.9583333333333,13.958333333333334,0.002102880964279742,0.00822438713540315,1.8985132519505166,0.0,0.2488190707468394,0.0,0.0,0.0,24,8,0.3333333333333333,1,568.4612499875001,0.0,563.79875,0.0,0.0,0.0
82056b37-463a-4878-b935-e550b399f709,181.0,7.541666666666667,569.8225,4311.291666666667,7.333333333333333,0.008514179777841547,0.001886092690245246,0.017629587554071322,0.105473509237613,0.38740107607734164,0.04444103227378509,0.0,0.046017715744593596,24,14,0.5833333333333334,1,976.8385714285715,284.18642857142856,424.0971428571429,167.09357142857144,0.0,101.46142857142856
8216ab35-4903-4138-954e-66cad321b363,313.0,13.041666666666666,2176.858329166667,8490.708333333334,17.291666666666668,0.012275594509944185,0.0026746253364275455,0.003668466006779279,0.4108725541026721,0.0916770268241263,0.07693219660571,0.0,0.08313045365433132,24,16,0.6666666666666666,1,3265.28749375,1750.773125,354.59375125,307.85999999999996,0.0,838.986875
82275ece-fab2-4890-abb0-7523e496d5bf,493.0,20.541666666666668,3606.9941625000006,15030.583333333334,24.0,0.011768707810760814,0.0018865142808216918,0.007341535936532459,0.4421985931383787,0.05874660068466325,0.05357000456537667,0.0,0.000577041892368025,24,16,0.6666666666666666,1,5410.491243750001,1549.1625,108.21749999999999,3175.674375,0.0,2.890625
82311bbd-4e61-46f6-915b-561dff81e7c9,1939.0,80.79166666666667,3388.6566666666663,42514.875,90.0,0.008743910480948858,0.002360315211960121,0.02910571836388474,0.20842682439188998,0.06574559632031914,0.2920635092054122,0.021605239811148563,0.03944474976147104,24,16,0.6666666666666666,1,5082.985,1973.855,116.07812375,2781.449375,21.364375,69.041875
826d2f59-0a6f-49fd-9c49-8ebcfa87bc59,2548.0,106.16666666666667,4386.925854166667,31503.833333333332,40.958333333333336,0.0035478149095800877,0.14201699202091914,1.2302626157808343,0.0,0.26052337357198135,0.0,0.0,0.0,24,13,0.5416666666666666,1,8098.940038461538,0.0,2384.7715384615385,0.0,0.0,0.0
82730d9d-6bce-400f-bbdb-1f2558a69f3d,791.0,32.958333333333336,1995.1079166666666,12768.458333333334,81.58333333333333,0.00771995722130153,0.006612261991620738,0.01002208981229385,0.2820995357187052,0.2719735368656968,0.11204012343568855,0.0,0.0,24,16,0.6666666666666666,1,2992.661875,930.7631250000001,1687.96,370.2887475,0.0,0.0
827391a9-f646-4df6-9830-325e1ce44898,1015.0,42.291666666666664,3278.464583333333,22499.958333333332,26.041666666666668,0.010102744752843937,0.0011404604591943208,0.006894726605620633,0.11278936388901846,0.30803586123061294,0.0025546719040500498,0.0,0.24213889599073002,24,16,0.6666666666666666,1,4917.696875,773.323125,2241.6956250000003,14.906249996875,0.0,1879.5081249999998
82a196b6-e7bd-45a4-97d9-6321efd0bdb3,316.0,13.166666666666666,167.95333333333335,6089.041666666667,4.5,0.0027913399770491585,0.0008217885840809667,0.037081228295217504,0.0,0.25,0.0,0.0,0.0,24,6,0.25,1,671.8133333333334,0.0,671.8133333333334,0.0,0.0,0.0
82a3a8dd-7475-4163-beca-d0d3eaeb7f04,725.0,30.208333333333332,5217.6570833333335,26790.625,56.166666666666664,0.016068303465171106,0.0021367698139279166,0.0026261967103673373,0.27512133121565246,0.2663908675430077,0.02188282673467123,0.0,0.07340875892791067,24,16,0.6666666666666666,1,7826.485625,3182.2900000000004,3182.465625,226.841876875,0.0,946.86375
82be2bf5-07c2-481c-ab74-d34c60f684e3,150.0,6.25,252.72083333333333,603.625,7.208333333333333,0.003617189837160613,0.012362540337139072,0.006142716175924884,0.0,0.3333333333333333,0.0,0.0,0.0,24,8,0.3333333333333333,1,758.1624999999999,0.0,758.1624999999999,0.0,0.0,0.0
82c1f2c4-bb18-4591-b5eb-82b93f09c6ac,3938.0,164.08333333333334,4228.198333333334,34142.75,127.20833333333333,0.019099916315992005,0.003675134779705004,0.05576013679085117,0.10170467818690732,0.15734044048275006,0.003746464670337892,0.0,0.3980177449496371,24,16,0.6666666666666666,1,6342.297500000001,888.23875,1717.3312503125,11.88875,0.0,3712.0018687499996
82c3eb12-786a-49fd-9b7b-1a36564bf96e,222.0,9.25,5557.26125,10378.0,22.833333333333332,0.02468718152082788,0.0019036619067320543,0.0010720226934683083,0.5667150470813191,0.015700151543606225,0.03451833717261266,0.00769548297706773,0.04045611007510775,24,16,0.6666666666666666,1,8335.891875,6948.4325312500005,292.80249999999995,510.83623126249995,157.39249999999998,410.16625000000005
82e72286-5c50-4f2b-ba7b-caad519eea8e,504.0,21.0,1009.9716625000001,5717.625,18.583333333333332,0.016238616287429758,0.0032527043741855874,0.008778687684119576,0.48923382911706037,0.013753186369850422,0.16253346106672031,0.0,0.0,24,16,0.6666666666666666,1,1514.9574937500001,1108.913125,34.986250000000005,368.61687500000005,0.0,0.0
833160be-332c-4758-8de8-ad319265bf5a,560.0,23.333333333333332,4361.985416666666,7490.0,15.291666666666666,0.009812509986156326,0.002105107233731671,0.0025479677711296293,0.34548723481256643,0.1209422717635034,0.06758059715751168,0.0,0.09770408403076303,24,16,0.6666666666666666,1,6542.978125,3292.6825,1110.100623125,708.409375,0.0,1003.4343749999999
8379bf18-7915-49fe-8aa5-fdcfb78dbcdb,1441.0,60.041666666666664,8668.164999999999,20046.208333333332,102.95833333333333,0.010148182028078928,0.005085926733853341,0.01715453124194896,0.26548441930691163,0.2092910391306607,0.08274898445291666,0.004545605907858737,0.100122424650389,24,16,0.6666666666666666,1,13002.2475,7980.725,2090.6012375,954.859999375,127.62,1758.98125
837b78f0-75f2-47ad-9a69-252b0cf10f72,63.0,2.625,10.882916666666667,2062.7083333333335,6.208333333333333,0.003380943338753229,0.0029184408806339664,0.043699447297708645,0.0,0.1467913743829566,0.019875292283710055,0.0,0.0,24,4,0.16666666666666666,1,65.2975,0.0,48.4675,16.83,0.0,0.0
838b773a-f7ca-4395-bcfa-4601e5ebed4b,103.0,4.291666666666667,52.48541624999999,665.5,1.875,0.004090300436946546,0.002897617308617075,0.016385586220163183,0.0,0.125,0.25,0.0,0.0,24,9,0.375,1,139.96111,0.0,34.05555555555556,105.90555444444443,0.0,0.0
841223a4-7bc9-41e4-8c12-72baa4326d7f,817.0,34.041666666666664,11052.824999999997,13229.458333333334,20.875,0.01073316311702162,0.0016186002415748415,0.0012929082291619585,0.45291789973825747,0.08048184098201966,0.000664286145294625,0.0,0.13255527705307363,24,16,0.6666666666666666,1,16579.237499999996,11355.03875,1931.6206187500002,14.03625,0.0,3277.44625
8422d552-2560-4209-b41d-e7f64b92aaab,1842.0,76.75,9161.53375,20734.208333333332,87.95833333333333,0.00818073422828422,0.004765932904820562,0.0057703139565514,0.06316864379642913,0.3931683924774349,0.10641966998953405,0.0,0.0,24,16,0.6666666666666666,1,13742.300625,838.85624375,6741.16878125,1548.50436875,0.0,0.0
8452a9d4-8451-40ab-b31b-bf98856c2786,6.0,0.25,0.0,1085.5833333333333,3.125,0.0,0.002855701976122546,0.0,0.0,0.0,0.0,0.0,0.0,24,0,0.0,0,0.0,0.0,0.0,0.0,0.0,0.0
8474208e-aaa2-48f2-ba7d-56d147b09691,156.0,6.5,64.04208333333334,2683.5416666666665,3.75,0.002632393489173829,0.00142225259757125,0.008142467449571242,0.0,0.20833333333333334,0.041666666666666664,0.0,0.0,24,6,0.25,1,256.16833333333335,0.0,233.33833333333334,22.83,0.0,0.0
8477ae01-7167-4080-9a23-577cbdf99ecc,382.0,15.916666666666666,4805.056250000001,23887.25,17.833333333333332,0.013977708484565575,0.0007690364611285709,0.0013063784507019581,0.2524691020656788,0.1679483277704328,0.022783137309781955,0.0,0.025090180534075468,24,16,0.6666666666666666,1,7207.584375,2727.251875,1865.525,253.190625,0.0,220.963125
847b21df-6d7e-4200-8409-2e3ceb139ba0,168.0,7.0,77.37541666666665,2569.5833333333335,8.458333333333334,0.0033859705570673,0.0033311385297112046,0.060395806436573746,0.0,0.25,0.0,0.0,0.0,24,6,0.25,1,309.5016666666666,0.0,309.5016666666666,0.0,0.0,0.0
849a56de-3751-446a-bfd3-a03601357d2b,192.0,8.0,2898.565,8483.833333333334,6.75,0.005266582176423663,0.0008053775163970751,0.582216416779588,0.2593555911885492,0.1168511523124457,0.012339949006998245,0.0,0.018199243211880434,24,11,0.4583333333333333,1,6324.141818181816,4685.887272727272,885.1081818181818,249.05909090909088,0.0,305.8963636363637
849c109c-f07e-44a7-8739-d5da8fed3239,524.0,21.833333333333332,2289.7358333333336,9732.458333333334,27.875,0.008914018673247771,0.0029299403988674254,0.011546508939995629,0.39047008476037287,0.06791149716741147,0.05639271584530581,0.0,0.06819634364265409,24,14,0.5833333333333334,1,3925.261428571429,2788.4192857142857,294.6192857142857,254.28142857142856,0.0,584.8221428571429
84af63a6-3c5f-4df8-b4dd-f30d5831eeff,151.0,6.291666666666667,160.05375,717.8333333333334,2.0833333333333335,0.002141415825694396,0.005235596665708279,0.00838646156795692,0.0,0.20195254503209537,0.016636826948580954,0.0,0.03141062801932367,24,6,0.25,1,640.215,0.0,617.6700000000001,11.708333333333334,0.0,10.836666666666666
84b2b9b0-ccc9-4eb9-a86b-5d1d42ec8443,371.0,15.458333333333334,3639.8487500000006,8299.125,4.791666666666667,0.02504150710363191,0.0006212214164192322,0.0020717756072902624,0.43730810806023773,0.16663898159645033,0.0,0.0,0.006409898831106262,24,16,0.6666666666666666,1,5459.773125000001,3566.906875,1492.63,0.0,0.0,56.88
84be3dff-364b-4c86-9825-8f72fae22710,273.0,11.375,2278.13625,12966.958333333334,17.166666666666668,0.0067847975146673135,0.0013776959361280793,0.002983763668149038,0.19033733020641752,0.40869923672203085,0.06633498952748366,0.0,0.0,24,16,0.6666666666666666,1,3417.204375,717.01875,2137.63625625,559.9025,0.0,0.0
84becd9b-4bf2-4f13-b29b-28125d8b4cd2,857.0,35.708333333333336,2761.40625,26586.625,25.208333333333332,0.01268833057732921,0.001098985576182675,0.014379756815075917,0.1281585771461032,0.05449543420571302,0.012604215553653755,0.0,0.34610766009571825,24,15,0.625,1,4418.25,1182.4066666666665,47.492666666666665,14.610000000000001,0.0,2776.4946666666665
84e71819-a4fb-4539-8544-4e982ad519ed,1513.0,63.041666666666664,6089.03125,20006.583333333332,127.375,0.011303583295992453,0.0065531963556886745,0.011266562014952651,0.22896026454970353,0.053762641452783914,0.011202249232284703,0.024683442755551777,0.2072727154388748,24,16,0.6666666666666666,1,9133.546875,4063.46875,392.2643750625,143.3631248125,310.751875,3560.85999375
84e81e3f-fd98-41b0-b1b5-ef14e581e086,150.0,6.25,714.9358345833333,3222.5833333333335,3.0833333333333335,0.017001381477139255,0.0009456788073314333,0.0037310142951291377,0.4658365336800568,0.03576328369224049,0.16506684741786,0.0,0.0,24,16,0.6666666666666666,1,1072.403751875,735.500625,76.17562375,260.72749999999996,0.0,0.0
852bae1d-c7a8-4c4c-935b-e63fb331784e,1149.0,47.875,2272.37499875,11358.083333333334,39.458333333333336,0.006915100570378083,0.008642640661470474,0.022214883875946282,0.0,0.08598028914329076,0.32471800820338764,0.011228647649351843,0.051607966092283374,24,16,0.6666666666666666,1,3408.562498125,0.0,306.48625000000004,2174.0525000000002,45.310625,221.83375024999998
853e8f93-2082-4564-8cd1-a5397422c622,971.0,40.458333333333336,2676.3650166666666,20101.666666666668,61.708333333333336,0.012222210075918442,0.003095059498668245,0.012908474183039495,0.04939080844331658,0.19447409390145023,0.12944904127815496,0.002089770833694844,0.18771023176514734,24,16,0.6666666666666666,1,4014.547525,180.23250000000002,1180.3631236875,408.14437499999997,9.380625,1501.976875
85445296-90c0-445e-8a76-495c733c6273,704.0,29.333333333333332,6700.122916666667,17455.416666666668,67.5,0.010582380275555267,0.0041921418005130455,0.002098442074237371,0.29458898010598766,0.1275903055127844,0.13844365242358267,0.0,0.058202916264329836,24,16,0.6666666666666666,1,10050.184375,4588.818125,1963.90875625,2148.841875,0.0,851.62
854d8cf2-8bbe-4f69-930c-d9ebbde1c279,511.0,21.291666666666668,766.3712498333334,7587.875,8.583333333333334,0.007862211702906541,0.0019751477539672294,0.06381918954609421,0.0,0.08380352477217168,0.18817853103596138,0.013745567996075028,0.16468495728196253,24,13,0.5416666666666666,1,1414.8392304615381,0.0,10.233845846153846,514.9707692307692,25.419999999999998,688.3130769230769
8550f100-ab96-417b-9ad9-b7f960efcdfc,99.0,4.125,193.12625,678.5416666666666,1.5,0.003930155041286346,0.002284527798619104,0.009099948580120138,0.0,0.30778811337149864,0.025545220813739524,0.0,0.041666666666666664,24,9,0.375,1,515.0033333333334,0.0,492.70333277777786,16.65889,0.0,5.641111111111112
855963c3-217f-4f51-ad73-8add93ce9769,776.0,32.333333333333336,6963.3720416666665,31961.416666666668,69.70833333333333,0.028007311428590004,0.0025743588390012375,0.005335124242398158,0.488635382987417,0.07421242247920777,0.014357441751305792,0.0,0.018730313703025605,24,16,0.6666666666666666,1,10445.0580625,8665.157500000001,109.32125,14.37625,0.0,366.37187500000005
856970d2-bb4e-400e-aa74-e502976432e9,106.0,4.416666666666667,184.0600000833333,1713.875,2.875,0.0033476188420190124,0.001751233281690896,0.003338542353105754,0.0,0.27783691039399766,0.03680431460906948,0.0,0.018692108330266227,24,8,0.3333333333333333,1,552.18000025,0.0,511.56875025,28.4225,0.0,12.18875
85770b8c-07c3-4957-b44d-c52a4298f5d8,1018.0,42.416666666666664,10550.759208333333,34904.958333333336,39.625,0.01677669273606285,0.0012484724197858248,0.001681096846542775,0.41680499486844763,0.09414679298505217,0.0424532587780457,0.0,0.001256534743068875,24,16,0.6666666666666666,1,15826.1388125,9676.186249999999,2336.675,1149.829374375,0.0,25.2075
858866ef-f469-4e79-8e4b-b11976381d9c,645.0,26.875,5654.457083333334,19183.041666666668,28.625,0.011164109226954521,0.0014905897462902374,0.0023364003138407583,0.2027476324146608,0.2132758219521628,0.12867846865883772,0.0,0.0553923611020232,24,16,0.6666666666666666,1,8481.685625,2373.16625,2781.76,1930.34375,0.0,633.14375
85ac17e5-f60f-46da-9bba-43178bd13cf4,142.0,5.916666666666667,4347.15125,5388.375,7.0,0.007952954508534388,0.0014432322663509752,0.0006025037496872041,0.27001564955781115,0.15255031855582274,0.0,0.0425984686691781,0.201502230653956,24,16,0.6666666666666666,1,6520.726875,2762.64375,1471.7099999999998,0.0,544.1925,1742.18063125
85f56b2a-a0cd-4687-bc85-c26028c25068,21.0,0.875,20.702499791666668,359.5,0.6666666666666666,0.0008987345981190167,0.0007739693339714335,0.0021996727300430748,0.0,0.08333333333333333,0.0,0.0,0.0,24,2,0.08333333333333333,1,248.4299975,0.0,248.4299975,0.0,0.0,0.0
860f90ba-6785-47c3-ba73-4051751de48e,982.0,40.916666666666664,5113.482083333333,22800.25,49.166666666666664,0.014630171760680336,0.002179449819034462,0.0035207394149055827,0.2717049788564159,0.2015479091520795,0.03919366980445207,0.004235935331817787,0.14946236946436273,24,16,0.6666666666666666,1,7670.223125,2943.550625,2439.983125,457.533125,37.660000000000004,1783.8375
8617d60e-01c6-49b9-bbc8-d501ef711046,707.0,29.458333333333332,8601.784583333334,28796.75,52.583333333333336,0.013661373464107318,0.0018246299460818833,0.001448800855509554,0.3139908300000777,0.0991919912269123,0.05674037237116026,0.0,0.1965833781820321,24,16,0.6666666666666666,1,12902.676875000001,5780.873750000001,1802.9325000000001,1021.3712499999999,0.0,4294.394375
861ca877-b1a7-40ea-9a0e-7f7962cf7e84,582.0,24.25,7374.20625,22023.125,45.458333333333336,0.010129575173985354,0.0024075325957390458,0.00130194023360775,0.24425946913399996,0.05566682602013876,0.07805229639697286,0.05424278785708845,0.2317401268085506,24,16,0.6666666666666666,1,11061.309375,4012.493125,852.341876875,1472.883124375,844.19625,3825.1868750000003
8620603c-c65b-4a43-bf6b-e534a34a4aba,687.0,28.625,3323.362504166667,31961.875,66.625,0.009970406526451855,0.0021305769543695503,0.003909768890908675,0.40960400785316314,0.056620850266692085,0.007612427694058371,0.0,0.0013063752444482997,24,13,0.5416666666666666,1,6135.438469230769,3437.1315692307694,1220.4692307692308,163.93,0.0,29.31
865e6905-c5a1-4ce8-afeb-9efb9ef39464,1957.0,81.54166666666667,1574.8341666666668,16367.333333333334,104.45833333333333,0.006135177964222305,0.006533767761172108,0.3129572155157792,0.13967933424223597,0.15431855386402707,0.031697538381427796,0.012042175046418075,0.024611710530023895,24,11,0.4583333333333333,1,3436.0018181818177,1532.5681818181815,839.7627272727274,390.24908827272725,147.06545363636363,347.5445454545454
865e6bca-88e5-408e-8016-9ee2058ba314,791.0,32.958333333333336,2205.912083333333,20631.916666666668,47.125,0.008734030789299648,0.002319935030951225,0.01275525032487068,0.06716170537871634,0.06036100992355913,0.0,0.0,0.4971095833865258,24,15,0.625,1,3529.4593333333332,343.6140004,41.49133333333334,0.0,0.0,3142.0313346666667
866dcb98-bd06-4724-8a77-8f0632b2cbd6,16.0,0.6666666666666666,147.02625,273.625,1.0416666666666667,0.0019275535663760043,0.002103351607399546,0.0,0.021225659816982795,0.0,0.0,0.0,0.0,24,1,0.041666666666666664,1,3528.63,1797.54,0.0,0.0,0.0,0.0
867f609a-231e-44de-aa65-9eb0590fc613,342.0,14.25,247.45583333333332,12876.291666666666,8.833333333333334,0.0031295285111470126,0.00073489564501065,0.2605525815524243,0.0,0.3748198532182377,0.0,0.0,0.0,24,9,0.375,1,659.8822222222223,0.0,659.4688888888891,0.0,0.0,0.0
868a5f2d-3749-46a8-b547-4f5f28cc7344,134.0,5.583333333333333,198.03,5051.458333333333,16.0,0.0032922617223827082,0.0033324059811648417,0.0033780092872057166,0.0,0.2781321825814877,0.03509300240909855,0.0,0.020108148342747056,24,8,0.3333333333333333,1,594.0900000000001,0.0,561.52125,18.79125,0.0,13.7775
86f0de20-75df-455c-9503-9cd99194ffb4,1378.0,57.416666666666664,4055.7025,17435.083333333332,41.166666666666664,0.028394999573506653,0.0024056910575037667,0.007419515325841671,0.33487236504037776,0.001664167649481725,0.007980336002641792,0.0,0.16098722617240366,24,16,0.6666666666666666,1,6083.55375,2570.80375,21.06,45.909375,0.0,1578.172499375
87350b30-52f2-4b2e-8481-7f17ab9505bf,215.0,8.958333333333334,375.95625,6042.041666666667,10.666666666666666,0.00458727851265865,0.0017664509299841417,0.008386011430066646,0.0,0.4133648418459484,0.023778702810633365,0.0,0.02118978867675157,24,11,0.4583333333333333,1,820.2681818181819,0.0,789.1009090909091,20.44,0.0,10.727272727272727
8751fdf6-5186-4e2b-bdf1-2125c92755f6,1012.0,42.166666666666664,2176.1925,33513.416666666664,34.291666666666664,0.008414323561734967,0.0011773257724280708,0.01867309715140496,0.46123891720272797,0.027871726527480826,0.02595732530177081,0.020612407809502,0.0193603471628374,24,16,0.6666666666666666,1,3264.28875,2876.3331375,40.698750000000004,31.6825,101.211875,14.004999999999999
87687f2a-3f2a-4f18-a9c9-930f69105f8e,1181.0,49.208333333333336,5991.34625,26558.416666666668,63.791666666666664,0.020291559952314738,0.0024995691963585497,0.0038718468855285537,0.3527153712332187,0.19698629153049851,0.04053630489984235,0.0,0.07616756931811468,24,16,0.6666666666666666,1,8987.019375,4545.74625,2729.424375,556.4075,0.0,1151.0324937500002
8775adf0-fab5-40ca-ae4d-6a1b991af2ec,2320.0,96.66666666666667,19337.967041666667,28530.5,151.0,0.011018408162201293,0.005082619424211554,0.0023104177734274,0.2943167070635932,0.17058500290785203,0.0027723334919776623,0.0,0.19894557210340516,24,16,0.6666666666666666,1,29006.950562500002,12574.70746875,7565.075625,101.86187625000001,0.0,8763.091874999998
87806dbb-ed7a-4a65-b740-c10e9cb5c008,1509.0,62.875,4422.7816250000005,33342.0,81.58333333333333,0.011182058069641973,0.00254525507637835,0.7638635327910451,0.085662814857097,0.15550417543879227,0.14525558881588185,0.01770386583569032,0.07343803784376252,24,14,0.5833333333333334,1,7581.911357142858,2440.5235714285714,1652.5257214285714,118.88499999999999,415.8828571428572,1000.1378571428571
878dd184-7e49-49b2-8e4d-5846cb4e6e0d,123.0,5.125,0.0,3263.3333333333335,11.458333333333334,0.0,0.0037371940690788794,0.0,0.0,0.0,0.0,0.0,0.0,24,0,0.0,0,0.0,0.0,0.0,0.0,0.0,0.0
87c4076e-4565-4407-8f5b-7d51ae783ae2,704.0,29.333333333333332,4245.7300000000005,18424.875,43.666666666666664,0.011684372143831908,0.0041199720608311,0.0032648409284884252,0.430220133589643,0.03281265607959196,0.13146570559218992,0.01566098051785116,0.024095634438980957,24,16,0.6666666666666666,1,6368.595,3890.5,354.625,1585.9599999999998,86.8725,267.4375
87d44f0b-d9b8-4095-bc7a-62c70c593455,679.0,28.291666666666668,6145.74125,13440.916666666666,26.333333333333332,0.009081265689789864,0.0141889091573186,0.004897595715604538,0.44798325743794143,0.03962954998325194,0.15003723354317458,0.0,0.028730639006684596,24,16,0.6666666666666666,1,9218.611875,2915.5675,508.0193750625,5358.163750000001,0.0,434.674375
882570dd-1263-47e1-a819-b97cb3470940,306.0,12.75,947.9333333333334,6072.125,17.166666666666668,0.005136547054465709,0.0029386014780825877,0.02455100117414265,0.0,0.08333333333333333,0.21444621632010907,0.0,0.0,24,11,0.4583333333333333,1,2068.218181818182,0.0,12.145454545454545,844.1763636363637,0.0,0.0
882d35b2-94ae-4db9-b05d-f150fc79bfa7,317.0,13.208333333333334,190.61541245833334,6178.083333333333,25.791666666666668,0.002103603423312925,0.004985354339455316,0.0907994117116513,0.0,0.2493091351660939,0.0,0.0,0.0,24,10,0.4166666666666667,1,457.4769899,0.0,438.73499000000004,0.0,0.0,0.0
88452a4f-811c-4270-b658-7d5dd8e1c3e0,3645.0,151.875,11724.8025,47038.833333333336,149.29166666666666,0.010383587533932684,0.003406454453461579,0.006789738416085729,0.06004882767368196,0.4582721473370861,0.10314755751395883,0.001979728593837635,0.013335679529423689,24,16,0.6666666666666666,1,17587.20375,1267.971875,12982.1675,2505.315,18.535625000000003,232.54874999999998
88981cb9-98dc-4beb-908a-6ddfbe6c8971,1904.0,79.33333333333333,2798.444179166667,27209.833333333332,40.041666666666664,0.007041248965739391,0.0014861427157407709,0.462370437299037,0.0,0.30879832298101045,0.06589489771635602,0.0,0.12392929518100022,24,13,0.5416666666666666,1,5166.358484615384,0.0,2576.173076923077,1006.0730769230769,0.0,1562.0661538461538
88b2a515-eee1-4318-af19-3fc8cb4cea5b,1916.0,79.83333333333333,10267.232083333334,31650.666666666668,146.20833333333334,0.009658880765236145,0.004776719419133554,0.003831662767997146,0.37366396671637947,0.08424418972906883,0.01399977294238073,0.005928429627330617,0.13567053468365933,24,16,0.6666666666666666,1,15400.848125,7797.55373125,2132.794375,330.954375,144.90875,3700.19875
88be814e-a0cc-4f6e-972d-ba1c76f0829e,1542.0,64.25,2960.369570833333,29142.25,60.916666666666664,0.007176264568749813,0.002118294280447829,0.1748401084884941,0.07256881639517354,0.3599731738710485,0.08697709607169096,0.0,0.019456483834005875,24,16,0.6666666666666666,1,4440.55435625,903.71875,1837.760000125,524.384375625,0.0,78.11
890058d7-4fd7-4693-98fd-c49b42657361,1876.0,78.16666666666667,7790.741666666668,16475.208333333332,61.0,0.009152253964860458,0.0037432392047441914,0.02221777380242394,0.0,0.36442490219279033,0.22238559845728764,0.0,0.018895498552678178,24,16,0.6666666666666666,1,11686.112500000001,0.0,4017.08625,6883.8475,0.0,40.065625
890c4e9c-d764-445d-9cfc-0cc8ba52e93f,454.0,18.916666666666668,1140.6604166666666,10612.291666666666,17.791666666666668,0.008769984613634646,0.043442239720343105,0.015455587718343372,0.36482409618556,0.075896808555229,0.20625639924264214,0.0,0.019599855500523705,24,16,0.6666666666666666,1,1710.990625,1099.85375625,43.62250000000001,536.438750625,0.0,30.80499975
89139b7a-b23a-4925-a3e6-d6b3a2ff59e4,1351.0,56.291666666666664,3407.401245833333,49099.166666666664,93.875,0.007780616506249255,0.0020497781846766875,0.011618908641983042,0.4542725968436074,0.055140239002127577,0.03145333818558699,0.018771292431969944,0.06529763350623034,24,15,0.625,1,5451.841993333334,5040.462666666667,98.28933333333333,79.21466666666666,21.974666665333338,211.41800000000003
892c3e55-3a59-4e69-9926-3286f607668f,507.0,21.125,2932.802066666667,14225.625,37.333333333333336,0.011209907881433409,0.002694484385718975,0.0058988511814727215,0.09965929515803292,0.254100975838069,0.1655500069934159,0.0,0.001327790986222892,24,16,0.6666666666666666,1,4399.203100000001,816.9199995,1058.031873125,1321.2062500000002,0.0,9.730625000000002
89512b1b-f1e7-45a4-b71c-a3f336c0d6b6,206.0,8.583333333333334,444.38750166666665,6014.625,9.25,0.004829598217049463,0.0015155407437069917,0.030858733250370484,0.4164179606873999,0.041915373308012684,0.0,0.0,0.0,24,11,0.4583333333333333,1,969.5727309090909,960.2527309090909,9.32,0.0,0.0,0.0
896fece6-a968-496e-af4b-6974ed197af4,294.0,12.25,5423.049166666667,9331.208333333334,14.583333333333334,0.011102694360655169,0.0021156077393569917,0.0011216185456876084,0.15487057667115695,0.17072124602459018,0.05847627685687051,0.0,0.20746543418632243,24,16,0.6666666666666666,1,8134.57375,1807.301875,2122.59,811.796875,0.0,2488.7425000000003
897be8c1-5509-4001-b152-43825eb1f76c,224.0,9.333333333333334,2490.0733333333333,6896.291666666667,15.333333333333334,0.004166666666666667,0.0011236339667844333,0.0014956167734365043,0.41262013243605417,0.0028654790747371706,0.0,0.0,0.0,24,10,0.4166666666666667,1,5976.1759999999995,5918.575,42.826,0.0,0.0,0.0
89859877-4979-4fd4-a5cc-b775341f7100,157.0,6.541666666666667,116.89916666666666,4001.3333333333335,7.791666666666667,0.00196589604127455,0.0020068224069256083,0.0060308659702022795,0.0,0.16502406112673232,0.02541748975709687,0.0,0.017891782449504134,24,5,0.20833333333333334,1,561.116,0.0,527.076,22.234,0.0,11.806000000000001
899834e8-0b92-4ea3-bd76-5c015b67f8c9,96.0,4.0,134.39208354166666,2136.2916666666665,2.0416666666666665,0.003936596504549959,0.0009013912877684835,0.006834190729585017,0.0,0.3333333333333333,0.041666666666666664,0.0,0.0,24,9,0.375,1,358.3788894444444,0.0,346.89444499999996,11.484444444444444,0.0,0.0
89c38b60-0d96-427d-b270-325cc5fa60b8,282.0,11.75,470.37374875,9431.958333333334,19.666666666666668,0.0051934977462478665,0.0027550498302947334,0.01346590274516317,0.0,0.17888327160515757,0.23648554798770538,0.0,0.0,24,13,0.5416666666666666,1,868.3823053846152,0.0,114.99846307692307,547.7900000000001,0.0,0.0
89c6ade5-5ac0-402f-9c74-45720ae848a1,368.0,15.333333333333334,3582.028320833333,9065.291666666666,10.375,0.021833938910429552,0.0012308306019860249,0.0035038234235995496,0.4180101304298846,0.1708735951012352,0.0,0.0,0.05706537076954304,24,16,0.6666666666666666,1,5373.04248125,3942.5706250000003,805.81062475,0.0,0.0,374.37375000000003
89c94760-4899-4f05-b0bc-0c39d495ae56,1518.0,63.25,8783.207083333333,11097.25,37.875,0.01358904858416711,0.003382360515264167,0.003733970829520429,0.4008572735240203,0.011696923403791208,0.0026673962184041457,0.009977179952940732,0.1017272153606661,24,16,0.6666666666666666,1,13174.810625,7668.45375,143.60062468750002,22.38125,160.31875,1895.63375
89f2ab37-7016-4357-9888-25c77d8b031c,728.0,30.333333333333332,960.3875041666666,8762.458333333334,31.791666666666668,0.011432092022052915,0.0036495817659509,0.0467838384576821,0.18043566648775236,0.2994783248685487,0.09984501906254274,0.0,0.0,24,15,0.625,1,1536.6200066666668,457.3666666666667,781.4226686666666,169.67533333333333,0.0,0.0
8a0fa1d0-4a38-4c9f-8492-1d09eec9468b,140.0,5.833333333333333,2011.7658333333331,2337.875,4.708333333333333,0.01778721267812312,0.002050790822341013,0.0018303102732651333,0.5391749368159017,0.0194078899632886,0.10618558079499747,0.0,0.0009974742627770667,24,16,0.6666666666666666,1,3017.64875,2566.125,92.73062499875,349.22624874999997,0.0,5.066875
8a15ab9c-c1fe-45e3-9091-e9ca83f57e90,1089.0,45.375,4741.993333333334,33927.125,101.41666666666667,0.008786132697886617,0.0031429264752939334,0.09206949181001726,0.22111598251457423,0.18608674381868884,0.02096624829834665,0.021399696207653373,0.005102341304612571,24,14,0.5833333333333334,1,8129.131428571431,3538.275707142857,1999.1199999999994,251.81357142857146,429.62428285714276,72.67714214285715
8a26fd7e-b36c-44c4-9499-c13c12f89e11,150.0,6.25,199.29999999999998,4377.291666666667,6.25,0.004980419632120534,0.0014914524967088042,0.2582114225556649,0.03877924562317215,0.25288742104349454,0.041666666666666664,0.0,0.0,24,8,0.3333333333333333,1,597.9,232.3125,352.61625,12.97125,0.0,0.0
8a4a22ea-25b8-4612-91cf-75dc4ec1f773,752.0,31.333333333333332,3361.8679166666666,13993.166666666666,17.416666666666668,0.023211679422319578,0.0012356359176569458,0.02156440224281475,0.34271189150841447,0.04875638028150808,0.059628218076853035,0.0,0.0889939534400239,24,16,0.6666666666666666,1,5042.801875,2617.0600000000004,479.8887500000001,175.45875,0.0,742.106875
8a5cb04d-3a85-47df-995c-ada97c528495,1576.0,65.66666666666667,8948.144166666667,20773.625,44.958333333333336,0.013966484755099979,0.0023642870367160044,0.0031568306092753413,0.3516268537095179,0.11587427964572794,0.043708149260260766,0.0,0.1374762901773883,24,16,0.6666666666666666,1,13422.21625,6636.156875000001,2267.77000625,1069.8612506250001,0.0,3078.43060625
8a78f676-6b9e-406d-83f9-6d6bf34eb2e6,994.0,41.416666666666664,1725.6525000000001,25558.875,66.875,0.011063045790130288,0.002623389478634467,0.04052718918926672,0.0,0.13445078581966777,0.049151398423161304,0.0,0.44099133416950487,24,15,0.625,1,2761.0440000000003,0.0,267.9666664,103.19066666666666,0.0,2387.683999733333
8aac596f-88bc-4000-9712-a01af4f4d687,82.0,3.4166666666666665,582.6270833333333,3608.125,5.708333333333333,0.0063329689619953415,0.0018515315079292874,0.0026785164500061835,0.18015766304519457,0.11786139234067634,0.03904792272992914,0.0,0.1212663549459354,24,11,0.4583333333333333,1,1271.1863636363635,610.3790885454545,287.5490909090909,27.76,0.0,345.49818272727276
8abd3b15-fe35-4b23-8ed4-fd2513c78d46,174.0,7.25,328.42041666666665,2094.625,6.25,0.004350667467219233,0.0030278427055857996,0.006626654809611749,0.0,0.38344949822068913,0.015528957577589682,0.0,0.017688210868387795,24,10,0.4166666666666667,1,788.2090000000001,0.0,766.589,9.863,0.0,11.757
8af32266-2099-4e03-9c32-85276896ccae,2757.0,114.875,6517.090416666667,37380.708333333336,87.54166666666667,0.025156682634154364,0.00246199160718815,0.010630134256402605,0.31329290537783183,0.16111428990166435,0.018743268703578824,0.0,0.17288171557736107,24,16,0.6666666666666666,1,9775.635625,3502.5025,2956.8681206250003,215.23062499999997,0.0,3088.67000125
8af5f7d1-e28d-4d64-aad8-ce1abe9f605c,161.0,6.708333333333333,1422.7237499999999,6303.458333333333,8.708333333333334,0.010120071358962401,0.0014452847783796375,0.00220245201275295,0.3026031024472707,0.2801312686038662,0.08393229555502141,0.0,0.0,24,16,0.6666666666666666,1,2134.0856249999997,955.434375,913.2175,265.43375,0.0,0.0
8b11f18c-b17c-4ac2-86fe-12a61bcd056b,882.0,36.75,3406.4900000000002,13580.458333333334,35.541666666666664,0.014030952672794588,0.0026540802138528045,0.005452167899581442,0.3057786696037204,0.2921972259067186,0.025177399796057886,0.0,0.0,24,15,0.625,1,5450.384,2193.7633333333333,3045.6946666666668,191.93866666666665,0.0,0.0
8b510bf2-c8e2-4b89-b567-d14daa3b822f,91.0,3.7916666666666665,41.64999983333333,591.625,2.3333333333333335,0.0025951777842391295,0.003935420986636825,0.004304953073227413,0.0,0.16666666666666666,0.041666666666666664,0.0,0.0,24,5,0.20833333333333334,1,199.91999919999998,0.0,172.3499992,27.57,0.0,0.0
8b5650e1-8468-402d-af3a-8e060ef30a64,215.0,8.958333333333334,1969.4395833333335,4544.5,4.791666666666667,0.0053024130789362245,0.0006380877192295667,0.003427372558900525,0.12920389320409564,0.027703591663619503,0.020497224339183138,0.0,0.32259529079310173,24,12,0.5,1,3938.879166666666,1582.7533333333333,427.34083333333336,283.4275,0.0,1645.3575
8b6354fa-e11d-489f-a791-030ce74b3837,1044.0,43.5,462.6000000125,35539.5,82.83333333333333,0.0025623319214668205,0.0024152602079713123,1.489595053930665,0.0,0.18540024736656693,0.0,0.0,0.06450852666811262,24,11,0.4583333333333333,1,1009.3090909363635,0.0,539.0890909090908,0.0,0.0,462.1809090909091
8b656f85-e737-481b-a363-33604afafe9e,301.0,12.541666666666666,565.1945833333333,6118.458333333333,24.333333333333332,0.0047969164401542004,0.002978814741225058,0.010439018922211439,0.0,0.39510951751185347,0.08624007628567316,0.0,0.01670630330406121,24,12,0.5,1,1130.3891666666668,0.0,1033.78,58.60666666666666,0.0,34.3425
8bacf7e9-7dd5-45db-9286-c767bfbaa051,2158.0,89.91666666666667,7249.001666666667,20810.708333333332,102.83333333333333,0.010287341884235053,0.005428505809428038,0.005870855034561504,0.18794292229224685,0.026158288985648866,0.07068007347840373,0.0,0.28663006530999074,24,16,0.6666666666666666,1,10873.5025,2849.5856249999997,272.3456249375,1525.4655950000001,0.0,4720.295625
8bc94dda-ab0a-4e45-82fb-1ce04d184879,93.0,3.875,584.5545833333332,5335.041666666667,7.208333333333333,0.015282413848285083,0.0014049141043331749,0.00242391696192445,0.27968997825163394,0.17507611785436608,0.08690057056066665,0.0,0.0,24,13,0.5416666666666666,1,1079.1776923076923,533.9761538461538,354.4661538461539,190.73538461538462,0.0,0.0
8c207ec5-2888-411d-a387-5986e76bfbad,445.0,18.541666666666668,3918.8962500000002,11029.375,30.25,0.011895048197431993,0.002957071168405425,0.0023678533893936042,0.2660436053439807,0.16822220678804486,0.04113295111384146,0.0,0.190969276743167,24,16,0.6666666666666666,1,5878.344375000001,2274.725,1509.73875,341.90375,0.0,1749.0306249999999
8c50d8e7-2e4e-4bd4-b923-0966d928e133,88.0,3.6666666666666665,61.43958458333333,1560.7916666666667,2.25,0.001789309779620167,0.0014744763046921374,0.012636193756461871,0.0,0.20833333333333334,0.0,0.0,0.0,24,5,0.20833333333333334,1,294.91000599999995,0.0,294.91000599999995,0.0,0.0,0.0
8c51daa0-274f-4234-957a-c4fa25a4f916,836.0,34.833333333333336,5870.817916666667,15645.833333333334,45.625,0.00864606397196027,0.0029015952438201918,0.009038613960071221,0.19435511821272491,0.28354664920477973,0.00982851810744345,0.0,0.06665405877328047,24,14,0.5833333333333334,1,10064.259285714286,3898.512142857143,4161.58,191.77642714285713,0.0,1235.9535714285714
8c6135ba-5295-43bf-8e7b-c232ec7bf97e,193.0,8.041666666666666,2023.9350000000002,2841.375,6.75,0.022632029553784933,0.0023599892804851627,0.001954632308552954,0.5930151925994732,0.03513971914488575,0.03618248619823187,0.0,0.002329268724075821,24,16,0.6666666666666666,1,3035.9025,2655.14375,206.38500000000002,167.64499999999998,0.0,6.72875
8c6bd37c-cb00-438e-83da-c15d73dceb90,315.0,13.125,2236.1058325000004,5702.25,10.708333333333334,0.00658232662984877,0.0019205064434415708,0.02573965178556284,0.0,0.21395674002928466,0.36668608508303463,0.0,0.015570516001564366,24,15,0.625,1,3577.7693320000003,0.0,3274.898,202.03199866666668,0.0,87.74333333333333
8c76fe33-1bea-42c9-85da-58be744b40e4,474.0,19.75,767.5904166666668,8007.458333333333,24.083333333333332,0.0024009845089138044,0.003170318654721375,0.03437577422522491,0.0,0.1400077538361084,0.0,0.0,0.0014679118608658833,24,13,0.5416666666666666,1,1417.09,0.0,46.51,0.0,0.0,3.926153846153846
8c876406-d457-4770-bae0-209d2ab4bfc2,36.0,1.5,32.643750000000004,394.4166666666667,0.5833333333333334,0.003795206051793392,0.0022724262511321374,0.0066405002858486795,0.0,0.20833333333333334,0.041666666666666664,0.0,0.0,24,6,0.25,1,130.57500000000002,0.0,124.81,5.765000000000001,0.0,0.0
8c8dcbe1-fb36-4b11-8081-a57a96719f6c,337.0,14.041666666666666,1467.8175,6968.333333333333,14.083333333333334,0.009690451140748646,0.0020613288959721748,0.005062838553614521,0.10879410267628331,0.3782805943449998,0.0,0.0,0.043555827362536825,24,16,0.6666666666666666,1,2201.72625,273.974375,1185.6793750000002,0.0,0.0,151.58500187500002
8cd5f63e-0c2d-44ab-8b85-81fb86bc473f,292.0,12.166666666666666,2356.2779166666664,8306.041666666666,10.75,0.016127897320042484,0.001343867886820246,0.0021744508985480997,0.33035429970767366,0.013969401921102624,0.074416275487667,0.0,0.23211759894595352,24,16,0.6666666666666666,1,3534.416875,1684.099375,84.6975,434.203751875,0.0,1265.854379375
8cd8a47d-79c5-4c4c-abb4-6ce44798c40a,947.0,39.458333333333336,3459.1658124999994,11667.583333333334,22.0,0.025568598396214264,0.0018960347226505997,0.009699855888349746,0.5988854996806579,0.011899161239548822,0.03456244043194557,0.0,0.0209856661749588,24,16,0.6666666666666666,1,5188.748718749999,4733.3675,26.9275,226.77500125,0.0,199.13
8cdd6eb3-7fbf-4619-9283-cfb41e442c6a,328.0,13.666666666666666,467.8633291666667,4841.0,4.416666666666667,0.004507580321938858,0.014406469174938564,1.0527583017978415,0.0,0.1744964596661712,0.23944848115133266,0.0,0.0,24,14,0.5833333333333334,1,802.0514214285713,0.0,90.4592857142857,421.9235714285714,0.0,0.0
8ce8bf57-fe38-4ce0-81a2-77f0dbed181a,1438.0,59.916666666666664,3482.6225,28304.5,131.08333333333334,0.005696114893159258,0.004757943576011942,0.05947681566579521,0.423159178554525,0.09007745044268954,0.029006745601187472,0.009342105636436471,0.01908514290902188,24,15,0.625,1,5572.196,4896.206666666668,45.532666666666664,124.58999999999999,57.37533333333333,12.332666666666666
8cf0eba5-4d8b-49ec-bbfe-7ff5337bc8a5,1020.0,42.5,2371.67125,15453.166666666666,65.33333333333333,0.014740895744917298,0.004374343399293587,0.021822749444211104,0.25829484036293876,0.18398501370720474,0.0,0.0,0.21991697975798444,24,16,0.6666666666666666,1,3557.506875,1228.33000625,647.34375,0.0,0.0,1649.60438125
8cf63151-60b7-46a3-8552-1073778d616e,1002.0,41.75,7752.616249999999,25743.666666666668,59.0,0.018603078532377484,0.0023540894480770873,0.0027109595034731497,0.46650029633221574,0.04122080397811097,0.062121408757430156,0.006443142831592762,0.08813882102470412,24,16,0.6666666666666666,1,11628.924374999999,8149.123125000001,825.5106437499999,1034.197498125,120.35499812500001,1462.1881250000001
8d05a534-7978-43fb-9516-78a0bc9e9207,23.0,0.9583333333333334,0.0,4999.125,5.291666666666667,0.0,0.00045144330381930836,0.0,0.0,0.0,0.0,0.0,0.0,24,0,0.0,0,0.0,0.0,0.0,0.0,0.0,0.0
8d4f6dc1-fb50-4c16-b512-29a5d6cf2ac1,201.0,8.375,2301.8129166666668,2380.4166666666665,2.2916666666666665,0.008468819631766445,0.0011060368486463291,0.0015537270445412958,0.5824265612422147,0.02800997538998105,0.002036051458499296,0.0,0.05325774899317875,24,16,0.6666666666666666,1,3452.719375,2856.929375,198.94812501875,14.415,0.0,379.614375
8d51490c-971f-43e8-beb7-f8b9aa377aeb,523.0,21.791666666666668,520.7212499999999,7895.666666666667,14.666666666666666,0.005694953467498903,0.0011291798366913292,0.0880447909142555,0.0,0.141179853021122,0.17208835443737283,0.0,0.0,24,10,0.4166666666666667,1,1249.731,0.0,494.87399999999997,431.483998,0.0,0.0
8d898fdd-4b5a-4e94-acee-c901f8a4e0cb,184.0,7.666666666666667,309.9629166666667,4089.9166666666665,6.708333333333333,0.004224662301381371,0.0016611432888448917,0.0058114784172695584,0.0,0.3756708286064767,0.021265081937691336,0.0,0.019730756122498663,24,10,0.4166666666666667,1,743.9110000000001,0.0,710.568,23.616999999999997,0.0,9.726
8d8c1445-5522-450a-acac-55dda2b81622,183.0,7.625,4229.42875,7263.041666666667,6.416666666666667,0.007915966158031855,0.0009254567238152583,0.0011323584098813083,0.42236734250980623,0.033205081047024125,0.09882555882313677,0.003683268428339367,0.10858541497953833,24,16,0.6666666666666666,1,6344.1431250000005,3919.18874375,398.505625,899.30999625,38.37625,1088.7625
8d9d3829-19b3-4c6d-94c1-f36fd942b99b,473.0,19.708333333333332,3725.7412500000005,6753.041666666667,32.583333333333336,0.006178923265044645,0.002130662621822121,0.005994220355772184,0.19349806068818654,1.5897034637212502e-05,0.10128626303001446,0.01829380389550897,0.00337947943306805,24,9,0.375,1,9935.31,5832.68888888889,0.3933333333333333,1441.4622226666665,729.1755555555555,129.88222555555555
8da73722-f785-450c-9601-76f83ddf7f70,657.0,27.375,2885.8316666666665,15307.291666666666,93.08333333333333,0.007701220949360475,0.006076937515761654,0.004705813326034349,0.0,0.13306313814431467,0.023632116485024807,0.0,0.5020691881551818,24,16,0.6666666666666666,1,4328.7474999999995,0.0,971.5975,186.600625,0.0,3121.805625
8dd1ca10-0c82-4dbd-9b58-2ea4f5b03bbf,92.0,3.8333333333333335,0.0,1715.1666666666667,5.041666666666667,0.0,0.0035209234733043836,0.0,0.0,0.0,0.0,0.0,0.0,24,0,0.0,0,0.0,0.0,0.0,0.0,0.0,0.0
8de4bab2-fd77-4c1a-a160-54889a40d69b,1428.0,59.5,15319.481666666667,21421.875,98.08333333333333,0.013642709908858684,0.004700577284980771,0.00222276451994485,0.3700898771961887,0.02472272334527016,0.0,0.0,0.24799598731238462,24,16,0.6666666666666666,1,22979.2225,11881.92875,746.536875,0.0,0.0,9100.49188125
8e0efefc-f7c0-47e4-970d-ca1672c3ece2,2809.0,117.04166666666667,11664.290416666665,19821.375,110.875,0.01769761013668789,0.005983967129789633,0.005516975343273063,0.36390244831057544,0.12043240747990173,0.0005892377781639292,0.0,0.16875395570205387,24,16,0.6666666666666666,1,17496.435625,9277.463749999999,3111.83875,13.580625625,0.0,4739.646875
8e1f83bf-f29f-4966-9c66-736380368e77,88.0,3.6666666666666665,0.0,8893.708333333334,18.5,0.0,0.0020195266226432835,0.0,0.0,0.0,0.0,0.0,0.0,24,0,0.0,0,0.0,0.0,0.0,0.0,0.0,0.0
8e26daeb-4197-4bd9-8604-79fb4a481237,568.0,23.666666666666668,1184.9120833333334,6076.166666666667,8.458333333333334,0.00689889565205258,0.0013800562856662918,0.024164722151476654,0.047668865788830415,0.45895614993196965,0.031374375963374515,0.0,0.08617300785332632,24,15,0.625,1,1895.8593333333333,182.208,1550.098666666667,14.546666666666665,0.0,145.09733133333336
8e369005-2a89-4e78-abaa-930142b486ff,334.0,13.916666666666666,464.6275083333333,5799.166666666667,17.041666666666668,0.002000959309676187,0.0029852637890345536,0.07169720736869299,0.2820488705285176,0.061970828656078274,0.054324099136744984,0.0,0.014367190576764145,24,11,0.4583333333333333,1,1013.7327454545452,897.8563727272726,44.25727272727273,46.20363636363636,0.0,13.231818181818182
8e4ffdc7-0821-4c63-a02e-2e935da20ada,726.0,30.25,827.7183333333332,1052.4583333333333,3.25,0.003829829989250334,0.0050853797292456,0.04193568606703868,0.0,0.15861495524007665,0.4499855344638928,0.0,0.006106278255348867,24,15,0.625,1,1324.349333333333,0.0,628.6786666666667,608.5726666666667,0.0,5.489333333333333
8e7507e1-4ed6-4b28-8dd4-d27604d80e45,219.0,9.125,7305.607083333333,10197.666666666666,14.416666666666666,0.008952459020050213,0.0012101767993288458,0.0015104117726639959,0.3789607769167498,0.08897856296957707,0.04651027120179191,0.0,0.0685473361631584,24,14,0.5833333333333334,1,12523.897857142858,8097.259285714287,2072.272857142857,820.985714,0.0,1527.5257142857147
8e824e84-1b1f-4e23-8e96-596a826ee54d,684.0,28.5,1288.9962458333334,7162.333333333333,13.625,0.017682498786413616,0.0019132585134790127,0.3933587904237262,0.041666666666666664,0.02622111780659746,0.06788310996149538,0.025919762456665777,0.3788073215647499,24,14,0.5833333333333334,1,2209.70785,178.32857142857142,30.764285714285712,59.590714285714284,43.32214285714286,1890.4414285714286
8e8e91f9-800a-4d6f-a0b6-b4b4248e7551,692.0,28.833333333333332,5045.9775,18021.5,28.0,0.013964045363022107,0.0015815605046469625,0.0028481712707616666,0.2695852713901503,0.27739735021005757,0.004961432465737529,0.0,0.10327103150621687,24,16,0.6666666666666666,1,7568.96625,2919.489375,3270.0543937499997,64.11125,0.0,1153.61625
8ea90289-9248-41f6-8ae9-8cf73d64c4bf,100.0,4.166666666666667,0.0,3419.75,5.625,0.0,0.0003901615444445916,0.0,0.0,0.0,0.0,0.0,0.0,24,0,0.0,0,0.0,0.0,0.0,0.0,0.0,0.0
8eb48e35-2465-4702-8328-7d63047376dd,113.0,4.708333333333333,333.59291666666667,1856.9583333333333,1.75,0.0013403083614852167,0.0006778431063689458,0.006704920157751646,0.29077538569693573,0.02870553265528135,0.05462780067805198,0.0,0.0,24,9,0.375,1,889.5811111111111,838.4133333333334,15.431111111111111,32.87,0.0,0.0
8ee9cce6-3494-4d88-ae23-bd5e298c8e30,150.0,6.25,61.594166666666666,4456.166666666667,5.083333333333333,0.0035734191876577418,0.0013004411865452585,0.06775603264211559,0.0,0.25,0.041666666666666664,0.0,0.0,24,7,0.2916666666666667,1,211.18,0.0,201.3757142857143,9.804285714285713,0.0,0.0
8efb114d-1411-4e54-837e-87381a312bdc,140.0,5.833333333333333,394.50250000000005,1987.75,6.791666666666667,0.005888996803319333,0.005959525834883792,0.008626017169298025,0.039396482143662474,0.3472900944711153,0.016452822488927307,0.0,0.013527267562961557,24,10,0.4166666666666667,1,946.8059999999999,194.972,670.62,74.356,0.0,6.858
8f301cf6-f55b-4121-9257-b84d4525bf48,303.0,12.625,1028.43625,5011.583333333333,13.5,0.011693235205420921,0.002800430290744508,0.006530941216053537,0.40866295465424535,0.011869862355988007,0.1211338496564333,0.0,0.0,24,13,0.5416666666666666,1,1898.6515384615382,1608.7330769230769,35.74923076923077,254.16923076923078,0.0,0.0
8f372961-c0c0-4b42-99d9-407c486e589c,1590.0,66.25,11254.855416666667,30179.291666666668,159.625,0.0080387986681007,0.005327833254491742,0.05225442640864276,0.1916098631112442,0.08351356363877034,0.0263104805541773,0.0,0.15010752883707743,24,12,0.5,1,22509.71083333333,10015.789999999999,4950.045000000001,1816.5608333333332,0.0,5712.106666666667
8f512f06-388d-4300-83a2-97454cf8023c,54.0,2.25,2840.2016666666664,2876.875,2.25,0.0017408135739781377,8.630141488818334e-05,9.906812470483334e-05,0.10362406141674174,0.003417309043625917,0.0,0.0018123103695590666,0.01614631917007325,24,3,0.125,1,22721.61333333333,18834.18,624.3133333333334,0.0,332.12,2931.0
8f53419f-a756-4bc0-8160-93fd9a166f4d,899.0,37.458333333333336,1948.9499999999998,26899.75,39.541666666666664,0.00497541476584733,0.0014924125853776043,0.02245002784748189,0.031035566054259403,0.12429793385409395,0.49886204020617503,0.0,0.0015164811500224251,24,16,0.6666666666666666,1,2923.4249999999997,162.5275,1590.87125,1133.61125,0.0,26.756875
8f6115b3-acc3-492b-ab53-245933f300ad,1155.0,48.125,1925.95375,21186.041666666668,54.125,0.008488576112451829,0.002589561017972754,0.018633994734531863,0.29064532507644947,0.24506488358436976,0.059091261335092765,0.0,0.02795512401714466,24,15,0.625,1,3081.5260000000003,1466.016,1480.6986666666667,78.784,0.0,44.43999999999999
8f6acb0b-d161-4cf8-83a7-9cacdd4ed430,771.0,32.125,10946.373333333335,21417.541666666668,84.75,0.023619002761997937,0.003940364606922729,0.001321774483785046,0.5167637346258052,0.09072028559764213,0.001481532208813742,0.0,0.041550224178969024,24,16,0.6666666666666666,1,16419.56,12670.371875,2154.4700000000003,33.75125,0.0,1139.129998125
8f6d602c-5b5f-4d58-bd9b-b16ae040677b,246.0,10.25,399.60625,3254.7083333333335,3.0833333333333335,0.004784160171848875,0.0010905464478759416,0.016320870924189337,0.0,0.4583333333333333,0.0,0.0,0.0,24,11,0.4583333333333333,1,871.8681818181817,0.0,871.8681818181817,0.0,0.0,0.0
8f6f626a-6f60-444e-9334-cbae715c62de,347.0,14.458333333333334,890.5383333333333,5970.708333333333,15.958333333333334,0.005264126943537084,0.0033960481001332338,0.008776302683417407,0.047735067228344925,0.2327386563182059,0.041377018828183516,0.0,0.017388766834418853,24,10,0.4166666666666667,1,2137.2920000000004,447.908,997.543,154.682,0.0,68.576
8f8d129a-60cd-4fb0-8d40-336ab105d82b,1260.0,52.5,4897.370416666666,22267.5,66.625,0.013862846947197133,0.0032155532956569047,0.019486127433236484,0.4582661874098836,0.06600253010627967,0.08098507947067485,0.028136589810679652,0.03257267419644474,24,16,0.6666666666666666,1,7346.055624999999,6358.849375,77.969375,828.5543749999999,24.263125000000002,48.472500000000004
8f9869d3-84a0-49e0-9705-b7cf71d004d8,2240.0,93.33333333333333,5334.988334583334,30433.166666666668,19.333333333333332,0.010793088543524176,0.0006554355304482749,0.05260284315030766,0.0,0.16156346614760428,0.0,0.0,0.3519967831021416,24,15,0.625,1,8535.981335333334,0.0,122.124,0.0,0.0,5364.0053333333335
8fafcb79-7bf0-47f4-9b6f-9cfd1aa778d9,1246.0,51.916666666666664,14902.582083333333,30575.541666666668,95.54166666666667,0.012255716224832352,0.0032129275915930666,0.0015041886592237544,0.2546005739081028,0.14347988410699739,0.030943942020915927,0.0,0.12197056755992154,24,16,0.6666666666666666,1,22353.873125,8503.275000000001,4927.8543687500005,1191.41312375,0.0,4136.846275
8fc63a39-1d30-4042-82b9-c71a7d3e4f04,217.0,9.041666666666666,416.13041666666663,4455.083333333333,6.041666666666667,0.005384118057400617,0.001401429374976021,0.025425710074531756,0.03633980560001856,0.3333333333333333,0.04699352773331478,0.0,0.0,24,10,0.4166666666666667,1,998.713,87.724,880.927,30.062,0.0,0.0
8fd354a0-37c4-463a-b3ac-237d3589823c,1972.0,82.16666666666667,17483.83375,33715.333333333336,163.70833333333334,0.007358483757191687,0.004978753819717717,0.002153144110023442,0.3656190071655858,0.11530758915781651,0.05836615135144132,0.0,0.09375178787921885,24,16,0.6666666666666666,1,26225.750625,13828.788125,4798.6012625,2306.16375125,0.0,3913.6375
8fd634a5-5013-4e20-88db-8e5f82d8167d,145.0,6.041666666666667,564.7554166666667,3785.75,10.625,0.001790200444900121,0.0032741862551553167,0.0003158652098044584,0.0,0.0,0.051187483276754965,0.0,0.115214771790745,24,4,0.16666666666666666,1,3388.5325000000003,0.0,0.0,1081.5149999999999,0.0,2305.035
8fe39c70-b39f-4cd1-9dd8-d4a214f9acdd,536.0,22.333333333333332,1077.6541708333334,11817.708333333334,21.625,0.005960577275446355,0.0027859559083154837,0.07659107944611315,0.040565044642747884,0.1252876550279851,0.02366974952820515,0.0,0.011179586437251142,24,12,0.5,1,2155.308341666667,635.36,312.3708333333333,68.56583333333334,0.0,125.60166583333334
8feb4091-7d40-4aa4-9b3b-0c85e7e8e83b,993.0,41.375,2268.0004125,28160.5,116.20833333333333,0.010437301400346833,0.004361873509865479,0.018976099386948008,0.013934540417591262,0.4321812188461731,0.19792245690772017,0.0,0.006463640780907241,24,16,0.6666666666666666,1,3402.0006187500003,70.268125,2027.733125,1182.681875,0.0,17.412499375
8ff7187a-ca81-41a0-95d3-8c042c9852a2,148.0,6.166666666666667,864.3416666666667,4172.958333333333,9.541666666666666,0.017006576866952172,0.0019147930077014583,0.01904768019882856,0.3326977467612003,0.08333333333333333,0.008784473076296618,0.0041719295254474915,0.0,24,14,0.5833333333333334,1,1481.7285714285715,1099.4278571428572,15.526428571428571,73.52499999999999,34.339285714285715,0.0
9016df2b-d711-4245-84e2-9c1e928252ed,77.0,3.2083333333333335,139.27333333333334,449.7916666666667,2.2916666666666665,0.004993940348377817,0.006083498000894474,0.2885365628467608,0.0,0.1723523633991687,0.24431430326749795,0.0,0.0,24,10,0.4166666666666667,1,334.256,0.0,26.212,308.04400000000004,0.0,0.0
901b8b1e-3826-4f70-9609-9590e744c655,459.0,19.125,10992.503749999998,29044.916666666668,34.208333333333336,0.0006687980003011584,0.001220239802182746,0.0007504404812265709,0.2703736584022428,0.07061395539805039,0.11350698743888459,0.007377777398907545,0.2047942877483477,24,16,0.6666666666666666,1,16488.755624999998,6335.35435625,1663.995,2803.63563125,174.57875124999998,5511.191875
9051769f-0704-4d4b-94c6-d7a92b21a13d,871.0,36.291666666666664,6817.944166666668,19067.583333333332,91.08333333333333,0.015309891481458634,0.004756674837176767,0.0029723824683410543,0.46930718050019826,0.18984477812142786,0.006316512261934624,0.0,0.0005151952705297792,24,16,0.6666666666666666,1,10226.916250000002,7047.64375,3113.603125,40.2975,0.0,13.24625
905bdfbd-104b-4617-98c7-67ef5a84bcf8,383.0,15.958333333333334,3065.3691791666665,14763.5,26.666666666666668,0.008098732715897583,0.0018287209699337792,0.005064433229424817,0.19786622523139633,0.17668952675262437,0.015338433331592717,0.0,0.27582597586547936,24,16,0.6666666666666666,1,4598.05376875,1404.380009375,960.6425025,13.218125,0.0,2212.708125
905feb3d-e1cb-4015-b639-1f1156fa715d,1242.0,51.75,3677.9404166666664,17360.291666666668,71.95833333333333,0.012703372120129766,0.004275573777529659,0.008023566831930036,0.3156356873298565,0.027182135744940616,0.16398121154215892,0.0,0.1597348591164271,24,16,0.6666666666666666,1,5516.9106249999995,2329.54999375,174.198125,1642.6675000000002,0.0,1369.3331249999999
9079ffc9-935e-4a34-b17d-2dbfea0f9d4e,404.0,16.833333333333332,6910.784583333333,10121.958333333334,19.166666666666668,0.02169253834436166,0.00230180195520685,0.0011687582830326377,0.4341639176090073,0.06044164181861141,0.0721740400734815,0.0,0.017888113532616993,24,16,0.6666666666666666,1,10366.176875,6619.561874999999,987.542499375,1164.7187562499998,0.0,278.53437499999995
90896737-73c0-49cd-87ed-e7703d16cd3f,489.0,20.375,8034.782904166666,22318.916666666668,33.333333333333336,0.013630477536047287,0.0014693478197059541,0.0010790489722147583,0.201830387267364,0.14771566203229344,0.1132516720289849,0.0,0.20363285553179744,24,16,0.6666666666666666,1,12052.17435625,3443.67,2536.53375,1943.02186875,0.0,4124.44873125
9095580e-b72f-42e9-b78d-32b102821ba0,1555.0,64.79166666666667,13342.49004166667,40060.208333333336,92.25,0.01567688629917828,0.0022567021250034206,0.01250222340552602,0.3790993508280212,0.11596584098632227,0.024100900068565564,0.02019752129629854,0.11824313666856338,24,16,0.6666666666666666,1,20013.735062500004,12159.163125,3051.2543562500005,468.596248125,41.378125000000004,4016.50625
90aa4cb9-8a37-49b2-b02c-26432e4d584b,836.0,34.833333333333336,6131.189583333333,18714.041666666668,68.20833333333333,0.01052790965485966,0.003595282050279846,0.020550095568571024,0.37081062797523606,0.14091958148376849,0.003866857522625037,0.03328406656679096,0.08755162406755673,24,16,0.6666666666666666,1,9196.784375,5249.44375,1660.898125,41.10625,513.193125,1313.13625
90ba63af-ab1c-4e0c-bf97-ae57993c3e1d,303.0,12.625,148.24708333333334,8040.875,12.041666666666666,0.0034776742468147458,0.0015680063641607875,0.11942775383829014,0.0,0.2082705195460732,0.1245492155169315,0.0,0.0,24,8,0.3333333333333333,1,444.74125,0.0,377.67749999999995,66.40875,0.0,0.0
90c43dd5-e2cd-4989-bd8c-1ec0f7227d24,443.0,18.458333333333332,7266.227104166667,18357.833333333332,32.208333333333336,0.016922385867007977,0.0018762397655029874,0.008094654432680292,0.1359435084184216,0.19186699638028645,0.02294613655647561,0.0011711530785192793,0.07180064012083036,24,16,0.6666666666666666,1,10899.34065625,2538.4625,2351.813125,95.2243735,25.2125,1262.12750625
90cdfbb1-b2cd-42c5-9399-1048f80bd478,141.0,5.875,290.3237515,6995.375,4.583333333333333,0.0038191089034358455,0.001383880235161754,0.024573581039792472,0.24969752678544457,0.1253024714326913,0.0,0.0,0.0,24,9,0.375,1,774.1966706666667,761.7955551111112,12.401111111111112,0.0,0.0,0.0
90d96edc-8ace-4d1b-a890-b8713221bc98,56.0,2.3333333333333335,1504.7479208333334,8107.5,8.166666666666666,0.0,0.0011160143025839208,0.0005428000409229916,0.6648148148148149,0.0,0.0,0.0,0.0,24,16,0.6666666666666666,1,2257.12188125,2252.12188125,0.0,0.0,0.0,0.0
90e45c67-39f1-47ee-af19-db56105a5e4b,608.0,25.333333333333332,7722.593333333333,14370.833333333334,28.541666666666668,0.015372915067773834,0.0020639495160856666,0.001576837863478429,0.511383783250435,0.037636983581678995,0.019135958891348632,0.005361391984371175,0.0901502380285607,24,16,0.6666666666666666,1,11583.89,8668.979374999999,654.4025,368.38812375,77.04437375,1779.040006125
90ee861a-c6f3-47d8-9880-d14e774eb185,1148.0,47.833333333333336,2522.9083333333333,22709.333333333332,70.41666666666667,0.014709467620644295,0.003171112166411792,0.05654844242229953,0.5441161193620851,0.05170738714066434,0.012533449653397139,0.0,0.0,24,16,0.6666666666666666,1,3784.3625,3215.406875,308.22687506249997,61.875,0.0,0.0
90f29f91-bd30-4705-ba74-a9c8ecb67c52,743.0,30.958333333333332,1855.1258333333335,10836.666666666666,17.916666666666668,0.022875933393820398,0.0016550494433124792,0.019692745662221532,0.29505153149789054,0.09016527811531246,0.05499521150103898,0.0,0.18071130155782367,24,16,0.6666666666666666,1,2782.6887500000003,1102.930623125,558.6524999999999,175.76250000000002,0.0,757.7112501874999
90fa5cb5-0998-4df2-9895-357319fbf484,36.0,1.5,21.571250000000003,9475.75,1.5833333333333333,0.0019724136699003337,0.00022969780801306385,0.001454623657585229,0.0,0.16666666666666666,0.0,0.0,0.0,24,4,0.16666666666666666,1,129.4275,0.0,129.4275,0.0,0.0,0.0
910bffd0-482a-4b93-8b0e-e271edc974e3,535.0,22.291666666666668,5607.042479166666,9502.083333333334,13.583333333333334,0.026660457233318748,0.0016116652010991208,0.0021003600011200913,0.5533632310900155,0.019170772611419404,0.007460240354122546,0.003625086639549908,0.015761717746369832,24,16,0.6666666666666666,1,8410.56371875,6467.226874999999,393.0725,138.256875,85.333125,362.44687500000003
910c7db6-70ef-428a-9032-27704d46a7ea,543.0,22.625,4263.168333333334,9502.333333333334,48.833333333333336,0.013292359841745156,0.006465401219452241,0.00305949611716155,0.39046718917918843,0.19362849162734905,0.030797616881939424,0.0,0.051761264488396214,24,16,0.6666666666666666,1,6394.7525000000005,4009.775,1286.7268812500001,532.6875,0.0,565.375
9112cd42-8e83-49d3-aba7-fbbdb636550a,209.0,8.708333333333334,170.34666666666666,4136.0,4.583333333333333,0.001180748557677075,0.008953855557209976,2.001446170915228,0.0,0.07246656378600823,0.0,0.0,0.008528899493195003,24,4,0.16666666666666666,1,1022.08,0.0,13.825,0.0,0.0,206.0849925
91204bff-ed0f-400e-8671-733a5aa300d8,587.0,24.458333333333332,5173.999166666666,10261.041666666666,38.333333333333336,0.007227630563684538,0.0037267954517384004,0.0020188384812043166,0.5056957831050862,0.0646477373584753,0.000928174034566325,0.0,0.09428107285362126,24,16,0.6666666666666666,1,7760.998749999999,5914.1525,734.6850000000001,9.444375,0.0,1086.70750625
912347f6-37d4-4616-b7c2-dc2be3e416ef,525.0,21.875,3828.9612375,19748.041666666668,32.833333333333336,0.011230207808184053,0.00172475884056725,0.0031918813933040544,0.48902020115389,0.17041243147502372,0.004809249436780915,0.0,0.0,24,16,0.6666666666666666,1,5743.4418562500005,4158.1875,1498.09313125,71.54124999999999,0.0,0.0
9126d9bf-3e21-4e03-878e-cf3fa215597f,248.0,10.333333333333334,3154.346666666667,6683.666666666667,11.875,0.0005934923083282042,0.0018411272350190874,0.00147016261766495,0.4142722796607717,0.0658691782369872,0.017258244350584758,0.0,0.16922543009885538,24,16,0.6666666666666666,1,4731.52,3027.839375,450.34374875,118.851875,0.0,1134.150633125
9130a329-3f4c-4471-92ed-ba2c12fec6d0,847.0,35.291666666666664,1371.8020791666665,12957.083333333334,52.25,0.004805791995339945,0.004144583576899779,0.05752618286350183,0.20770461839484775,0.06323459018461665,0.0,0.0,0.3537680389683185,24,15,0.625,1,2194.883326666667,621.3620064666667,270.24466666666666,0.0,0.0,1302.4266666666665
914b424e-6681-4d2f-a141-22643520aaf0,266.0,11.083333333333334,1328.4500008333334,4337.541666666667,3.5833333333333335,0.005415690959945916,0.0008788863768762916,0.0066786310131626584,0.13816914703838942,0.16124725200304466,0.0,0.0,0.3456132139402432,24,16,0.6666666666666666,1,1992.6750012500002,528.3531243875,203.79312625,0.0,0.0,1181.6087499999999
914d39c3-0c28-4bd3-98a0-e88441d831f2,259.0,10.791666666666666,456.00375,2662.5416666666665,3.5833333333333335,0.001523819388322404,0.001313249304794921,0.19808426499529427,0.37385572554892393,0.08333333333333333,0.0,0.0,0.0,24,12,0.5,1,912.0075,890.8433333333334,18.249166666666667,0.0,0.0,0.0
919f27dd-c533-414f-b6cc-6d3b77a49586,981.0,40.875,1471.47,13584.625,23.25,0.005791449775039578,0.001692463067769404,0.026319564476130996,0.0,0.33291219409509853,0.03055679896548294,0.0,0.13542904839516998,24,12,0.5,1,2942.94,0.0,2014.8608416666666,16.383333333333333,0.0,903.8475
91e86738-f721-4b67-8b01-ec3145f1a31f,40.0,1.6666666666666667,22.055416666666662,361.9166666666667,0.5,0.0014078569636426543,0.0014200343716633584,0.0021623595740811043,0.0,0.16666666666666666,0.0,0.0,0.0,24,4,0.16666666666666666,1,132.33249999999998,0.0,132.33249999999998,0.0,0.0,0.0
91f15677-a21f-4c78-a62b-b9b3c7e06c43,222.0,9.25,1765.6920833333334,5384.291666666667,14.375,0.011389723886564255,0.0027035671566253794,0.009793854820426075,0.2595293906461527,0.23099418111049116,0.1080370381504756,0.023716772572754553,0.044389284186792666,24,16,0.6666666666666666,1,2648.538125,1422.0231250000002,820.706875,91.88125,17.044375,296.8825
92344884-0918-40e3-9f74-4cb23cabb3ea,2702.0,112.58333333333333,41250.667916666665,83378.25,234.04166666666666,0.00866972565552218,0.0028531199938582625,0.012928403786024388,0.2508678757849228,0.05895713259957186,0.05105264727382971,0.016181852050663748,0.1679291826816904,24,16,0.6666666666666666,1,61876.001875,31151.905,1819.8075,5917.971875000001,932.8525,19513.04875
92397b7c-94af-4e5d-aa55-92de4f42e4ea,682.0,28.416666666666668,3270.057083333333,13625.5,43.791666666666664,0.00905453682005022,0.0032414831116249457,0.3139323163455068,0.05569167131725301,0.03366963762177394,0.0006921344298793417,0.0,0.4384219644088292,24,14,0.5833333333333334,1,5605.812142857142,624.8514285714288,410.6992857142856,9.024286,0.0,4463.719999999999
923ae65f-8aeb-4e15-9706-5b595f390e42,32.0,1.3333333333333333,0.0,1315.25,2.625,0.0,0.002254393341158933,0.0,0.0,0.0,0.0,0.0,0.0,24,0,0.0,0,0.0,0.0,0.0,0.0,0.0,0.0
9241d812-fa8c-405c-a5aa-d1016e1945fa,466.0,19.416666666666668,2022.8237500000002,15730.875,22.333333333333332,0.005842946802144145,0.0014739151563314418,0.006140725414064521,0.33162776243882824,0.1683722375465463,0.0,0.0,0.0,24,12,0.5,1,4045.6474999999996,3270.375,775.2724998333333,0.0,0.0,0.0
92482cad-ebc8-41ee-bc24-75d128d49009,1328.0,55.333333333333336,6372.083333333333,23512.833333333332,43.083333333333336,0.008092593562793892,0.001852790904940575,0.0038376439130637214,0.29013454879028727,0.07908240004619695,0.0,0.0,0.28769692470816055,24,16,0.6666666666666666,1,9558.125,4025.4375,1178.74624375,0.0,0.0,4139.29625
92690ce2-db96-42cd-8ea2-077f3812c88b,67.0,2.7916666666666665,0.16333333333333333,1066.5833333333333,1.3333333333333333,0.0006410256410256376,0.00026088922224676666,0.10629251700680271,0.0,0.041666666666666664,0.0,0.0,0.0,24,1,0.041666666666666664,1,3.92,0.0,3.92,0.0,0.0,0.0
9276b099-0157-445e-a848-8069bc910601,475.0,19.791666666666668,688.5275058333333,18808.333333333332,19.875,0.003348715083336933,0.001052268958450454,0.08912514452155403,0.0,0.21032397540532613,0.0,0.0,0.0010316781209536458,24,14,0.5833333333333334,1,1180.3328671428571,0.0,125.00571428571429,0.0,0.0,2.6042857142857145
927f1a6d-beac-49bf-b59c-927a18895803,516.0,21.5,1708.1283333333333,3835.3333333333335,7.708333333333333,0.01951698807461452,0.00213158539552055,0.005984009871689542,0.4902436925271501,0.03965193101252146,0.026478041568934154,0.014417639537749443,0.012511425753884989,24,14,0.5833333333333334,1,2928.2200000000007,2625.0721428571424,113.16785714285713,84.80999928571428,83.31428714285714,21.72
9296c966-cb9e-4225-a387-15ace80351ae,1233.0,51.375,5960.35625,27500.041666666668,41.166666666666664,0.009492235160331203,0.0016142735648398334,0.0045145994539428,0.6495633642623503,0.014061694455277308,0.0,0.0,0.0,24,16,0.6666666666666666,1,8940.534375,8778.29375,119.230625,0.0,0.0,0.0
92ae6a29-0e86-4a07-b4bc-a1d1a6da2abc,614.0,25.583333333333332,4640.4974999999995,25455.583333333332,41.583333333333336,0.01861473927308331,0.0017687966934019084,1.6360207979465642,0.4872788139037756,0.006686786084557525,0.046979959366358535,0.0,0.0005393385071540875,24,14,0.5833333333333334,1,7955.138571428571,7225.271428571429,57.32357142857143,662.817855,0.0,7.727142857142858
92be9d81-ddd6-4dab-9603-0f02cd92cbec,771.0,32.125,1546.805,14117.0,24.5,0.00578941004083135,0.0019675877287623333,2.641339806730262,0.19737162976970313,0.21402505690302023,0.08818981778690814,0.0,0.0,24,14,0.5833333333333334,1,2651.6657142857143,1012.5,966.7649999999998,669.2142857142857,0.0,0.0
92dc304b-843f-4e9a-9872-27d47179b58f,175.0,7.291666666666667,1106.7804166666667,3488.0833333333335,9.791666666666666,0.01442249368604293,0.0027335484978366167,0.0030831901441791248,0.4775460962399965,0.14260827844924942,0.00256437742685225,0.0,0.0022812484783561377,24,15,0.625,1,1770.8486666666663,1311.6306666666667,443.878002,7.843999733333334,0.0,7.4959999999999996
92f4218f-044c-46cd-a342-34fa33a5e7d0,400.0,16.666666666666668,629.41125,8057.458333333333,14.375,0.005308237557040046,0.0017664222487037541,0.031215184876694318,0.024058141176168665,0.09990862569839794,0.4950016066112391,0.012605318831682833,0.0241527962240021,24,16,0.6666666666666666,1,944.116875,37.4975,78.0925,777.07999875,16.403125,26.326249999999998
935186e5-9b28-474d-90b3-717c789612dd,289.0,12.041666666666666,181.72291666666663,8783.625,12.0,0.005338112223103095,0.0013528083814357793,0.008902195913456496,0.0,0.2916666666666667,0.0,0.0,0.0,24,7,0.2916666666666667,1,623.05,0.0,623.05,0.0,0.0,0.0
937e5b5e-919f-474f-b51f-4852323f2d48,585.0,24.375,5152.224583333333,13755.833333333334,15.0,0.019022435347722896,0.0011786037723033585,0.0023006641950781208,0.5289349714314527,0.01205527849449848,0.11503270210721879,0.0,0.01029419287464668,24,16,0.6666666666666666,1,7728.336874999999,5812.781875000001,175.44374999375,1572.0881247500001,0.0,163.5625
9385fd17-b4ba-407e-8647-12f22b773204,1087.0,45.291666666666664,513.2266666249999,13633.875,34.208333333333336,0.004053190431655067,0.0027520177300437,0.19897603755778157,0.0,0.05367563005688227,0.3814515444112594,0.0,0.005257848088730442,24,12,0.5,1,1026.45333325,0.0,60.623333333333335,938.0474975000001,0.0,5.663333333333333
93a2ad97-321e-4b89-a58d-c697c5992f97,765.0,31.875,4351.822070833333,18269.708333333332,39.708333333333336,0.013175785917799226,0.0021653209727377875,0.0033261891767202498,0.31871512889763814,0.24789508631709248,0.07859312531209216,0.0,0.021315994492489457,24,16,0.6666666666666666,1,6527.73310625,2963.6062500000003,2600.4049999999997,764.9450012499999,0.0,197.07624875000002
93c030f3-7ae4-4a8a-8be9-0655aa5b4270,589.0,24.541666666666668,430.5441670833334,9594.625,51.458333333333336,0.008781751625484687,0.006557953976680758,1.392330380392784,0.0,0.2847250037304934,0.041666666666666664,0.0,0.0069416629361732166,24,12,0.5,1,861.0883341666668,0.0,825.7358333333333,12.015000833333334,0.0,5.892499999999999
93cff5c9-8026-4784-895b-fd165316c4e5,416.0,17.333333333333332,2356.5866666666666,10444.75,30.291666666666668,0.019863246362713614,0.002980243971855813,0.0035918855257058044,0.41560419684545913,0.009145887738428017,0.07558505975167741,0.0,0.16633152474179175,24,16,0.6666666666666666,1,3534.88,2042.0893812499999,40.7725,373.72062750000003,0.0,1078.2975
93f706fe-fd97-4811-9ea1-e32c2abdd709,310.0,12.916666666666666,670.8924958333334,6207.5,20.916666666666668,0.004310333331524879,0.0027601193173637083,6.577749494757825,0.0,0.3701683358546824,0.0,0.0,0.06950463544614498,24,12,0.5,1,1341.7849916666667,0.0,963.3091666666668,0.0,0.0,298.2575
9435a0ed-a35c-4ca3-b88a-a8ea590aae38,647.0,26.958333333333332,4216.185416666667,16382.791666666666,45.041666666666664,0.009729692180000466,0.0026250751732615715,0.04270183699209682,0.08216572687164966,0.33032542777796803,0.1312962983496485,0.0,0.07824729224812245,24,15,0.625,1,6745.8966666666665,1935.074,3541.2926666666667,500.67,0.0,766.5606666666666
945050a9-6a70-49b0-9d24-f1bbea786181,597.0,24.875,803.8716666666666,1511.5416666666667,7.5,0.0030190184801590415,0.005701552540348809,0.029698691613910047,0.0,0.20833333333333334,0.0,0.0,0.0013281690741396709,24,13,0.5416666666666666,1,1484.0707692307694,0.0,123.73692307692309,0.0,0.0,4.983846153846154
946fba30-9ed8-4e24-9696-ecc10bb5057d,3064.0,127.66666666666667,4510.811666666667,27362.041666666668,45.875,0.009539325640075863,0.004626141427891038,0.08347785108839252,0.0,0.3550264493548558,0.252952741808088,0.0,0.016413331660728996,24,15,0.625,1,7217.298666666668,0.0,2913.824,4193.51,0.0,98.40466666666666
94788360-c1ab-4bd5-aa8c-6772a2c04396,925.0,38.541666666666664,5858.990000000001,12381.625,26.291666666666668,0.016602663824382944,0.0020796141350709,0.003163857552629896,0.36078502328295015,0.09129639945297481,0.0011956755775691958,0.0,0.2131886801432167,24,16,0.6666666666666666,1,8788.485,4648.2725,1170.2675,13.96625,0.0,2952.653125
94997c13-8e7c-4db6-a1a1-65eea651ca39,1870.0,77.91666666666667,27750.142083333336,37604.75,218.125,0.01578780437881461,0.005852632741364039,0.0012901246836190792,0.4150179949450356,0.06319483616627707,0.01062891532931215,0.004691562480176372,0.1720551169522854,24,16,0.6666666666666666,1,41625.213125,25305.97625,3980.75063125,695.985625,286.64625,11283.555
94b1138d-e9d0-4d4d-92ea-bbcc4b1ddd58,128.0,5.333333333333333,2864.931666666667,5598.958333333333,15.375,0.00903644627029195,0.0015799187776405082,0.0068067286914429955,0.23744478762886576,0.016470817172487023,0.10781068546489958,0.04678260480954723,0.04666061718763322,24,12,0.5,1,5729.863333333334,3504.745833333334,377.6766666666667,275.99833325,601.0933333333334,937.3241666666667
94d80072-4e0b-4aa0-a64f-350900adb576,936.0,39.0,3415.64,13893.625,55.208333333333336,0.026415226078630175,0.004168816344699062,0.005737478578295875,0.573889323211011,0.07560200795119922,0.01707334916047558,0.0,0.0,24,16,0.6666666666666666,1,5123.46,4316.9574999999995,698.145625,107.591875,0.0,0.0
94ea697a-edd4-4d17-820b-2321118e9e35,236.0,9.833333333333334,1657.6779208333335,3555.2916666666665,6.583333333333333,0.010568003371306964,0.0019006702980991126,0.0026479493122090456,0.3792101643858237,0.10257228074404427,0.04796720305363311,0.0,0.13691701730539188,24,16,0.6666666666666666,1,2486.51688125,1350.94,483.95749999875,166.88812475,0.0,484.73124999999993
94f83263-c384-4565-983d-f5abd8a7cc9a,516.0,21.5,1609.8354166833333,18290.625,26.958333333333332,0.010863724776687728,0.0017639784321826165,0.1671453888530221,0.09968381251951604,0.25619813263119645,0.21182866278640733,0.0,0.0006996284961562541,24,15,0.625,1,2575.7366666933335,741.562,982.5886680000002,372.1286666933333,0.0,5.870666666666667
95040449-9585-408b-b765-62c7a881c4dd,1228.0,51.166666666666664,10905.15625,33220.041666666664,28.083333333333332,0.015379296394634293,0.0009103549816879124,0.01591324223275302,0.19478854414376268,0.12477546437196248,0.11309304472963437,0.0,0.08568754675114358,24,15,0.625,1,17448.25,7076.787999999999,3604.0940000000005,627.5333333333333,0.0,2104.403333333333
9516e0cf-f9e2-4582-93b2-765a07921291,315.0,13.125,618.5537541666666,6580.041666666667,12.0,0.0035796469045267,0.0018694816843666084,1.7104388587605286,0.0,0.04197065539459673,0.47220499295295504,0.0,0.025371273162254276,24,14,0.5833333333333334,1,1060.3778642857144,0.0,18.389285714285712,1034.1392857142857,0.0,6.423571428571429
951a33a6-c16a-4fd3-94af-d10dc35dadf2,956.0,39.833333333333336,7467.938333333333,14194.5,38.0,0.009514526814004904,0.0020851382203120167,0.01076426691797142,0.167083956979871,0.388886567700434,0.02190663749882885,0.007715945473635505,0.07439884124955057,24,16,0.6666666666666666,1,11201.9075,4425.05,3843.145625,718.5575,158.106875,1872.5937562499998
951f0517-7510-41bd-9a58-7622c9d23884,1086.0,45.25,2711.1108333333336,40640.458333333336,64.41666666666667,0.007462481115396096,0.0017836130123156373,0.03330353160211252,0.39020285671892435,0.1257085429324576,0.0,0.0,0.0671820866303199,24,14,0.5833333333333334,1,4647.618571428571,3927.399999999999,65.50571428571429,0.0,0.0,652.0471428571428
952f4198-97c0-492b-b0ad-5006a0eb9f37,598.0,24.916666666666668,873.0729175,12276.541666666666,19.583333333333332,0.0072941077789979375,0.0016807452759585,1.7179960526026221,0.0,0.2911876846402072,0.05266258799594598,0.01363835690132499,0.0,24,12,0.5,1,1746.145835,0.0,916.0925016666666,87.53083333333332,84.765,0.0
953fecda-3dab-4c4d-a12b-2f3e1822e982,961.0,40.041666666666664,3030.9254124999993,17187.583333333332,114.45833333333333,0.017908540890196382,0.006760678470062983,0.006601729009609039,0.14595303926688388,0.4606218116589442,0.052620832293237406,0.0,0.0022541319987249417,24,16,0.6666666666666666,1,4546.388118749999,962.386875,3175.21875,378.46875,0.0,11.809375
954263cf-23ca-41c9-a783-df55a8223378,863.0,35.958333333333336,352.47166666666664,40590.0,33.75,0.0018242965383553668,0.000898959650623,0.16865077658050387,0.0,0.057485386276724386,0.0028048107891061754,0.008442614398083062,0.007622606979510858,24,9,0.375,1,939.9244444444444,0.0,178.2311111111111,26.76111111111111,80.55222222222223,48.08111111111111
9596eb25-7b56-4755-b49a-7b92df32760d,1715.0,71.45833333333333,3674.0879170833337,42146.083333333336,144.08333333333334,0.009384427539797532,0.003518520604308121,0.023600328641003535,0.043973548510435743,0.2807299286385796,0.0063353479583495255,0.0001306044435662625,0.2913317394565485,24,15,0.625,1,5878.540667333334,195.2073333333333,2806.6420006666663,15.127999999999998,1.6286666666666667,2822.821993333333
95a5fadd-16b0-4427-9c2f-75ce3db8f680,1667.0,69.45833333333333,0.0,26437.458333333332,7.25,0.0,0.00035501003927220913,0.0,0.0,0.0,0.0,0.0,0.0,24,0,0.0,0,0.0,0.0,0.0,0.0,0.0,0.0
95a7e9d7-f0e8-4d58-a111-4c91ffbce8ae,1485.0,61.875,16727.219583333335,27867.0,53.416666666666664,0.01132280270573681,0.001965075361254375,0.0018126736253648,0.3980700720987922,0.15916122514276934,0.06341624344136687,0.0,0.010335212874459845,24,16,0.6666666666666666,1,25090.829375,14743.765,6118.01190625,2373.97,0.0,445.089375
95c9f519-4f43-4a67-99b6-cb39df91b163,223.0,9.291666666666666,201.64749583333335,2169.625,10.75,0.0028000645648261,0.005628517811551654,0.007791819706916049,0.0,0.2916666666666667,0.0,0.0,0.0,24,7,0.2916666666666667,1,691.3628428571429,0.0,691.3628428571429,0.0,0.0,0.0
95cbac0e-91d3-42c9-ba8b-fd2a764f67c0,1304.0,54.333333333333336,2146.6804166666666,22830.0,86.5,0.008318942992993855,0.004623251056712209,0.026554046703837292,0.2806480681549855,0.15877058720291928,0.0685883636584796,0.0015381449008013877,0.05943220878606379,24,15,0.625,1,3434.6886666666674,1755.808,530.3946666666666,388.82800000000003,11.504,378.59866666666665
95eeda35-475a-40a7-b170-fc5bf3b0a9b2,398.0,16.583333333333332,1828.3429208333334,7025.833333333333,11.458333333333334,0.0045290720246095465,0.0018727499670245082,0.0029784972938235667,0.06375860673111695,0.057071076282353,0.3341075512911704,0.001854702696177918,0.026708484538551718,24,13,0.5416666666666666,1,3375.4023153846147,575.7061538461538,596.0938461538461,1533.8776999999998,17.123076923076926,210.74153846153845
96728279-d927-4763-9cb5-59175473e088,439.0,18.291666666666668,1323.1312500000001,14594.625,41.708333333333336,0.0025083918372543414,0.0029285239025666995,0.007624061912237335,0.0,0.25715997313965105,0.012817242934344665,0.0,0.02168945127078417,24,7,0.2916666666666667,1,4536.45,0.0,4498.358572,19.814285714285713,0.0,18.277142857142856
967f52ed-4925-4b77-8e64-f6a367cec71b,481.0,20.041666666666668,1381.89125,14151.875,29.708333333333332,0.013518366573528265,0.002059661458715029,0.39670008329502454,0.3295918103051397,0.11203205518440244,0.097751336354493,0.0,0.0011788560828215125,24,14,0.5833333333333334,1,2368.9564285714287,1512.0014357142857,394.81714285714287,451.36,0.0,5.327142857142857
968fbe20-4cdb-4df0-8ae2-6e9ee3c006b2,569.0,23.708333333333332,1339.6975,7851.791666666667,28.5,0.002248120078839371,0.004289204594669321,0.0028422916521488543,0.0,0.0,0.023797603555447855,0.08333333333333333,0.1428690631112188,24,6,0.25,1,5358.79,0.0,0.0,808.9583333333334,271.9883333333333,4277.843333333333
9699dc82-4744-46a3-adb4-0dd0fefce0f6,850.0,35.416666666666664,5078.6616791666665,17556.583333333332,19.0,0.00872439609864037,0.00109061266907665,0.003119148934068979,0.23001044595732223,0.10368634316924046,0.18060883849051215,0.0,0.1522279229757054,24,16,0.6666666666666666,1,7617.99251875,2583.3693749999998,1093.1087431249998,2160.15499375,0.0,1779.625
96b3eb16-29c2-4212-8607-cca643c91cd0,161.0,6.708333333333333,395.3958375,3288.2083333333335,6.625,0.005602502656751188,0.0020134540819572336,0.021333757567171475,0.33252887172027695,0.08022976614416626,0.027439666982822214,0.0,0.018135028479952346,24,11,0.4583333333333333,1,862.6818272727273,792.9127363636363,38.310909081818174,20.83,0.0,10.628181818181817
96cfc4c2-9ea9-4d12-a457-b3778a38982e,610.0,25.416666666666668,1537.71749875,12805.416666666666,20.25,0.006188456759601246,0.0016818222358433333,0.21914582766487786,0.0,0.410166412397376,0.0,0.0,0.0,24,13,0.5416666666666666,1,2838.8630746153844,0.0,2777.9769207692307,0.0,0.0,0.0
96dae500-8ca3-4faf-8ed5-3094563d5815,772.0,32.166666666666664,4658.531666666667,13141.125,43.083333333333336,0.015092312133681361,0.003005110853916963,0.003814410075339796,0.23693404420672928,0.20133437061824344,0.003137825738949225,0.0020473165790478765,0.22267203694379645,24,16,0.6666666666666666,1,6987.7975,2401.14313125,2283.128751875,32.97312475,20.243750000000002,2243.4418812500003
96e6442f-a937-4cb9-85bc-3171974998ad,225.0,9.375,385.96625,4438.583333333333,11.333333333333334,0.0051906117991530375,0.0025646658892457042,0.011339846081484353,0.3721716081897517,0.08616172681189434,0.0,0.0,0.0,24,11,0.4583333333333333,1,842.1081818181818,822.9327300000001,19.175454545454542,0.0,0.0,0.0
9705b9ac-0312-4110-a0ac-4d4a51bc0cca,1639.0,68.29166666666667,7336.35125,27818.25,62.583333333333336,0.010377543585171753,0.002394891325182671,0.004919706497365892,0.28513340241160345,0.1533626665632553,0.06636890836134511,0.0,0.1616048632038253,24,16,0.6666666666666666,1,11004.526875,5990.846875,2107.81498125,668.77062375,0.0,2231.24625
970718ed-ee25-4fee-b2de-16485ee46a0e,68.0,2.8333333333333335,0.0,1503.6666666666667,3.7916666666666665,0.0,0.0006425483398374333,0.0,0.0,0.0,0.0,0.0,0.0,24,0,0.0,0,0.0,0.0,0.0,0.0,0.0,0.0
9709547f-e940-4618-b07e-8fe3cfce2c78,145.0,6.041666666666667,72.45583333333333,737.5833333333334,4.541666666666667,0.0005850910688180625,0.006554189848756896,0.0004225376204965542,0.0,0.08333333333333333,0.0,0.0,0.0,24,2,0.08333333333333333,1,869.47,0.0,869.47,0.0,0.0,0.0
9732a72d-1c5f-462d-b46b-1606988205b2,29.0,1.2083333333333333,24.845416666666665,588.5416666666666,0.75,0.001122780740053496,0.00062326181804475,0.49376194768878157,0.024634402705419983,0.041666666666666664,0.10036559729458001,0.0,0.0,24,4,0.16666666666666666,1,149.0725,53.905,23.3675,71.8,0.0,0.0
974382c4-dcd6-4365-b646-c16821b3c73d,349.0,14.541666666666666,2528.188754166667,10080.541666666666,30.625,0.019235890250949454,0.0030496192012681327,0.0033182035956253794,0.15794401365404473,0.1435896089795263,0.05167573114158628,0.0,0.10112598911198718,24,16,0.6666666666666666,1,3792.28313125,675.55,748.77499375,437.3737500000001,0.0,490.61562687500003
978f3f05-30c2-4580-8eed-bed5fe41b608,445.0,18.541666666666668,4188.405,13730.25,19.0,0.002011519892096825,0.0014084992106086248,0.0021460717243355376,0.49463309053583576,0.004733643333913775,0.029861825754090177,0.0016521768982205637,0.13511654569104084,24,16,0.6666666666666666,1,6282.6075,4721.45376875,40.51,270.89812625,15.120625,1228.0024999999998
97c69bd5-ee12-4371-aaa7-9120e94d810c,589.0,24.541666666666668,8716.32625,27282.541666666668,36.291666666666664,0.009935171184198129,0.0013559906055258459,0.001615189300994029,0.4021231857990479,0.13461944918524052,0.001863118978195775,0.00045840320344003746,0.12234984971693706,24,16,0.6666666666666666,1,13074.489375,6483.81751875,4289.243125,51.825625,20.335,2072.814375
97dc25b4-420e-4d52-99db-68cf2d47b692,29.0,1.2083333333333333,0.0,790.7916666666666,1.0416666666666667,0.0,0.000159656924205225,0.0,0.0,0.0,0.0,0.0,0.0,24,0,0.0,0,0.0,0.0,0.0,0.0,0.0,0.0
97e4627a-6c71-4494-a6b2-10707efee51b,499.0,20.791666666666668,3962.96625,11677.333333333334,31.541666666666668,0.01729410709571087,0.0027899215150381297,0.0024455316633543167,0.41280126257757005,0.1622181320329937,0.0018424310917448167,0.005035201706802041,0.08311954262662659,24,16,0.6666666666666666,1,5944.449375,3745.3249875,1391.346875,17.73812496875,44.56125,732.4568749999999
97e63047-14b7-4742-bb04-8948fc161aed,17.0,0.7083333333333334,0.0,102.29166666666667,0.08333333333333333,0.0,3.3944331296670834e-05,0.0,0.0,0.0,0.0,0.0,0.0,24,0,0.0,0,0.0,0.0,0.0,0.0,0.0,0.0
97f912b5-dd70-45a5-a94d-a046e950345a,96.0,4.0,2097.88375,5835.958333333333,11.583333333333334,0.020883092490655994,0.002611698142208217,0.0013397645393715876,0.3815397918037897,0.0,0.027771219352895355,0.0,0.2573556546129076,24,16,0.6666666666666666,1,3146.825625,1372.364375,0.0,273.57,0.0,1500.89124375
980b11d0-8551-4950-b25d-cbd2aa9d03bb,1154.0,48.083333333333336,5418.367916666667,25959.791666666668,24.708333333333332,0.013085259303152989,0.0010323199921672044,0.004679782642893066,0.3255289660510357,0.18549858093441843,0.03774388795950303,0.0,0.11756893461705231,24,16,0.6666666666666666,1,8127.551875,3415.193125,2570.7750125000002,482.35437500000006,0.0,1655.01312475
982f5178-968d-44f2-a0dc-23194e0fa841,191.0,7.958333333333333,365.3158333333334,4533.208333333333,4.541666666666667,0.0035778205884164417,0.0010551313248575876,0.27756377649509495,0.2916666666666667,0.13350678887532194,0.09325095059536335,0.0,0.0015643340090444333,24,14,0.5833333333333334,1,626.2557142857142,557.2914285714286,32.27571429285714,35.8,0.0,0.5921428571428571
9860bfb3-0177-4607-abcb-4f3fe80802f0,572.0,23.833333333333332,1878.5475,2456.1666666666665,29.75,0.007439273477076093,0.014157858380602259,0.016487420254413545,0.4424207893794138,0.11770981966015658,0.03432644075695696,0.0,0.028069742257603197,24,15,0.625,1,3005.676,2571.3566733333337,236.40599999999998,14.927333333333333,0.0,170.9993333333333
9866a73d-96b9-4c38-9c27-7786395336af,686.0,28.583333333333332,593.8912502083333,14899.458333333334,53.291666666666664,0.003239825100807329,0.0037608589914972083,0.15732108851598225,0.0,0.16787753209380718,0.24325112732259888,0.0,0.0,24,14,0.5833333333333334,1,1018.0992860714284,0.0,146.81071464285716,336.2371428571428,0.0,0.0
987f9f8c-02b8-41a0-ad2d-429cffbcbccc,527.0,21.958333333333332,3959.8270833333336,12902.125,67.33333333333333,0.019983801402029332,0.005571788957956833,0.0031107229901751374,0.2457111960866838,0.07936946366265414,0.0,0.0,0.11253397748239412,24,16,0.6666666666666666,1,5939.740625,2047.535625,758.08875,0.0,0.0,1378.77061875
98be23d3-90ef-4d3c-8231-bc1d60e84d3d,1244.0,51.833333333333336,7544.293750000001,16530.583333333332,37.166666666666664,0.01850244149464501,0.0024024218866479,0.0028691296142869544,0.4846560481669367,0.010343921809175325,0.056824123073324496,0.0,0.10053136611835874,24,16,0.6666666666666666,1,11316.440625000001,7944.04125,153.0425,1121.83625,0.0,1854.915
98d053f9-8a4e-4c45-9f9f-dca6a6f8cf77,808.0,33.666666666666664,9410.955416666666,43116.0,42.75,0.007931112487230592,0.0010640511346386708,0.0018330890898288707,0.20769493693436591,0.09676998139976878,0.11728336436593069,0.0,0.24438583902363797,24,16,0.6666666666666666,1,14116.433125,4030.4725,1869.3281312499998,2841.155625,0.0,5362.61625
98f3eee4-017d-420d-9c35-efe036003d31,775.0,32.291666666666664,459.78333333333336,11266.25,17.208333333333332,0.0034093241616180918,0.0015712484848299998,3.7449217093187177,0.0,0.3333333333333333,0.0,0.0,0.0,24,10,0.4166666666666667,1,1103.48,0.0,1103.134,0.0,0.0,0.0
98fac45c-a131-4cf2-a7e7-d1d0e37c3387,310.0,12.916666666666666,719.8266654208334,5253.666666666667,14.5,0.008866870518177047,0.002831810448060083,0.17261606950480535,0.1702609063338999,0.18787235174353947,0.08793503099379042,0.0,0.008680810884241092,24,13,0.5416666666666666,1,1328.9107669307691,485.2930769230769,294.1146184615385,459.5353846153846,0.0,68.35461538461539
98fbe87c-84f5-4bce-b102-3a140516c463,332.0,13.833333333333334,3169.532916666667,8224.625,26.375,0.008841307420973284,0.0032025276785267293,0.007122175771822038,0.3456129750083578,0.05761803481739087,0.0,0.0,0.04190473085044466,24,13,0.5416666666666666,1,5851.445384615386,4212.078461538462,745.2361538461539,0.0,0.0,524.2807707692308
9906aec4-c377-4f62-9eee-7fa8571cd916,284.0,11.833333333333334,2773.919583333334,9496.166666666666,65.625,0.00628813173864802,0.004852153648954237,0.3424119913427763,0.08566883277620196,0.22823869740149205,0.0,0.0,0.015083305424852011,24,13,0.5416666666666666,1,5121.082307692308,1831.5284384615381,1164.6615384615384,0.0,0.0,536.1707692307693
9940493d-fcac-4bde-97d0-75e8c7cea32b,341.0,14.208333333333334,3211.0424875000003,5076.875,6.375,0.013845695684304132,0.001808561969867196,0.0020912860933501374,0.2609015706044478,0.17242469474194058,0.07281105084965996,0.0,0.16051791627457723,24,16,0.6666666666666666,1,4816.56373125,1822.73625,1229.9381250000001,521.2293768750001,0.0,1242.571875
99516f25-9475-4cc6-bba6-0abc0cc122d5,165.0,6.875,148.16916666666665,4377.958333333333,10.833333333333334,0.0042984242882468165,0.002652996192940129,0.013109074983027975,0.0,0.25,0.0,0.0,0.0,24,6,0.25,1,592.6766666666667,0.0,592.6766666666667,0.0,0.0,0.0
995bc6f8-bda0-4879-9538-c91444f0d306,1745.0,72.70833333333333,15013.232875000002,61555.333333333336,104.16666666666667,0.015188897040554046,0.0017862769389343544,0.002383039047217325,0.6075744229666152,0.013870393292465389,0.0025682072414499545,0.0014261684465215897,0.037879294024552,24,16,0.6666666666666666,1,22519.849312500002,19627.321875,708.7706275,80.51125,65.974375,1879.3125
99614957-0bd9-4736-be9f-e7788c14b022,608.0,25.333333333333332,6748.208333333333,21839.75,37.583333333333336,0.011340090807148089,0.0019119879218192125,0.24585001785701277,0.4479468732420813,0.021989628858538893,0.018729318262930936,0.0012211219927791377,0.13482523376969266,24,16,0.6666666666666666,1,10122.3125,7176.1587500000005,493.10875,292.266875,21.503125,2134.080625
99cd6047-7bbf-4a47-ae49-854aacda2572,1058.0,44.083333333333336,10107.321666666667,19716.625,35.666666666666664,0.01259399145655927,0.0018235722709716417,0.002155351924722017,0.3357632854378713,0.16840328461291895,0.03175983201662633,0.0003536482522934412,0.04256566582569421,24,16,0.6666666666666666,1,15160.9825,7493.495,3956.90873125,760.450625,9.669375,892.0818749999999
99f153bd-9f17-4c8e-a6f4-a6a564b0f71f,83.0,3.4583333333333335,66.14708333333333,1669.625,4.583333333333333,0.004513765940967875,0.002833789379501375,0.012194672188144089,0.0,0.25,0.0,0.0,0.0,24,6,0.25,1,264.5883333333333,0.0,264.5883333333333,0.0,0.0,0.0
9a00af92-cf82-4a42-8cde-b7e10e653c68,183.0,7.625,1117.5579125,2721.2916666666665,4.5,0.009005014032856832,0.0016975979395709793,0.003027492926719592,0.3636440950734165,0.1150773028884272,0.1879452711630493,0.0,0.0,24,16,0.6666666666666666,1,1676.33686875,849.913748125,384.36624812499997,442.05687625,0.0,0.0
9a05ed64-5534-42fb-8353-1477012b4282,443.0,18.458333333333332,7830.279166666667,23017.166666666668,50.041666666666664,0.013310979465951151,0.0022380106673666957,0.001965483188848625,0.4573383664760544,0.1571758696912208,0.004237991837014592,0.0,0.047453678908605856,24,16,0.6666666666666666,1,11745.41875,9005.0975,1996.379975,84.8899989375,0.0,650.8000000625
9a091f9c-1ec0-48af-b3cb-728a73118c5f,527.0,21.958333333333332,738.3633333333333,5691.833333333333,13.666666666666666,0.0033561281039505334,0.003600573877412717,0.03958811830444212,0.0,0.19396830178488803,0.3548024544573531,0.0,0.0038185942485239707,24,14,0.5833333333333334,1,1265.7657142857145,0.0,747.0592857142857,333.7007157142857,0.0,2.0585714285714287
9a314128-4ffd-47c7-bb88-cf67ba19bba8,96.0,4.0,43.1966666625,258.375,1.5416666666666667,0.0033217051918831004,0.006046648035204674,0.18673176255674995,0.041666666666666664,0.16666666666666666,0.0,0.0,0.0,24,5,0.20833333333333334,1,207.34399997999998,194.56,12.78399998,0.0,0.0,0.0
9a711445-9022-4541-9a65-67331b1efadb,503.0,20.958333333333332,6304.075416666667,25898.0,33.916666666666664,0.01344833728151805,0.0014403180498181916,0.023220368356175428,0.2696299804033963,0.18952386286100167,0.014936720719988356,0.006384431280856559,0.1311639475504246,24,16,0.6666666666666666,1,9456.113125,5303.2162499999995,1019.65062625,41.6575,94.48125,2532.535
9a77c4e9-fd64-4d7b-b543-3446ff441d30,639.0,26.625,4048.8745833333337,17253.791666666668,60.625,0.017014656124535843,0.0038408373050783915,0.003252857684318521,0.6099746486775851,0.015643401248499937,0.0024922620143306125,0.01290998502508641,0.011053752748473686,24,16,0.6666666666666666,1,6073.311875,5458.155000000001,107.18625,14.6225,197.28375,82.269375
9a8a0abb-5e39-406e-b808-8d8c719b69c0,1019.0,42.458333333333336,7046.927500000001,20193.708333333332,32.458333333333336,0.01298396662024486,0.0016191891735098168,0.0025180298520910294,0.37724816691014773,0.044596456987568665,0.040033781484769444,0.0,0.20406684108360387,24,16,0.6666666666666666,1,10570.39125,5851.7325,772.2906250000001,717.94625,0.0,3215.33375
9a8ad12e-9e05-48e6-88cf-8fc37c0d00c7,115.0,4.791666666666667,171.25916666666663,1337.6666666666667,1.9583333333333333,0.0039014884751386336,0.0014200924309387833,0.012691289889936933,0.0,0.3333333333333333,0.0,0.0,0.0,24,8,0.3333333333333333,1,513.7775,0.0,513.7775,0.0,0.0,0.0
9a8c71d0-d3e6-41a3-b8e3-49071f293984,57.0,2.375,0.0,1022.625,0.3333333333333333,0.0,0.0005397701231390583,0.0,0.0,0.0,0.0,0.0,0.0,24,0,0.0,0,0.0,0.0,0.0,0.0,0.0,0.0
9aa4f4bb-c49a-4bd8-ac55-c1212be78f0b,718.0,29.916666666666668,1915.3058404166668,23871.791666666668,45.625,0.006620544968323289,0.0020331254781168918,0.02419587850760167,0.49560569001665694,0.168066946624845,8.728136019271667e-05,0.0,0.0,24,16,0.6666666666666666,1,2872.958760625,2732.8037562500003,121.328123125,0.9375,0.0,0.0
9ae5839d-c667-4ac9-86dd-2755f3426fbb,1838.0,76.58333333333333,1481.5754154166668,37874.0,148.04166666666666,0.0070268872719757595,0.006344887154710321,191.69324476447505,0.0,0.16185022606793717,0.11165158648515312,0.012401899730447481,0.23202557882654315,24,13,0.5416666666666666,1,2735.216151538462,0.0,1151.1707692307693,140.3476923076923,86.27615384615385,1325.94844
9aefa958-c850-4aeb-b432-d3cce8d9115e,706.0,29.416666666666668,625.6516666666666,9552.041666666666,42.291666666666664,0.009112326076357051,0.12951461406064255,0.4345672267996119,0.0,0.34295033018469995,0.14658246728948968,0.0,0.021627621292601342,24,13,0.5416666666666666,1,1155.049230769231,0.0,997.3915384615385,110.83692307692309,0.0,36.918461538461536
9afb91b2-a2e4-4b77-bd10-09862267aab3,567.0,23.625,770.2370816666667,25756.541666666668,35.333333333333336,0.0031122055338103373,0.0015711102569957124,0.2664237298121165,0.041666666666666664,0.1964194849414871,0.02759386477277756,0.0,0.21688403753949936,24,14,0.5833333333333334,1,1320.4064257142857,71.38571142857143,492.92357142857145,14.25357142857143,0.0,684.2578571428572
9b04216e-a894-41c9-a22e-28719e81fbf6,231.0,9.625,308.00458333333336,5283.958333333333,13.666666666666666,0.00354083153755148,0.0024301344495816623,0.02544207867361285,0.08159868949374889,0.22567849470054394,0.0186646848367116,0.0,0.005656820462744458,24,12,0.5,1,616.0091666666668,240.41333333333333,113.33749999999999,19.024166666666666,0.0,6.951666666666667
9b07280c-6bb1-47b8-b1a9-fa2ce825ba33,137.0,5.708333333333333,58.16,745.25,2.625,0.0032062147965252834,0.003763905928310883,0.027191073508747634,0.0,0.22976165291587336,0.06190501375079332,0.0,0.0,24,7,0.2916666666666667,1,199.40571428571428,0.0,169.90142857142857,29.504285714285714,0.0,0.0
9b0f44c1-c66d-4fa3-8b2e-44bf32f48f6c,890.0,37.083333333333336,3159.982917916667,14014.041666666666,32.666666666666664,0.009247424072909497,0.0028548647671447712,0.01988613154262887,0.2159289227397878,0.29245464024717593,0.020681391509761105,0.0,0.019086221498773374,24,14,0.5833333333333334,1,5417.113573571429,2853.4900000000002,1328.5857449999999,258.64785714285716,0.0,281.09000014285715
9b11bd80-3f78-440e-93e3-c52189a50bdc,983.0,40.958333333333336,3753.0820833333332,14546.5,49.541666666666664,0.013498040153524576,0.0035055783354458418,0.0057807786646954665,0.22741715419881994,0.1531404431615794,0.031210778490302443,0.0,0.12339849558988562,24,16,0.6666666666666666,1,5629.623125,1550.59813125,1323.28375625,376.22375,0.0,1043.689375
9b3056a8-8c55-45a6-9e9e-b3eff556dcff,1608.0,67.0,21731.50425,32247.708333333332,62.25,0.016633846115401044,0.0020342367248467,0.0014177806788180376,0.3880805540098657,0.10928468879615605,0.01911727601690364,0.0016631725933496082,0.11246599170443879,24,16,0.6666666666666666,1,32597.256375,18348.211875,5762.863125,911.531248625,52.7525,5566.20314375
9b3230c6-793e-4df1-81a7-643af3bab55f,946.0,39.416666666666664,5499.861645833334,21241.833333333332,44.166666666666664,0.007845262783837778,0.0021244112331507874,0.0035223489675307667,0.25154236479725484,0.0827104976723205,0.150217819381673,0.0,0.0760616416122507,24,16,0.6666666666666666,1,8249.79246875,2872.68500625,990.8931249999999,1994.1468624999998,0.0,1098.94375
9b39fe86-4169-4b38-9f47-22dda99c4fb5,250.0,10.416666666666666,2655.52,5304.958333333333,9.25,0.015952728419224047,0.0026267418407459123,0.007781204392865888,0.5093646847513095,0.04632641272600275,0.01043524158247132,0.0,0.10054032824289888,24,16,0.6666666666666666,1,3983.2799999999997,3060.454375,196.943125,70.049375,0.0,655.8331312500001
9b7d0eac-6d90-4ae5-a5d4-47e4bd4a4ddd,181.0,7.541666666666667,2494.7933333333335,6256.708333333333,7.541666666666667,0.003223420685180742,0.0014386169842478206,0.0017209979743380498,0.4972471339881314,0.0006443621868235084,0.0016296522041918083,0.0,0.0004788516208532833,24,12,0.5,1,4989.586666666667,4960.701666666667,6.701666666666667,17.753333333333334,0.0,4.43
9b90d671-1059-440b-94d5-9449821e2f4c,153.0,6.375,403.2816666666666,13255.125,10.708333333333334,0.005644233384529826,0.0008300617871837499,0.009236834193917024,0.06851795486428273,0.17124420709168964,0.15279916521457226,0.0,0.024105339914740856,24,10,0.4166666666666667,1,967.876,490.953,271.345003,195.26399999999998,0.0,10.314
9b9791d6-efa2-4496-87b7-08b0a6cf4b43,1395.0,58.125,844.7558291666668,25895.416666666668,52.958333333333336,0.006592400906855663,0.0020038107755046748,1.5003415695176912,0.0,0.16389014927098658,0.10260167465497409,0.0,0.0969112338608132,24,14,0.5833333333333334,1,1448.1528500000002,0.0,310.29785714285714,337.73214285714283,0.0,515.1321357142857
9ba4e2ca-cbd7-40c6-9ac6-612624c012d0,1874.0,78.08333333333333,15423.759583333333,53493.583333333336,136.66666666666666,0.012172583839268662,0.0023780668567078794,0.007132183705222617,0.23944334550194757,0.1821941532403082,0.0630995949574729,0.010329103930540576,0.01306111023218593,24,16,0.6666666666666666,1,23135.639375,12255.145627500002,6238.894375,1048.4287525,510.30687500000005,764.196875
9bc9fa6d-ec49-4292-8666-cd75d090baab,362.0,15.083333333333334,4995.897916666666,7497.041666666667,19.041666666666668,0.011134024485407679,0.002533439180166792,0.0014029510378477958,0.405968583987706,0.1159046362009981,0.0,0.0,0.14479344460414245,24,16,0.6666666666666666,1,7493.846874999999,4422.8012312500005,1365.1287499999999,0.0,0.0,1705.91686875
9bf74da6-6e38-4c71-9ebd-5e90195f2e13,145.0,6.041666666666667,97.02833333333335,2689.5833333333335,5.291666666666667,0.0034829897950480917,0.002064564527110817,0.007693182588934345,0.0,0.25,0.0,0.0,0.0,24,6,0.25,1,388.1133333333333,0.0,388.1133333333333,0.0,0.0,0.0
9c2fc107-ae34-441a-9a1c-390e23bfcce9,328.0,13.666666666666666,1945.4591666666665,7821.041666666667,21.0,0.005770952190241579,0.0022457497350543997,0.42215874061597186,0.3761306824232546,0.10581972710984873,0.016229294356598627,0.02687019206249233,0.012799701765032354,24,14,0.5833333333333334,1,3335.0728571428567,3064.009292857143,66.85928571428572,58.72571428571428,49.449999999999996,94.625
9c3cd9a9-901a-421a-a1cc-218ce8530877,264.0,11.0,2066.56375,6134.541666666667,9.458333333333334,0.01394937124971309,0.001557762238165725,0.0022455096436120835,0.3916534074146272,0.23201372105297513,0.04130084055806775,0.0,0.00137472787098185,24,16,0.6666666666666666,1,3099.845625,1762.29938125,1141.106873125,188.52687500000002,0.0,6.223125
9c6004a4-aa6d-4e70-ae21-6e847c59aeba,2526.0,105.25,4882.480416666666,41471.666666666664,160.375,0.007582613183203467,0.0041190756609781705,0.032331231898681735,0.05198899758684977,0.4961707821773314,0.05110346614557745,0.016654415571463136,0.037267222357432996,24,16,0.6666666666666666,1,7323.720625,453.866875,6553.106875625001,73.22,18.349375000000002,67.31625
9c6081a3-84df-484a-a3b2-9ce67de72bb9,2441.0,101.70833333333333,15912.727458333335,44461.708333333336,170.5,0.013134786662047098,0.003931886629789158,0.0031901842826421206,0.1591086990176898,0.2915125563820791,0.028013104478821608,0.0,0.0019324841914018624,24,16,0.6666666666666666,1,23869.091187500002,5301.325,10880.931250000001,903.155,0.0,44.612500000000004
9c70c90d-1754-4deb-b4b6-722ed6c33ea7,5.0,0.20833333333333334,334.02458333333334,1447.875,0.16666666666666666,0.0011263208098622958,4.9866166603768575e-05,7.534383839949166e-05,0.04509564616939898,0.023268327660139188,0.0,0.009605289432288904,0.04703073673817291,24,3,0.125,1,2672.1966666666667,919.85,500.3333333333333,0.0,207.1833333333333,1044.83
9c8daed8-ce66-4fe2-991f-b4796165deb6,107.0,4.458333333333333,1909.6341666666667,3648.7083333333335,4.25,0.015743632175786275,0.0011874431691718333,0.001053959784232746,0.46059073812853374,0.10636502974401037,0.0997108987941225,0.0,0.0,24,16,0.6666666666666666,1,2864.45125,1974.0649999999998,455.81937500000004,434.566875,0.0,0.0
9c9195d2-60d9-4558-a896-1dd46aac3bbe,72.0,3.0,99.34375,489.125,2.0416666666666665,0.0021008819387734836,0.0043359111138966625,0.0027721455652045964,0.0,0.20833333333333334,0.0,0.0,0.0,24,5,0.20833333333333334,1,476.8500000000001,0.0,476.8500000000001,0.0,0.0,0.0
9caa69f6-4dea-47ab-bb0d-e2779d58d9e9,115.0,4.791666666666667,2377.307083333333,3031.75,2.8333333333333335,0.005416662263071584,0.00019115467284350833,0.0004151058705729501,0.10556898889364308,0.08600106160963235,0.0,0.0,0.01676328283005789,24,5,0.20833333333333334,1,11411.073999999999,5663.464000000001,4809.3679999999995,0.0,0.0,938.2420000000002
9cb19527-ba5f-4637-929f-4907257fa7f6,96.0,4.0,1197.9025,2862.2083333333335,8.416666666666666,0.009517754667245712,0.0031927097271144626,0.0014421504812884168,0.37763956487599265,0.05411091648225841,0.23491618530841563,0.0,0.0,24,16,0.6666666666666666,1,1796.8537499999998,994.5231249999999,181.684375,620.64625,0.0,0.0
9cb5d201-ca94-4b84-8c96-5c3bc10cfda6,822.0,34.25,1896.3999999999999,13448.5,20.166666666666668,0.0053197804786868615,0.0015191430289011167,0.009014900216942004,0.3264428059366844,0.31141484758452703,0.024967253951084553,0.0,0.0019092886513063583,24,16,0.6666666666666666,1,2844.6,1349.71875,1347.705625,131.168125,0.0,8.325625
9cc751ef-e103-4f7e-96cf-bc4bb85f9f20,551.0,22.958333333333332,2058.750833333333,14313.541666666666,19.166666666666668,0.0111343618526935,0.0013563730761094461,0.007483011733065704,0.33943256895747753,0.061652199077999875,0.171531637031645,0.0,0.010084805653710246,24,14,0.5833333333333334,1,3529.2871428571425,2573.1521428571427,130.01642857142858,816.8371428571428,0.0,6.115714285714286
9cd84222-0459-43e4-b47f-1825b7031d37,101.0,4.208333333333333,553.3829166249999,9644.666666666666,15.958333333333334,0.0023463970483882375,0.0017335202283480955,0.021270884602407822,0.0,0.25,0.0,0.0,0.0,24,6,0.25,1,2213.5316664999996,0.0,2213.5316664999996,0.0,0.0,0.0
9ce2d5f0-6010-4e42-9f3e-80d4012d3137,508.0,21.166666666666668,1196.0429166666665,15777.958333333334,17.625,0.004718849820951876,0.0011156548666392877,0.24794478558868463,0.09446141690822042,0.08403965736443669,0.27957046948658726,0.0,0.0,24,12,0.5,1,2392.085833333333,900.0,31.627499983333337,1458.466666666667,0.0,0.0
9ced3303-9622-4c04-b97d-d3a9daec93f1,304.0,12.666666666666666,571.1633416666667,4150.25,3.75,0.0040445079827512755,0.0010323918728188624,0.011116244280065232,0.3637523503820308,0.04787120795334077,0.053889403506970614,0.03943307136115939,0.03655657234902619,24,13,0.5416666666666666,1,1054.4554,898.4738538461539,36.98076923076923,50.64769230769231,26.619230769230775,41.26846153846154
9cf07c14-b480-4c0d-8456-d895d0dc0328,161.0,6.708333333333333,3633.3129166666663,14471.75,8.25,0.02151792258079992,0.0009721460441319726,0.001131618492900121,0.587922200640631,0.07365790801971507,0.0031531976552723415,0.0,0.00193336035104815,24,16,0.6666666666666666,1,5449.969375,4661.820625,760.425,8.6175,0.0,19.10625
9d013b75-8d26-43fe-93f3-93aa407225a9,1913.0,79.70833333333333,2256.829582916667,40153.166666666664,119.41666666666667,0.003978814015413099,0.003012526496333042,0.08658947095343923,0.029269498209149907,0.16830617497281722,0.4681597416105728,0.0,0.0,24,16,0.6666666666666666,1,3385.244374375,196.166875,129.969375,3048.5087493749998,0.0,0.0
9d0e65e4-2f65-4482-b090-c0dd1fa6ab8e,14.0,0.5833333333333334,92.84833333333334,738.875,0.9166666666666666,0.0020833333333333333,0.00013173151867277083,5.609506542928333e-05,0.035648414080310185,0.0,0.0,0.0,0.0,24,1,0.041666666666666664,1,2228.36,1906.5,0.0,0.0,0.0,0.0
9d115679-be74-4201-953f-405b01d0855d,2657.0,110.70833333333333,17280.690833333334,70573.08333333333,150.375,0.011378426593911821,0.0021968227326813502,0.01217867699202531,0.31910886694291024,0.12463595523994864,0.01980671417361338,0.019247452187768674,0.15994946173168592,24,16,0.6666666666666666,1,25921.03625,14202.45312525,4311.738125,218.965,110.47249937499998,6413.605625
9d2516ae-add7-4788-87a5-ca833c254a93,614.0,25.583333333333332,2643.255833333333,12124.916666666666,25.458333333333332,0.010516885115160725,0.0022921460205404002,0.004566263097451696,0.1650267201337447,0.44789427866219417,0.0,0.0,0.05358471835588239,24,16,0.6666666666666666,1,3964.88375,914.6843731250001,2757.67563125,0.0,0.0,291.40125
9d2f88f3-7e48-4303-90d9-85a59a44ceef,282.0,11.75,4925.245833333333,5303.916666666667,11.708333333333334,0.007774052926161045,0.0018911450188971335,0.0010409094409982833,0.27400784008544826,0.08989324716116572,0.0,0.0,0.17776557942005264,24,13,0.5416666666666666,1,9092.761538461536,4524.252307692308,1466.306923076923,0.0,0.0,3102.2023076923074
9d50c205-d618-4534-a039-7cb067f5fbed,487.0,20.291666666666668,5189.462500000001,8012.625,26.916666666666668,0.009457134069008293,0.0023882187533425876,0.017876145078981373,0.33696045375333056,0.22486164198311864,0.0252180202850531,0.0,0.0,24,15,0.625,1,8303.140000000001,5474.818673333333,1519.6840000000002,578.632,0.0,0.0
9d5e539c-e6b1-4fe8-97a3-045891aea2ba,95.0,3.9583333333333335,75.20208291666667,1693.2916666666667,3.5416666666666665,0.005470046575247525,0.0020900256446799124,0.045234982847109674,0.0,0.22157835492845282,0.041666666666666664,0.0,0.04140190041381133,24,8,0.3333333333333333,1,225.60624875,0.0,180.85999875,12.34375,0.0,12.77375
9d60b3d3-6417-437b-8a31-ce01fd079d56,164.0,6.833333333333333,795.2212541666668,2502.0416666666665,4.5,0.011966750552819852,0.0018881306407203292,0.005093576689394895,0.1682234272333376,0.22282720288015545,0.0,0.0,0.10894936759154372,24,12,0.5,1,1590.4425083333333,658.3525000000001,533.6141666666666,0.0,0.0,398.4758333333334
9d63e6c8-00d5-4b3d-bc4e-0080c867ebd1,412.0,17.166666666666668,492.92249583333336,11650.25,29.25,0.0032391313655970415,0.0016744644821400792,0.11098933566322174,0.0,0.20833333333333334,0.0,0.0,0.0,24,7,0.2916666666666667,1,1690.019985714286,0.0,1683.6428428571428,0.0,0.0,0.0
9d7c829f-9120-4055-8211-fb2e03476315,160.0,6.666666666666667,265.92958375,2984.9583333333335,4.25,0.003619330333736029,0.001769300251053875,0.010619594582871325,0.0,0.4166666666666667,0.0,0.0,0.0,24,10,0.4166666666666667,1,638.231001,0.0,638.231001,0.0,0.0,0.0
9d85f6ab-0d8a-471d-9ed1-cc329e1b4b90,556.0,23.166666666666668,4133.82875,6645.583333333333,51.041666666666664,0.017808426002978935,0.007676231817709962,0.003010653746817475,0.5156127931202311,0.10119409614176535,0.049495882205459814,0.0,0.0,24,16,0.6666666666666666,1,6200.743125,3887.44936875,1940.3475,370.75687500000004,0.0,0.0
9d86c35f-759f-4612-adee-f9a7702c12de,320.0,13.333333333333334,1708.6312499999997,6912.458333333333,11.291666666666666,0.013978417487560332,0.0017163227715983331,0.004229454738526512,0.26703620177498494,0.19181697013298105,0.0,0.0,0.20632568001306448,24,16,0.6666666666666666,1,2562.9468749999996,920.503125,797.29,0.0,0.0,837.6724975
9d8e6baf-855c-4bf9-ad00-94e16c7cb4c5,795.0,33.125,1023.6970833333335,23250.125,47.291666666666664,0.0046156355275419085,0.0020434762600931374,0.22890682678678068,0.0,0.2905609364196475,0.0,0.014133222179919741,0.0015993658961913374,24,14,0.5833333333333334,1,1754.9092857142855,0.0,705.6149999999999,0.0,18.455000000000002,7.6935714285714285
9d98cc9d-41ee-486f-b0ff-6367693c0a7a,220.0,9.166666666666666,559.810000205,4619.791666666667,9.75,0.011843920855139897,0.0021121355288269083,1.2725448266959953,0.09191857756837167,0.24138279717830044,0.0,0.0,0.015179466297440013,24,13,0.5416666666666666,1,1033.495384993846,264.32461538461536,316.94845423076924,0.0,0.0,62.618461538461546
9d9f6bf1-0676-436d-a997-b3870d0803b8,79.0,3.2916666666666665,261.9195833333333,686.75,3.9166666666666665,0.003316922271881179,0.005937683891708587,0.0038973838330740754,0.09451274140056615,0.13626398444643548,0.1442232748425014,0.0,0.0,24,9,0.375,1,698.4522222222222,133.3577788888889,409.29333333333335,155.8011111111111,0.0,0.0
9dc2250c-e14b-4cb4-92c7-bd1211bd12e0,2553.0,106.375,17304.771666666667,39870.25,150.375,0.008744476193802475,0.0038201315278018413,0.0031670426026201167,0.27228187293423894,0.08608326035145981,0.0033162833089697996,0.009059521099984121,0.08579189810842973,24,16,0.6666666666666666,1,25957.1575,10321.71125,3744.82810625,106.38312499999999,394.25187500000004,3161.225
9dcdf1e6-d504-45c6-b890-03e9f23ce33b,996.0,41.5,18091.142916666668,35799.666666666664,35.25,0.012621318530045778,0.0010036111678754832,0.0011181722057312293,0.4943731252525055,0.09191400040781293,0.029582923307170713,0.03412240704499569,0.015986740556792133,24,16,0.6666666666666666,1,27136.714375,20098.668125,3979.549375,1016.6375,1483.470625,532.64375
9ddf998b-584b-4dce-88a9-687ad3a61fab,222.0,9.25,5580.840416666666,9200.833333333334,31.291666666666668,0.012382056282482132,0.003233921580409613,0.0009581466925448751,0.5172461919188692,0.0012058125893083668,0.0491540676618161,0.0035086486985289127,0.09174063724433805,24,16,0.6666666666666666,1,8371.260624999999,6426.849375,12.955000124999998,608.876875,63.6875,1190.75125625
9e3839a4-dd85-4430-b8d9-1e996f446f95,178.0,7.416666666666667,306.9825000833334,836.6666666666666,4.166666666666667,0.0038797269461419127,0.005503096954888413,0.008985624317344976,0.0,0.375,0.0,0.0,0.0,24,9,0.375,1,818.6200002222223,0.0,818.6200002222223,0.0,0.0,0.0
9e5d4028-0627-497d-8347-47b069ed38ce,930.0,38.75,9382.102083333333,21951.916666666668,72.95833333333333,0.026952848393115205,0.0041655226258072746,0.001682110019676925,0.5325401531459041,0.049535399552935754,0.022337554147090488,0.0,0.06223051354225025,24,16,0.6666666666666666,1,14073.153125,11179.258125,1032.408125,513.90125,0.0,1347.16499625
9e602a45-00bc-4f86-b36c-16d34a5512be,387.0,16.125,5748.35208375,12482.25,37.25,0.016181232560801204,0.002977485119959458,0.004792098463525646,0.3981075807496599,0.1524379536101633,0.024572263956289992,0.0,0.09141543150300942,24,16,0.6666666666666666,1,8622.528125625,5438.008125,1570.6993756250001,331.591875,0.0,1280.25500625
9e94556b-14e8-4774-bb53-a04f9eda6cd2,728.0,30.333333333333332,9462.130020833332,17012.333333333332,19.166666666666668,0.008407699768248863,0.0009097468505341625,0.002253455514534462,0.24276669516361324,0.20635003952870692,0.0735367765588017,0.002553319103394004,0.1413880120921944,24,16,0.6666666666666666,1,14193.19503125,4326.173731250001,4940.970624375,1671.9293762500001,36.2275,3216.40189375
9e9a0d0f-7045-493f-a945-3219a5a2d7b6,880.0,36.666666666666664,5499.855833333334,13848.0,41.583333333333336,0.015289384646708521,0.003105602599304737,0.0037369672990845413,0.3823714478286735,0.12469355720852664,0.044272532363133915,0.0,0.11508153167541031,24,16,0.6666666666666666,1,8249.78375,5340.984375,1518.564375,551.764373125,0.0,833.6312499999999
9ebdcdeb-8f5a-4696-b0ae-2110a3ebb4fd,871.0,36.291666666666664,12918.132875000001,26695.416666666668,66.04166666666667,0.00744509242916275,0.00254352372942415,0.0013696299231818292,0.2398371186593916,0.17858823533635712,0.07467179864242621,0.0,0.17343601298616496,24,16,0.6666666666666666,1,19377.1993125,6443.333750000001,5357.733123125,2353.45501875,0.0,5218.444375
9ec3760f-e2cb-424a-a945-62e80bfb6744,1286.0,53.583333333333336,4960.651633333334,18193.708333333332,46.666666666666664,0.028496231536355776,0.0025549673116793624,0.008183755328694862,0.4436483566769523,0.03695564430438231,0.0,0.020994585294011697,0.16432400816615766,24,16,0.6666666666666666,1,7440.97745,5054.906625,228.149999625,0.0,229.97875,1915.95093125
9eca744f-34d9-4c95-97b6-80ce412d070e,1136.0,47.333333333333336,9285.049583333333,25281.75,60.291666666666664,0.012902383390138624,0.002434379904882988,0.0024947490021007585,0.3395533254014163,0.23281728087110728,0.03512296766057288,0.0,0.01317599688116463,24,16,0.6666666666666666,1,13927.574375,6904.66564375,4811.37500625,855.37125,0.0,303.726250125
9ece7872-c2d2-4e54-ab36-bbedb46d629f,424.0,17.666666666666668,945.5724987500001,17185.208333333332,37.583333333333336,0.006272786283910478,0.002459601660691938,0.007931811900639697,0.36165906073882376,0.044870667355620224,0.03235813846741899,0.030553666267517616,0.07201589966211938,24,13,0.5416666666666666,1,1745.6723053846154,1380.4692461538461,60.96,57.355384615384615,28.405384614923076,217.63
9ed0c54d-e436-40e4-bbe4-d94de6944666,926.0,38.583333333333336,1717.5225041583335,23484.875,35.333333333333336,0.004232121694151133,0.0015530730962429711,0.4344177743543736,0.41070670183996727,0.08377122587355196,0.00489405193376755,0.0,0.0,24,13,0.5416666666666666,1,3170.810776907693,3116.584615384616,35.05769230769231,13.636153846153848,0.0,0.0
9eda36f6-1fb5-405c-8c73-d6f19ef96b4e,79.0,3.2916666666666665,192.59708333333333,1567.7083333333333,8.875,0.002580538696293246,0.005915239120807446,0.0860163201528631,0.29165172312608,0.08334827687391999,0.0,0.0,0.0,24,9,0.375,1,513.5922222222222,505.8088888888889,7.783333333333333,0.0,0.0,0.0
9f39a576-647d-4777-8f47-ef75b236124f,1145.0,47.708333333333336,4754.101679166667,12376.833333333334,29.916666666666668,0.022752814891228587,0.002724415029151817,0.005052130755555095,0.5472563176861157,0.006099085836913221,0.004870966117352883,0.0023491562718584093,0.03849930913992205,24,16,0.6666666666666666,1,7131.15251875,5657.193125,71.467499875,51.850000625,26.738749374999998,561.6800000000001
9f4f39fa-f060-4421-b41a-11ad5741b4ab,1280.0,53.333333333333336,5431.662916666667,21239.541666666668,45.666666666666664,0.012829293096449321,0.0021881647968541584,0.005170263690929516,0.21783460895823784,0.12648870845716662,0.0,0.0,0.12554471302964618,24,16,0.6666666666666666,1,8147.494375,2151.96624375,1650.3412481250002,0.0,0.0,1972.096875
9f5683f3-36f4-4eec-8e3c-4c5012c25f85,470.0,19.583333333333332,2116.7699958333333,6384.541666666667,4.166666666666667,0.023974590087635982,0.0006518662297835334,0.004770095013925904,0.5493145460948835,0.08018177220197543,0.0,0.0,0.0365846849368259,24,16,0.6666666666666666,1,3175.15499375,2455.2662437500003,409.49875625,0.0,0.0,308.64000000000004
9f6a8846-8b0d-432e-9e2b-9a28e61c2931,284.0,11.833333333333334,0.0,5356.166666666667,19.041666666666668,0.0,0.0011177789296214376,0.0,0.0,0.0,0.0,0.0,0.0,24,0,0.0,0,0.0,0.0,0.0,0.0,0.0,0.0
9f7f4341-56c2-4020-8636-5c8afe30162a,80.0,3.3333333333333335,388.7595833333333,4324.666666666667,6.375,0.013276903235387041,0.0016971120680054292,0.0015807834932025208,0.24541004400110475,0.12958995599889525,0.0,0.0,0.0,24,9,0.375,1,1036.6922222222222,668.5455555555556,368.1466666666667,0.0,0.0,0.0
9f926cd6-23ea-4ec5-95ba-5b7c12f56417,185.0,7.708333333333333,381.89958333333334,5529.375,15.041666666666666,0.010555412620649124,0.002909717998591575,0.007165171466961211,0.15655251855364924,0.2967558240538483,0.037075537075537075,0.0,0.05128278618152219,24,13,0.5416666666666666,1,705.0453846153846,233.2100023076923,413.72615384615386,17.44923076923077,0.0,40.65999846153846
9f93cc5f-9b43-439d-97a3-d316d8f1d3f0,105.0,4.375,292.5541666666667,2098.7083333333335,10.458333333333334,0.003483023128991796,0.0016499402823650915,0.0021541437652042544,0.08333333333333333,0.08333333333333333,0.0,0.0,0.0,24,4,0.16666666666666666,1,1755.325,1109.97,645.355,0.0,0.0,0.0
9f9cf1c9-f962-4d60-9b2c-dbb699ce3dbe,916.0,38.166666666666664,1387.6104166666667,17540.125,57.458333333333336,0.005123606497965933,0.0037350944850350707,0.09292976976562241,0.0,0.45348295025926727,0.028909572160027774,0.0,0.014845405139856917,24,13,0.5416666666666666,1,2561.742307692308,0.0,2521.230769230769,16.4,0.0,8.926153846153847
9fb8385b-7ae4-4791-88b6-f7f84dd95d91,447.0,18.625,2166.8595833333334,18180.375,18.125,0.01940604330252551,0.0009902361669604583,0.004908072341390655,0.4487563086947632,0.008586960416466382,0.20873570856525303,0.0,0.0,24,16,0.6666666666666666,1,3250.2893750000003,1914.13375,31.705624999999998,1300.30063125,0.0,0.0
9fbbcd81-fa08-4666-b988-da99d725a4e7,806.0,33.583333333333336,1794.6008291666667,15062.416666666666,36.541666666666664,0.010308870473325188,0.0027827267310898372,0.018036555090012372,0.468237996175947,0.1747320061814055,0.022249205552908897,0.0,0.0,24,16,0.6666666666666666,1,2691.90124375,1961.71875,638.834375,85.37,0.0,0.0
9fcd93dd-a6fb-4a57-89f1-bff16f3d1da0,789.0,32.875,1283.6387491666667,29407.708333333332,47.5,0.011720997564721053,0.0016026622518532376,0.0325822947128485,0.0,0.5188949839755993,0.13978777599288028,0.0,0.004415911249801205,24,16,0.6666666666666666,1,1925.4581237500001,0.0,1482.19187375,423.736874375,0.0,5.136875
9fd5d78d-0c32-4bd7-86a8-bd7fa847c7c3,389.0,16.208333333333332,395.9245833333334,7425.5,10.541666666666666,0.0039776501505475416,0.0015182545163125417,0.03694400738741867,0.02064284406002891,0.07879113346363238,0.07617734340411618,0.0,0.11117600027618514,24,9,0.375,1,1055.798888888889,278.50444444444446,275.65333333333336,114.33333333333333,0.0,362.91999999999996
a0087559-a072-44ce-bc54-686ca25a731d,73.0,3.0416666666666665,83.23916666666666,1331.4583333333333,1.25,0.00694649842709915,0.0009582122656022583,0.0059277166425307825,0.11190120607336003,0.0964321272599733,0.041666666666666664,0.0,0.0,24,6,0.25,1,332.95666666666665,225.31333333333336,102.01833333333333,5.625,0.0,0.0
a018f257-2b6b-4896-91f1-95ba96ec74ab,1262.0,52.583333333333336,6800.005,31345.291666666668,71.20833333333333,0.010372756032770636,0.00249662896880555,0.005046829180607675,0.24976081619217025,0.17361181968389472,0.21045401430941815,0.009388095253446435,0.022832891519347392,24,16,0.6666666666666666,1,10200.0075,4599.519375,1052.705633125,4099.716875,142.073125,294.264375
a01b6949-4c26-463c-b113-d13954a19073,487.0,20.291666666666668,2566.511665416667,8415.083333333334,25.833333333333332,0.027674382229641744,0.002997152503799763,0.006228161743459293,0.6201873378618882,0.044672554777734734,0.0,0.0,0.0,24,16,0.6666666666666666,1,3849.767498125,3429.942498125,408.843125,0.0,0.0,0.0
a01c67b7-bb2e-4be8-b3c0-72904306da32,756.0,31.5,843.5037499999999,6307.708333333333,27.708333333333332,0.004012603163474138,0.004548733250974304,0.06350051517597922,0.0,0.31866723979268824,0.0,0.0,0.0030950321398312878,24,12,0.5,1,1687.0075,0.0,1018.9599999999999,0.0,0.0,16.804167500000002
a03e7fe2-c709-4a78-89b1-0b16a9d49a39,1280.0,53.333333333333336,4753.76375,7316.666666666667,20.208333333333332,0.006559432676621696,0.0032243617558716663,0.03126605338111252,0.24020176863408835,0.09010524086421122,0.21107858670385116,0.0,0.12515958802391505,24,16,0.6666666666666666,1,7130.645625,2454.6406250000005,79.506875,3152.571875,0.0,1442.273748125
a047dafe-ab22-463b-a766-f268e4477aa2,1105.0,46.041666666666664,546.5425,4677.875,19.458333333333332,0.007229880394195288,0.006811619630216629,0.5812594941418976,0.0,0.18471965514963018,0.010923195528572805,0.0,0.13767663681834205,24,12,0.5,1,1093.085,0.0,238.10083583333326,18.891666666666666,0.0,828.9216666666666
a04e744d-fdcd-4b96-9e5c-021610c8859d,79.0,3.2916666666666665,804.7170833333333,2321.4583333333335,4.875,0.024774426218724582,0.0021352447550666252,0.0019307577478217873,0.5630854980140402,0.04239478537257616,0.0,0.014060149693795765,0.047126233623907325,24,16,0.6666666666666666,1,1207.075625,990.623125,119.2675000625,0.0,20.939999999999998,76.245
a052cd0a-d9c0-467d-a4ae-95580a719a81,149.0,6.208333333333333,1180.1133333333335,3785.7916666666665,4.625,0.009306037193314992,0.001276902816048579,0.052431735639318716,0.3246620616107731,0.17005963738219165,0.0,0.0,0.005278301007035267,24,12,0.5,1,2360.2266666666665,1878.4116666666666,460.26333333333326,0.0,0.0,21.551666666666662
a079cb73-37c0-4d84-88c3-74aa40439e84,1733.0,72.20833333333333,11435.695,50948.208333333336,74.29166666666667,0.01692589423601877,0.0014621543555547792,0.0028549257991276624,0.2572490422956719,0.22854427375657357,0.013448315652988633,0.019273792632170904,0.011571663911974825,24,16,0.6666666666666666,1,17153.5425,6810.679375,6092.9475437500005,330.662498125,372.05312474999994,333.380001875
a07b272d-fa65-467b-b80c-cb6758d94346,1282.0,53.416666666666664,10074.983333333334,23301.041666666668,56.916666666666664,0.007751218948180097,0.0023953687909865668,0.006042025465846791,0.11479216945894477,0.2381777137974901,0.013665636117901834,0.0018212106188840458,0.17212650700370632,24,15,0.625,1,16119.973333333333,4390.9220000000005,4981.197333333333,395.13066666666674,74.05799999999999,3141.108
a08b96e7-954e-48a6-8634-78b43b2dc818,778.0,32.416666666666664,738.2483295833334,22949.958333333332,20.125,0.006313000601789062,0.0009030431546179625,3.883327853103643,0.04837152808355704,0.10010608098741765,0.0566964299955662,0.0,0.03798901766953055,24,15,0.625,1,1181.197327333333,85.53333333333333,122.526,33.9846664,0.0,155.3093333333333
a0926217-b445-457e-b3fe-cd6130dc2b58,1087.0,45.291666666666664,16101.245416666667,27338.166666666668,21.375,0.018006572286818723,0.0007941242483806,0.0013809793496092834,0.16194858669160173,0.10237535349774736,0.05121052685339745,0.0049532336095856125,0.0,24,16,0.6666666666666666,1,24151.868125,6157.40625,3664.2581312499997,1879.955,187.205625,0.0
a0f6d0e0-70fe-4497-88b9-1ff29510ce4e,534.0,22.25,3348.44875,8616.625,24.166666666666668,0.014244199228831711,0.002858824338290862,0.003347648428091108,0.4334765916208889,0.21641743290038326,0.009896879264147666,0.0,0.0009247950032923291,24,16,0.6666666666666666,1,5022.673125,3102.7406250000004,1806.4375,49.37375,0.0,6.0606250625
a10f7a8e-1eec-4371-a6f7-5940a4e549d4,250.0,10.416666666666666,3386.4112499999997,9015.5,25.375,0.022008574333936288,0.003453819452817246,0.0014295821612893167,0.44526168342677624,0.06175842040109978,0.09110269011620686,0.0,0.06854387272258365,24,16,0.6666666666666666,1,5079.616875,2714.5012500000003,559.95625,898.84625,0.0,906.3131249999999
a1648921-bf28-482e-8d3f-ca05ede26149,78.0,3.25,458.12958333333336,11115.208333333334,12.75,0.002915804622374996,0.002066931953742446,9.445950384286666e-05,0.0,0.0,0.051125918756996645,0.0,0.11554074682787414,24,4,0.16666666666666666,1,2748.7775,0.0,0.0,880.964975,0.0,1867.8125
a1795cc5-9256-4ce4-b991-902e6db3b0fd,1384.0,57.666666666666664,9829.408333333333,22459.708333333332,106.0,0.011287489572003208,0.00491402547385713,0.002622589525198979,0.4411924692495903,0.11209383437890423,0.024163926230319033,0.0,0.06344255850548848,24,16,0.6666666666666666,1,14744.1125,9560.66878125,2537.331875,524.10375,0.0,1525.0106250000001
a18decd4-55c0-473b-835d-dcae8328fa41,1526.0,63.583333333333336,4507.5175,28492.041666666668,126.04166666666667,0.011903233736341112,0.004487867873661616,0.02460100728856762,0.30408538522260703,0.20753703254884912,0.03368529215228228,0.0,0.07896994782679685,24,15,0.625,1,7212.028,3609.327326666667,2209.938666666667,480.801334,0.0,905.4000016666666
a1b6ff02-9345-4502-aae6-f763bffe8457,427.0,17.791666666666668,1038.2629168333333,7802.291666666667,15.875,0.006827319803935413,0.029816337657727177,0.021630255078951884,0.3666656346441443,0.11346074829785362,0.18132051526786808,0.0,0.005001011698722604,24,16,0.6666666666666666,1,1557.39437525,996.78875,39.10250025,518.27562475,0.0,2.5518750000000003
a1ebf3ff-aeb7-4609-8c68-944671c5321b,170.0,7.083333333333333,98.33375000000001,2517.625,7.5,0.003618770962946117,0.00295451759208,0.018438110131772868,0.0,0.20599715086873585,0.026314441664105834,0.0,0.01768840746715833,24,6,0.25,1,393.33500000000004,0.0,350.93833333333333,23.97666666666667,0.0,18.419999999999998
a1f5a8ae-6df0-4f65-a7dd-02085bf71d21,481.0,20.041666666666668,946.4274999999999,12226.166666666666,23.625,0.011219106135595819,0.002105211593708025,0.016386823264641606,0.0,0.1651637450831539,0.0,0.0,0.39371943907380524,24,14,0.5833333333333334,1,1622.4471428571428,0.0,218.56500000000003,0.0,0.0,1305.4828571428573
a200e95c-5bae-44a1-bb00-caca9b163ab3,214.0,8.916666666666666,222.05500000125002,5045.166666666667,7.541666666666667,0.0036473889264801544,0.0014941149521035875,0.47761509305933786,0.0,0.375,0.0,0.0,0.0,24,9,0.375,1,592.1466666700001,0.0,592.1466666700001,0.0,0.0,0.0
a2190bcf-6f3d-4a31-aeeb-6976f92b4e53,70.0,2.9166666666666665,0.0,10402.541666666666,11.5,0.0,0.0011126356428125541,0.0,0.0,0.0,0.0,0.0,0.0,24,0,0.0,0,0.0,0.0,0.0,0.0,0.0,0.0
a226db29-0242-4c7d-a08b-e30d02e155ab,911.0,37.958333333333336,488.6745829166667,13130.541666666666,118.04166666666667,0.007869145216740566,0.009402897551747355,0.9125504934213388,0.0,0.25372439265607527,0.15607518228006542,0.0,0.011813637900226976,24,12,0.5,1,977.3491658333332,0.0,843.7008325,82.43333333333334,0.0,14.6775
a238e59b-992a-436a-bd6a-107c2fa0b3cc,574.0,23.916666666666668,304.53833333333336,10584.0,22.291666666666668,0.0038746255668214834,0.0022950972175445586,0.09870795847627023,0.0,0.25,0.16563695449802926,0.0,0.0,24,10,0.4166666666666667,1,730.892,0.0,617.7270000000001,112.05799999999999,0.0,0.0
a25f4123-ece9-4575-b70f-d695eedaeb1f,654.0,27.25,983.83625,31064.333333333332,53.75,0.0038354487103410633,0.0034806961236558665,0.15394800774006834,0.0,0.10587716776735374,0.0729667724718453,0.0,0.04837037429170221,24,14,0.5833333333333334,1,1686.5764285714283,0.0,151.17785714285714,350.25857821428565,0.0,80.0292842857143
a26b6e60-3bab-4c95-8b2b-65f856a95a01,123.0,5.125,758.7445825,3465.875,4.5,0.01018605908949347,0.0013108726424129376,0.007193577090646933,0.18735811585977968,0.04586764871191077,0.14924662613051673,0.0,0.06256939141160313,24,11,0.4583333333333333,1,1655.4427254545453,468.87909090909085,10.175454545454546,876.1654545454545,0.0,240.2809090909091
a281ff60-eece-4fd3-b447-70895eb00171,182.0,7.583333333333333,2289.7758458333333,4468.541666666667,8.375,0.01175726471322995,0.001933819174361,0.0016184842905986542,0.3884672455345548,0.27055876749013985,0.007640648216297267,0.0,0.0,24,16,0.6666666666666666,1,3434.6637687499997,1906.421875,1485.845,42.39687625,0.0,0.0
a2e05d27-0d8e-4188-b460-bd8a94b8737c,2201.0,91.70833333333333,30516.203333333335,44403.041666666664,144.04166666666666,0.01581800711356149,0.003402532604036612,0.0015034920399742792,0.32801175520307074,0.06096184023312129,0.020643954223015678,0.0029849956006864874,0.10968703202070784,24,16,0.6666666666666666,1,45774.305,21068.9425,4557.80438125,1657.08250125,294.11249999999995,7476.4637812500005
a2e24903-8ab2-49b6-bdff-6a7b8b00fa60,170.0,7.083333333333333,1099.6387458333331,3994.5,7.5,0.010633272324683212,0.0019054215205614583,0.003073093132098942,0.36607446894877915,0.03405557813220678,0.18598008488080317,0.0,0.0,24,16,0.6666666666666666,1,1649.4581187499998,848.266875,87.061874625,432.29437499999995,0.0,0.0
a2eb5586-d909-42b4-94a4-bf7d23da0e5a,1020.0,42.5,2815.2325,8868.666666666666,43.375,0.022594299218418986,0.0051030820960302125,0.03172565170179692,0.4049217540598078,0.07471727627376991,0.04958578175389411,0.0,0.09429515279488,24,15,0.625,1,4504.371999999999,3648.2906599999997,44.06133186666667,33.61533333333333,0.0,770.7813333333332
a2f2e8e9-cf7f-4e5e-8dcd-90f7a39b508a,351.0,14.625,3230.9845875000005,7288.458333333333,11.541666666666666,0.0098978142271421,0.0016225500708311289,0.00216423036696455,0.4217782585567112,0.0438419906273014,0.0880091596201333,0.0,0.09657601845952361,24,16,0.6666666666666666,1,4846.476881250001,3053.6325,129.28812499999998,788.98250625,0.0,787.0150000000001
a2fc7bcc-49f1-4808-916d-03ee84215232,627.0,26.125,4687.589166666667,13185.0,43.583333333333336,0.025537036791101322,0.0033987864872216957,0.0038624144199754375,0.3425296172655025,0.1105288813476017,0.018667339417860643,0.0,0.022140479106411565,24,16,0.6666666666666666,1,7031.38375,3154.13,1446.958125,144.57249975000002,0.0,269.750625
a326bcd5-3323-4c39-9ba7-61d09a76bed5,187.0,7.791666666666667,158.74708391666667,3758.4166666666665,9.625,0.0024811617301479043,0.0025912118723812917,0.00672508792785825,0.0,0.20833333333333334,0.0,0.0,0.0,24,5,0.20833333333333334,1,761.9860027999999,0.0,761.9860027999999,0.0,0.0,0.0
a34716f6-37af-46c4-a128-b88fd04976da,2144.0,89.33333333333333,11658.928333333335,36982.333333333336,181.83333333333334,0.011563427259723391,0.004897852221952396,0.007074385423110638,0.46073072615492033,0.004905324517984354,0.11357662252282356,0.0021593338071037747,0.06092860189903384,24,16,0.6666666666666666,1,17488.3925,13582.036875,151.096875,1162.6574999999998,55.956250000000004,1756.2425
a35237ae-0b16-4a78-b348-15ee456e3432,550.0,22.916666666666668,2653.995416666667,11150.125,25.916666666666668,0.011272195678882041,0.0023248224830421586,0.015763183461064447,0.2939079449843265,0.14263002334510597,0.05392685216692932,0.0,0.02972379035873447,24,15,0.625,1,4246.3926666666675,2179.879993333334,547.2666733333334,35.067332666666665,0.0,263.244
a3784497-2fdc-44c3-845e-c9374770ffdf,335.0,13.958333333333334,1975.5170874999997,9121.458333333334,7.916666666666667,0.03146662486675344,0.0008720235107122083,0.003526040838256575,0.4086917261762742,0.025548066408592963,0.0,0.0,0.2316106295819503,24,16,0.6666666666666666,1,2963.2756312499996,1899.653125,95.97812499999999,0.0,0.0,964.2431225
a39ca281-b8b6-4866-87a2-83eec2cd5dc0,238.0,9.916666666666666,231.72999916666666,3423.2916666666665,10.666666666666666,0.0022714734876864333,0.0028710150800351753,0.005717660134834429,0.0,0.24052498003314368,0.03468445401892923,0.0,0.016457232614593746,24,7,0.2916666666666667,1,794.5028542857143,0.0,745.0242828571429,33.67285714285715,0.0,15.805714285714286
a3bfa2c1-49ae-486a-a602-498c93cf6a41,1145.0,47.708333333333336,7061.107083333333,13742.583333333334,40.541666666666664,0.008064597712019263,0.002974732798845029,0.0032958242647504834,0.14762552656566813,0.0884701674279451,0.15375584076715895,0.0646812843554191,0.01647655504095652,24,16,0.6666666666666666,1,10591.660625,2023.2625,1294.1237500000002,2477.2418768750003,1449.88875,348.768125
a3d69e73-6bad-4fcf-abfd-e77b86dfc4a4,308.0,12.833333333333334,4164.478749999999,10184.625,21.666666666666668,0.014547080849132463,0.0020935048356490876,0.001360827197669979,0.44172755071397435,0.09189438113333193,0.024887640059679306,0.0,0.0662935995719817,24,15,0.625,1,6663.166,4504.282673333333,1063.83134,266.12,0.0,826.4213333333333
a3e3ddf2-1eb6-4922-82e4-8488d0e56018,1713.0,71.375,18041.215874999998,36207.708333333336,100.625,0.012421721070888297,0.0029410393499505086,0.0016584517705425874,0.27945782716636,0.043876352503095684,0.00905281594717345,0.0028347699884946,0.18635632293575213,24,16,0.6666666666666666,1,27061.8238125,10894.368125,1866.84125,400.38625,143.4750001875,7838.926256249999
a3e8a45a-d0e6-4fbc-94f9-0191d77317cb,850.0,35.416666666666664,4999.305,16976.875,71.41666666666667,0.01228647085138358,0.004776313875424188,0.007319048844733445,0.3027450685728852,0.3023618103194538,0.02831856490388082,0.0,0.032631863435439855,24,16,0.6666666666666666,1,7498.9575,4860.6900000000005,1583.4068874999998,782.1875,0.0,258.359375
a3f1c575-d4b3-48f0-8578-959a943ed8ab,712.0,29.666666666666668,1605.9683333333332,2320.3333333333335,7.083333333333333,0.0059151173017840996,0.0032580024411012786,0.026299715013856556,0.3709643700474059,0.1167720990769303,0.15302299481183937,0.0,0.025314907292789273,24,16,0.6666666666666666,1,2408.9525,1807.6625,64.253125125,516.5231249999999,0.0,16.845625
a42ebb24-09c4-4426-ae05-3b7fa2135a90,65.0,2.7083333333333335,258.44125,498.2083333333333,1.375,0.0030730721687109454,0.003022424815730229,0.004739728767424817,0.0,0.027636954395482794,0.6390297122472575,0.0,0.0,24,16,0.6666666666666666,1,387.661875,0.0,20.860624987500003,366.80125,0.0,0.0
a430e581-860d-47a5-9e19-918f88335e12,99.0,4.125,148.955,502.1666666666667,1.625,0.0010305865144574749,0.00497836090288705,0.02564576012151867,0.25,0.08333333333333333,0.0,0.0,0.0,24,8,0.3333333333333333,1,446.865,436.54,10.325,0.0,0.0,0.0
a47a0048-678d-40c4-b240-4c82de0b186b,1627.0,67.79166666666667,660.71625,12616.708333333334,122.375,0.0017894062882928003,0.08834878555264754,0.0274364491691178,0.0,0.08451903098197878,0.366992765280944,0.0,0.0,24,11,0.4583333333333333,1,1441.5627272727272,0.0,105.19272727272728,1324.0954545454545,0.0,0.0
a498196b-5ba7-4eed-bd82-a2498bd0d97f,62.0,2.5833333333333335,814.9166666666666,5899.375,17.125,0.0018463836546653751,0.003366220711408796,0.0001542088618098667,0.0,0.0,0.03829656734077045,0.13239058717973554,0.079312845479494,24,6,0.25,1,3259.6666666666665,0.0,0.0,733.9816666666666,1062.535,1463.1499999999999
a4a25174-cc8d-492a-b8d7-a239622c7f3c,76.0,3.1666666666666665,134.32708333333332,681.75,1.9166666666666667,0.002336263412547775,0.0029534390500115123,0.013743297873888345,0.0,0.25,0.041666666666666664,0.0,0.0,24,7,0.2916666666666667,1,460.55000000000007,0.0,436.02285714285716,24.527142857142856,0.0,0.0
a4b48f48-6b65-47b9-8f97-7878f774dae3,1296.0,54.0,477.8183333333333,23106.583333333332,47.625,0.00866511761378733,0.0020753473327941416,1.1510577074584414,0.0,0.07647775700136929,0.06656330309189916,0.0,0.18747178271967777,24,14,0.5833333333333334,1,819.117142857143,0.0,81.36571428571428,38.48428571428571,0.0,643.7964285714287
a4b8bba5-e09d-4629-adc0-7829eab5da66,372.0,15.5,1134.635,14791.708333333334,22.375,0.002403529609927579,0.001681006008025279,0.0020142018485711914,0.0,0.0,0.02171008775857289,0.08333333333333333,0.14495658120430924,24,6,0.25,1,4538.54,0.0,0.0,620.9683333333334,263.34,3654.2317166666667
a4ecc9c4-ae93-4414-af1c-8f3b96ad1fb1,479.0,19.958333333333332,1191.0133320833334,10908.458333333334,6.541666666666667,0.016175074966504166,0.0006089762497916291,0.009244624542927554,0.18163307897588798,0.47816647558572295,0.0,0.0,0.0,24,16,0.6666666666666666,1,1786.519998125,363.44562375,1397.68499375,0.0,0.0,0.0
a50c7caf-38ba-4927-8f25-bfe16bc58352,62.0,2.5833333333333335,115.78666666666668,755.25,3.9166666666666665,0.003118617444439883,0.006022009943914562,20.84548860506396,0.0,0.25,0.08333333333333333,0.0,0.0,24,8,0.3333333333333333,1,347.36,0.0,338.73125000000005,8.62875,0.0,0.0
a53488df-d432-4888-b7cb-92489c4a4cea,50.0,2.0833333333333335,27.201249999999998,554.5416666666666,1.0833333333333333,0.0025297898770645206,0.002064292275894917,0.005639006191463058,0.0,0.16666666666666666,0.041666666666666664,0.0,0.0,24,5,0.20833333333333334,1,130.56599999999997,0.0,110.41199999999999,20.154,0.0,0.0
a5998193-8292-49ef-8cb6-54a537c4abae,221.0,9.208333333333334,1776.0154166666669,5925.083333333333,12.75,0.013174516047328291,0.002193400302613954,0.004315114532704683,0.347062029294596,0.14406276187101316,0.011303308475448455,0.0,0.03923856642630155,24,13,0.5416666666666666,1,3278.7976923076926,2195.1015384615384,729.8076900000001,79.24923076923076,0.0,274.6392292307692
a59d76ca-7dc6-4b6e-8948-d8fd68ddcff0,250.0,10.416666666666666,1308.8850083333334,3533.5,3.4583333333333335,0.004217746413591704,0.0004822261393108084,0.004341916363317104,0.12011368467119664,0.28390087584787355,0.018179621238935392,0.009599819714550172,0.011203738815423218,24,12,0.5,1,2617.770016666667,746.3658333333333,1242.324175,117.74999999999999,61.653333333333336,83.3175
a59fe423-5549-4fca-a0d8-74cd931a1ec9,580.0,24.166666666666668,5238.909166666667,16551.625,32.208333333333336,0.009431831915588421,0.0020149801712686334,0.0030787228220922835,0.12215998626416336,0.31553011932947744,0.01268798159317143,0.0,0.21503782064006086,24,16,0.6666666666666666,1,7858.36375,2561.8987500000003,3092.0718749999996,147.1875,0.0,2035.810625
a5c7e699-dc46-41c6-ae24-7011d10e363f,2504.0,104.33333333333333,15046.888708333334,51470.083333333336,140.625,0.02199083375336669,0.0028445243662562707,0.0032344352517570036,0.1806184459917551,0.15250094168131978,0.05166825165589414,0.0015019268550827958,0.023789094841524795,24,16,0.6666666666666666,1,22570.3330625,5142.4819375,5621.36128125,2025.46185625,45.310625,902.6637499999999
a5c9daf7-3285-4f02-971b-8f696c9f392b,280.0,11.666666666666666,1164.25708,8735.25,10.0,0.007762162583528384,0.0012084467813502416,0.012679034919279223,0.10062438736922369,0.16914875619763278,0.3661370533199239,0.0,0.029800626396341973,24,16,0.6666666666666666,1,1746.38562,484.26,100.76250125,1020.71875,0.0,138.54875124999998
a5ec99d3-7f92-4ee9-aaa0-2fcc7d29de89,4016.0,167.33333333333334,6345.597083333334,6589.458333333333,50.166666666666664,0.006683431588534225,0.007734829843211704,0.1459330553152913,0.0,0.4528325864762106,0.004598211404382863,0.0,0.16074057852797136,24,15,0.625,1,10152.955333333335,0.0,6463.747333333333,15.578666666666667,0.0,3524.1319999999996
a624c0f0-9635-43b6-b839-f4bee2882e49,1157.0,48.208333333333336,13645.0129125,16250.75,76.16666666666667,0.01950400278334657,0.004986597483174875,0.0035001836177845336,0.34779922069587155,0.10737337680117598,0.000179304839193325,0.0,0.14503194374085362,24,16,0.6666666666666666,1,20467.51936875,13133.916249999998,2022.8543750000001,9.065,0.0,2765.395625
a684308a-ea9f-4d4f-a28f-ba36b7dc6a8f,0.0,0.0,0.0,2102.75,12.541666666666666,0.0,0.007684783509777087,0.0,0.0,0.0,0.0,0.0,0.0,24,0,0.0,0,0.0,0.0,0.0,0.0,0.0,0.0
a68a4efe-9848-4d0a-83b1-5fd9f8125540,915.0,38.125,2175.2925,9868.125,30.708333333333332,0.013950065188386276,0.0032351804917974958,0.02534334819948283,0.13174046449963797,0.27946805117474177,0.0,0.0,0.21271778125233629,24,15,0.625,1,3480.4680000000003,857.1026713333334,1559.324,0.0,0.0,1060.3993333333333
a69f6f72-15fd-44e5-a544-293016668667,225.0,9.375,354.7429168333333,3655.0833333333335,3.125,0.0035899274874128958,0.0008625845108484291,0.008356444442312419,0.0,0.375,0.0,0.0,0.0,24,9,0.375,1,945.9811115555555,0.0,945.9811115555555,0.0,0.0,0.0
a6b47af1-688e-475d-bb05-fe820a86b78e,2064.0,86.0,5678.325833333333,17939.291666666668,51.666666666666664,0.01949302551265022,0.002930420015180362,0.011175724256097837,0.5007920344143827,0.08241625505772711,0.01854897163120578,0.005264958886643992,0.008639849407545091,24,16,0.6666666666666666,1,8517.48875,6908.3018812499995,991.235625,256.89937499999996,71.815,118.589375625
a6f4e0de-1830-457a-93f7-f130979c6923,452.0,18.833333333333332,4871.165416666667,10443.166666666666,17.125,0.011182279680285621,0.0017235272378162455,0.0018340415839696832,0.22430307718063983,0.1865441486104199,0.0049725517384648634,0.0,0.2505637407985282,24,16,0.6666666666666666,1,7306.748125,2334.10874375,2002.8775,52.410625,0.0,2913.6831187499997
a70588b0-8a3a-4d29-8a16-391e52629436,506.0,21.083333333333332,1454.2604166666667,14747.958333333334,51.25,0.008117521714904659,0.003524935456022938,0.007105138640614632,0.35852956721423723,0.25613633622336496,0.03181689908755333,0.0,0.0017313296546406709,24,16,0.6666666666666666,1,2181.390625,1004.411876875,1038.8925,88.71312499999999,0.0,5.299375
a7216814-fde6-41bf-9f2e-8892adca1d33,70.0,2.9166666666666665,357.49917916666664,7571.208333333333,6.916666666666667,0.0012703487006232124,0.000871485934919875,0.0015435373670960458,0.002564807225550679,0.0172702086556636,0.0,0.25,0.021831648674326184,24,7,0.2916666666666667,1,1225.7114714285713,52.06714285714286,350.5957142857143,0.0,379.8528571428572,443.19571428571425
a721fd15-203e-4321-927f-52f4afb98a2a,262.0,10.916666666666666,363.16833375000004,8298.75,16.583333333333332,0.0041320432950773586,0.0025539698599554915,0.1948005764520214,0.0,0.25,0.0,0.0,0.026774221977335106,24,14,0.5833333333333334,1,622.5742864285714,0.0,143.5828575,0.0,0.0,103.29357142857143
a78a18af-f37f-4194-ab03-00f3c41ebbf4,127.0,5.291666666666667,288.75666662500004,1369.4166666666667,4.75,0.00488171965068853,0.0034830590766144706,0.011019016446909752,0.041666666666666664,0.3430096110862763,0.0736570555803904,0.0,0.0,24,11,0.4583333333333333,1,630.0145453636363,156.3090909090909,451.78545445454535,21.92,0.0,0.0
a7997ee8-f84c-493e-a67c-0ea792dcd037,97.0,4.041666666666667,587.4712504166666,1435.7916666666667,3.1666666666666665,0.007840908194687867,0.002119803703078696,0.0020158303807689833,0.13208875647115284,0.13800401897523898,0.041666666666666664,0.0,0.021573891220274834,24,8,0.3333333333333333,1,1762.41375125,1188.02375,545.7725,18.13000125,0.0,10.4875
a7f0728a-0d70-4f51-9226-9163cf491b13,814.0,33.916666666666664,1399.8266666666666,14655.75,42.791666666666664,0.007740138296167067,0.002975127812559804,0.9744007566034685,0.041666666666666664,0.044219492083302114,0.023291548637033505,0.0,0.3194862163293059,24,13,0.5416666666666666,1,2584.295384615384,181.8153846153846,26.603846153846156,16.242307692307694,0.0,1983.783846923077
a8015d69-aa8b-492c-890b-f9f0f9a932e7,121.0,5.041666666666667,526.24375,4178.958333333333,5.958333333333333,0.013443479538177752,0.001482788590652654,0.0034581328448439834,0.2131654982060406,0.16258824936086855,0.02701300724994259,0.0,0.017613752616585612,24,13,0.5416666666666666,1,971.5269230769229,397.68922923076934,342.66384846153846,10.134615384615385,0.0,6.886923076923077
a8059a51-951d-4cd9-bf49-9d4ed609de0a,341.0,14.208333333333334,1871.8883374999998,5999.958333333333,7.625,0.015601367305817867,0.0012399075848652666,0.003477386365737408,0.38907542794324473,0.194834229981103,0.08250070373376049,0.0,0.0,24,16,0.6666666666666666,1,2807.83250625,1595.01875625,872.900625,338.941875,0.0,0.0
a82a284c-2860-48e7-89be-edd6ce2c977d,575.0,23.958333333333332,4695.754583333333,11262.75,38.333333333333336,0.017008431458648863,0.003591348822534412,0.0033302843862708623,0.2543055704258275,0.15918687180403712,0.0,0.0,0.0,24,16,0.6666666666666666,1,7043.631875,2942.4674999999997,1583.033121875,0.0,0.0,0.0
a89ee1cd-f0bb-4dc8-9a99-27cc8e2fdf63,861.0,35.875,512.43999875,30771.916666666668,53.458333333333336,0.007284451011941387,0.001773779076878029,0.03435372528371554,0.0,0.03341476931210013,0.012024814546544445,0.0,0.20456041614135542,24,9,0.375,1,1366.5066633333333,0.0,50.599999999999994,25.676666666666666,0.0,1128.71
a8a7d7fd-ef51-45f2-acb9-662b4d9c6e93,937.0,39.041666666666664,1212.6133341666666,11614.416666666666,14.791666666666666,0.004762063783662409,0.0013796662789727083,1.584559004061509,0.2879345232424451,0.15174651076416837,0.04413989986764951,0.0,0.012598362714531663,24,13,0.5416666666666666,1,2238.670770769231,2154.5784615384614,35.31230769230769,39.23923076923077,0.0,7.226923076923077
a8ddfd54-d6a8-45c8-aac8-6e6d2681edf9,1030.0,42.916666666666664,2793.662092916666,18132.916666666668,33.166666666666664,0.008131268517051227,0.0019429107996474543,0.04791035349938494,0.08850795807234708,0.035807601387306376,0.0009535334732126209,0.0,0.058614824354458535,24,14,0.5833333333333334,1,4789.135016428571,1090.1449985714285,268.0000007142857,15.402142857142858,0.0,896.71
a8fcf2be-8d31-4839-bcff-a91370e37da0,330.0,13.75,1010.4579166666666,27537.958333333332,12.708333333333334,0.013404824708104038,0.00048039761436510005,1.0122014085596718,0.09064227637350224,0.03184508975058153,0.0,0.0,0.24988397672323828,24,13,0.5416666666666666,1,1865.4607692307693,380.5938461538462,105.99384615384616,0.0,0.0,1224.81692
a9005ec4-b20a-440e-b9ad-d4079dcbe20b,1481.0,61.708333333333336,4407.537083325001,10284.958333333334,19.666666666666668,0.0064472929037247715,0.0019280296829959165,0.7522158044790408,0.11481206054442979,0.16407532778698092,0.0,0.0,0.1515235986415787,24,12,0.5,1,8815.07416665,2630.111675,1918.6625025,0.0,0.0,3629.3316666666665
a923d847-1504-4946-bde5-48e6c5f8f7ac,1067.0,44.458333333333336,2607.7566708333334,27006.708333333332,98.375,0.00564814305429748,0.0037020539277136544,0.014846998478001671,0.44027548579915243,0.07111687594791496,0.0031034899498453583,0.009956355026725337,0.007633851638572842,24,15,0.625,1,4172.410673333333,3610.5706666666665,117.00066799999999,15.065333333333333,48.33133333333333,29.996
a935a72d-89a2-436b-8378-928e553a389f,132.0,5.5,56.65291666666667,8634.083333333334,17.833333333333332,0.0033382952996119496,0.0021653367109824005,0.0036420579472854794,0.0,0.20833333333333334,0.0,0.0,0.0,24,5,0.20833333333333334,1,271.934,0.0,271.934,0.0,0.0,0.0
a9401d28-ca78-4180-880b-4c90cf14ee03,646.0,26.916666666666668,6382.831654166667,13649.25,52.583333333333336,0.012410376630923066,0.0038858816615238503,0.0018030062606994041,0.2530131073477256,0.0552445249015985,0.15112766877169195,0.0,0.07050121016291015,24,16,0.6666666666666666,1,9574.24748125,3477.6674999999996,821.72,2412.538751875,0.0,1002.5687499999999
a942f978-7581-45c2-9487-20b610465c7f,126.0,5.25,96.49541625,5664.125,7.875,0.0031418339612147126,0.0015277458137024625,0.13806388730610283,0.0,0.16666666666666666,0.25,0.0,0.0,24,10,0.4166666666666667,1,231.588999,0.0,112.682999,118.90599999999999,0.0,0.0
a951e955-8853-4643-a9b3-415fc6502bb7,196.0,8.166666666666666,280.3591666666667,3765.0416666666665,5.916666666666667,0.004695529918402492,0.0015610212393676083,0.016343168082148096,0.0,0.375,0.041666666666666664,0.0,0.0,24,10,0.4166666666666667,1,672.862,0.0,662.485,10.376999999999999,0.0,0.0
a97d1837-e3ce-4f57-a9ac-5136317cd132,307.0,12.791666666666666,538.0812500000001,7956.958333333333,12.375,0.004454796898895241,0.001563946345108933,0.06406586675583113,0.0,0.3214305224100696,0.02712556636200297,0.0,0.10915623272007269,24,12,0.5,1,1076.1625000000001,0.0,695.7633333333333,18.519166666666667,0.0,358.31333333333333
a992c5da-64fa-4738-905a-e459625eba85,214.0,8.916666666666666,270.71416708333334,1403.5416666666667,2.4583333333333335,0.004552558148828758,0.002220835842556346,0.018085095280315735,0.0,0.30633035369420075,0.08333333333333333,0.0,0.027002979639132594,24,10,0.4166666666666667,1,649.7140009999999,0.0,613.6460000000001,32.153001,0.0,3.915
a9ec4959-b7fe-471c-a73d-ac31acee0161,1165.0,48.541666666666664,25048.332916666666,28913.625,79.16666666666667,0.01461847510828225,0.0032149901115145585,0.00088300697884745,0.37357783950353207,0.016324951796364798,0.0038625301209567827,0.0,0.2152317584002178,24,16,0.6666666666666666,1,37572.499375,20924.626874999998,968.7912500000001,223.666875,0.0,12165.119375
aa19b0f3-5c57-45cf-9bf1-1538156b1819,173.0,7.208333333333333,783.9162499999999,3027.1666666666665,7.291666666666667,0.0018236805300789834,0.0003218915497234,0.0010994670070357748,0.042013285097584264,0.08205067159773215,1.7661194427991667e-05,0.0,0.0,24,3,0.125,1,6271.329999999999,1931.25,4273.83,1.25,0.0,0.0
aa2257a6-acb5-4019-88ae-f614f99ab0ed,346.0,14.416666666666666,482.22875,9885.0,10.5,0.019571910844091222,0.0010693454638842582,0.013095504331151092,0.2485338178626025,0.11642250172331618,0.3011891612144017,0.0,0.0,24,16,0.6666666666666666,1,723.343125,241.265,174.1325,307.37874999999997,0.0,0.0
aa394d4d-9441-4031-b744-f76b7c63f40a,692.0,28.833333333333332,6441.3862500000005,21087.625,44.375,0.014053576364435523,0.0023517895523311417,0.002163640935017871,0.3452506991823592,0.12180922077925956,0.025388143472570054,0.0,0.015089390203817435,24,16,0.6666666666666666,1,9662.079375000001,4656.365625,1807.844375,538.039375625,0.0,289.13312625000003
aa3dce5c-c828-4521-9947-b7ddfa9d1312,667.0,27.791666666666668,2646.3175000000006,9887.041666666666,19.416666666666668,0.02112194744178447,0.0019481736471408124,0.005150467410476467,0.5549906716263302,0.09223854732620833,0.01611019895302475,0.0,0.0,24,16,0.6666666666666666,1,3969.4762500000006,3173.476875,692.8525,88.300625,0.0,0.0
aa73f3f7-4cea-44c7-9282-3d2019f457a1,1864.0,77.66666666666667,19059.296666666665,50507.625,198.45833333333334,0.01663063363429824,0.004287638695883992,0.0019297581601489834,0.24306824457112328,0.013837050311208987,0.012913193376331303,0.0,0.3256274616909315,24,16,0.6666666666666666,1,28588.945,9304.515625,560.0237500000001,543.64125,0.0,13105.603749999998
aa867005-a911-412d-b3ae-7ab3e8ab61f1,256.0,10.666666666666666,2365.4975,4749.5,12.791666666666666,0.019821485409114742,0.02874158489706514,0.002258814859896104,0.5455815049042029,0.013822455844619198,0.03769956356769774,0.0,0.06956314093057622,24,16,0.6666666666666666,1,3548.24625,2927.7625,117.68499999999999,149.54625,0.0,353.25249375
aa96b026-349e-46e7-9391-421286ea67ec,80.0,3.3333333333333335,253.90291666666667,2102.5833333333335,2.25,0.010371026047982226,0.0010706622704952625,0.003190605630618575,0.2011262254188687,0.08877981440632858,0.2100939600921783,0.0,0.0,24,12,0.5,1,507.80583333333334,198.6825,101.50499991666668,207.61833333333334,0.0,0.0
aab17519-83ee-46d3-8d37-2bfb34b009a7,719.0,29.958333333333332,4758.366666666666,10313.916666666666,36.541666666666664,0.00836654182954062,0.004319733827478112,7.2253579946169735,0.20796748107072735,0.07191661707002363,0.19815859472983857,0.006202327324021362,0.01995545389474909,24,14,0.5833333333333334,1,8157.199999999999,3960.0571428571425,1213.857857142857,1823.6578571428577,111.20571214285714,340.13642857142855
aab5ac17-5ecb-4005-9918-6f20bd554ccc,226.0,9.416666666666666,500.0249999999999,3529.0416666666665,7.208333333333333,0.006403716664076521,0.002046914593449696,0.018542888400831205,0.0,0.6246289672932507,0.0,0.0,0.0,24,15,0.625,1,800.0400000000002,0.0,799.7213333333333,0.0,0.0,0.0
aae189f3-d3e2-4810-a343-751867547a66,997.0,41.541666666666664,1590.284166666667,24298.25,42.875,0.005818269934615,0.0018281912058770334,0.18340000132108528,0.0,0.45516819358493316,0.0,0.0,0.0,24,12,0.5,1,3180.568333333333,0.0,3151.8075000000003,0.0,0.0,0.0
aae851b0-f281-45b5-ab53-8f1c3549659e,522.0,21.75,543.6158374166666,36377.458333333336,39.333333333333336,0.008721198955639603,0.0012234554591174667,0.06848466580382347,0.0,0.12796037516378791,0.0,0.0,0.16339245058664142,24,12,0.5,1,1087.231674833333,0.0,117.99583333333334,0.0,0.0,605.198325
aaec266e-88ae-4b83-85fc-51948f936721,1680.0,70.0,3669.42957875,23656.458333333332,87.91666666666667,0.0060221592287876624,0.003849366157462742,0.03173234956586809,0.48849030413046224,0.07749474332845438,0.010593656962216308,0.0,0.037816079076023676,24,15,0.625,1,5871.087326000002,5565.20266,65.36866566666667,15.352666666666666,0.0,54.24466666666667
aaef2324-0295-4751-9945-ab74d9d0b23f,128.0,5.333333333333333,469.64916666666664,3768.75,17.5,0.0029424798610130417,0.007474123531634346,0.0005706543427048333,0.0,0.0,0.05340353885270396,0.0,0.1132631278139627,24,4,0.16666666666666666,1,2817.895,0.0,0.0,938.9575,0.0,1878.9375000000002
ab4f89e6-68e7-4ae3-b5b2-4d15d8d003fc,184.0,7.666666666666667,293.5783333333333,8669.25,5.791666666666667,0.0042654135803122705,0.0007024727568291332,0.015001811594524184,0.0,0.3676032263177087,0.03471488137185811,0.0,0.014348558977099865,24,10,0.4166666666666667,1,704.588,0.0,672.567,23.645,0.0,8.376000000000001
ab770f90-3dea-4be6-8218-450d9fdbe6c1,179.0,7.458333333333333,212.55958333333334,2257.6666666666665,3.2916666666666665,0.002669907211756684,0.0014865524572322084,0.014049290524996013,0.0,0.2916666666666667,0.0,0.0,0.0,24,7,0.2916666666666667,1,728.7757142857143,0.0,728.7757142857143,0.0,0.0,0.0
ab8d64bb-5e04-4b7d-92ba-31d61d6ca7f8,664.0,27.666666666666668,240.43208416666664,3860.5,39.958333333333336,0.0024221819227815745,0.01059167390883596,0.007207090299389047,0.0,0.20833333333333334,0.0,0.0,0.0,24,5,0.20833333333333334,1,1154.074004,0.0,1154.074004,0.0,0.0,0.0
ab8fcf33-2dbe-4c36-a21b-f9373022f304,199.0,8.291666666666666,1884.5583333333334,3044.5416666666665,7.166666666666667,0.019373266365994738,0.03905593912839622,0.0023133678951069415,0.5494361036374261,0.010008886776112703,0.040140706174647704,0.0,0.06708097007848007,24,16,0.6666666666666666,1,2826.8375,2334.270625,67.680625,154.02625,0.0,270.86
ab918dae-77f3-4f12-95b4-e58292e9f1fe,1843.0,76.79166666666667,2788.1375125,10531.125,36.458333333333336,0.007259340225562484,0.003492072265699067,0.030201054208465555,0.0,0.30623238908614453,0.0,0.0,0.26719239368063524,24,14,0.5833333333333334,1,4779.664307142857,0.0,2359.0807142857147,0.0,0.0,2321.518578571429
abaf746d-043e-4881-b5da-7082348ce615,306.0,12.75,905.1054166666667,3237.0833333333335,15.416666666666666,0.008139517144196346,0.004792830805768246,0.007678557873747363,0.09085254237947848,0.28458916905611115,0.10452611437433035,0.0,0.012926402976748278,24,15,0.625,1,1448.1686666666667,320.01399999999995,687.5626646666667,141.36200000000002,0.0,75.26
abb40f49-a310-4ea5-ba6f-42da39baae33,1737.0,72.375,16584.248750000002,37612.125,102.66666666666667,0.010229095550944688,0.002902043077741529,0.0020469518892443626,0.2980277805153818,0.057548396475578974,0.011582807373825233,0.0009449629979744208,0.1789618537356308,24,16,0.6666666666666666,1,24876.373125000002,10283.689375,2348.3987500000003,450.65625,41.370625000000004,7305.22
abe7af99-57ff-4cb1-90c4-32ca9b3910eb,47.0,1.9583333333333333,70.84458354166667,3701.6666666666665,10.833333333333334,0.001054892491699675,0.002555987531261775,0.0014201165670141083,0.0,0.041666666666666664,0.0,0.08333333333333333,0.0,24,3,0.125,1,566.7566683333333,0.0,24.12666833333333,0.0,542.63,0.0
ac2563c9-3a15-4ba5-a68d-c685fb1de324,1324.0,55.166666666666664,1943.7979166666667,17971.541666666668,100.45833333333333,0.004411491312465287,0.005580452123563774,0.19139334810813768,0.0,0.42703349674383934,0.010440718053608014,0.0,0.020203290627509467,24,12,0.5,1,3887.5958333333324,0.0,3820.86,19.805833333333332,0.0,38.62583333333333
ac4118c6-8316-4fe7-9464-ebf213b77f7c,3670.0,152.91666666666666,12112.63125,28047.458333333332,106.29166666666667,0.008261569300983467,0.003783688017253775,0.00661854688644202,0.0,0.19262307149283708,0.1868146710479018,0.0,0.218608767150533,24,16,0.6666666666666666,1,18168.946875,0.0,4271.09875,3974.0437562499997,0.0,8231.296906250001
ac4d52d6-cacc-49cd-a0c9-8cb4a8677ee6,647.0,26.958333333333332,962.6695875,18518.583333333332,49.708333333333336,0.003742329029649187,0.0027250633680215,0.19315244190642375,0.0,0.20790699943471266,0.0,0.0,0.023840841356214698,24,14,0.5833333333333334,1,1650.2907214285715,0.0,111.96142857142856,0.0,0.0,162.88357142857146
ac575b47-963d-41ca-a30f-317fdd2ac1ac,474.0,19.75,6339.557083333333,21729.541666666668,14.125,0.015434701687601938,0.0006475214305221043,0.0014431088873543083,0.3199525237959225,0.09546083503959403,0.07248239155173955,0.050875989678106574,0.12592894643362634,24,16,0.6666666666666666,1,9509.335625,4583.0425,1300.788125,995.9381231250001,695.608123125,1912.072501875
ac65a52d-2843-48ee-808b-a2dabdf441f4,70.0,2.9166666666666665,406.00541666666663,3145.3333333333335,4.166666666666667,0.014544500178737688,0.0013654085093650833,0.17803971278648525,0.33664485028994323,0.1369045435030712,0.024769708026961,0.0,0.0016808982285712543,24,12,0.5,1,812.0108333333334,682.895,70.4775,55.52916675,0.0,3.109166666666667
ac67d2da-5df4-42f5-830e-8ce0d8c9aba2,3310.0,137.91666666666666,32945.83458333334,54206.958333333336,225.04166666666666,0.006658348772257895,0.004224174839990162,0.001993042454608821,0.10689828654875382,0.14961518117341094,0.0032916352632538746,0.013445094690658091,0.2143869274797727,24,16,0.6666666666666666,1,49418.751875,7534.16626875,10725.29375,262.883125,1156.84625,14977.625
ac6914fb-f05c-43db-900c-69db1169ddb2,162.0,6.75,684.0800041666666,943.8333333333334,6.041666666666667,0.007690146263380926,0.00869721519688157,2.6074904596922264,0.40666581059495926,0.11062327013115163,0.0,0.0,0.024377584530583155,24,13,0.5416666666666666,1,1262.9169307692307,991.213846153846,184.8807692307692,0.0,0.0,86.8223076923077
ac832719-636f-491b-ba55-ee118fa40b4c,181.0,7.541666666666667,1675.7445833333334,6038.083333333333,9.916666666666666,0.02335274816027852,0.001772789529481929,0.002164298070739596,0.46568323478284457,0.08722285824229503,0.005172126809215754,0.0,0.10858844683231128,24,16,0.6666666666666666,1,2513.616875,1626.01875,448.03625,13.8275,0.0,425.73437500000006
ac9b9291-5170-4603-b2f1-02a2ad04c02c,1583.0,65.95833333333333,916.0804166666667,33295.375,122.125,0.004813589645075412,0.0038289895871931666,0.05979678621645993,0.03335052891229069,0.06953721386830981,0.3659604649741644,0.023473368589742,0.07885032461137718,24,16,0.6666666666666666,1,1374.120625,42.18375,59.69125,851.0393750000001,17.08625,303.150631
acd317a8-2f6e-4e4b-a225-80acece777c2,81.0,3.375,591.6416666666667,1508.0,2.3333333333333335,0.016898495955430904,0.0017691761834567252,0.0033108173410548503,0.5642724325741005,0.10239423398070935,0.0,0.0,0.0,24,16,0.6666666666666666,1,887.4625,664.3362500000001,223.12624987499998,0.0,0.0,0.0
ad146e38-7c65-427c-9028-17a2ed3c1f45,297.0,12.375,2684.527916625,14086.541666666666,17.416666666666668,0.007595213501936496,0.001262669854180446,0.18063114476266454,0.1577770443984778,0.13477626656370578,0.17030707728474978,0.0,0.0,24,14,0.5833333333333334,1,4602.047857071429,1616.8407142857143,778.4057142857142,810.8278571428572,0.0,0.0
ad3bb8db-a6ec-4cab-b9fd-443d6747c1cc,147.0,6.125,203.04916666666665,1680.5,5.958333333333333,0.0018603493272339917,0.005463982548732989,0.34031594434306217,0.0,0.23924592123768165,0.031173524181763765,0.0,0.02124722124722125,24,7,0.2916666666666667,1,696.1685714285713,0.0,665.5557142857142,20.235714285714288,0.0,10.377142857142857
ad4df801-aa9e-45f9-8fad-9abfe4b9c7b1,586.0,24.416666666666668,4004.2220958333332,8287.375,19.291666666666668,0.010210845765763426,0.002482327399593779,0.0028587582999600827,0.3653156260713457,0.0964495430432555,0.08309740597278628,0.0,0.12148764805655758,24,16,0.6666666666666666,1,6006.33314375,3128.56313125,929.1175,822.0168749999999,0.0,1123.766248125
ad4ebb9f-f41c-4c98-90c3-d1bf4c9a8875,1032.0,43.0,11497.8975,23121.041666666668,26.0,0.01147979644382561,0.0011440634317181958,0.0017657023389284043,0.3460996281907633,0.09729958281808897,0.040675334203058286,0.0,0.1825069036526682,24,16,0.6666666666666666,1,17246.84625,8635.489375,2404.0306250000003,1011.3187499999999,0.0,5193.805624750001
ad7c413f-cf1c-4067-ade8-c66806c0babc,275.0,11.458333333333334,2593.559583333333,7469.666666666667,24.166666666666668,0.013552221598385561,0.003362648164948396,0.007973004653003622,0.2031233787581349,0.12404752733741435,0.08455746069732832,0.0,0.2545787377647797,24,16,0.6666666666666666,1,3890.339375,1360.520625,603.973125,374.725,0.0,1548.7275
ad84da7e-cd97-413f-a397-7f953e8723b7,222.0,9.25,728.015,5323.375,22.375,0.012580891084030635,0.004308974643193571,0.016596723540583298,0.09430146658914695,0.1510858612623272,0.04640752347223054,0.0,0.24746434649805762,24,16,0.6666666666666666,1,1092.0225,420.09375,91.94624875,149.57500000000002,0.0,248.94437312500003
ad908c93-dcf6-430c-821e-a134649a859a,679.0,28.291666666666668,7937.117916666667,19785.916666666668,29.708333333333332,0.030139975634311006,0.001671716685631433,0.0016235285997182834,0.590132220427617,0.05553258321569679,0.011004311343778378,0.0,0.0078657412217339,24,16,0.6666666666666666,1,11905.676875000001,10485.70625,1035.9968749999998,189.84375,0.0,156.81812487500002
adafe523-992d-45dd-8b68-ad0a7eca4456,158.0,6.583333333333333,110.34208208333335,5413.75,3.2083333333333335,0.0034576301637291463,0.000598961408016075,0.005137459603843783,0.0,0.19549818113018616,0.03615802578160455,0.0,0.01834379143097048,24,6,0.25,1,441.3683283333334,0.0,385.4583276666667,39.306666666666665,0.0,16.6033325
ade27c69-2685-4c6e-96ef-d4173801fbbc,370.0,15.416666666666666,2526.54625,9897.708333333334,10.041666666666666,0.012559679822743483,0.0011010385334049757,0.005514036489660243,0.11628369619164976,0.27229508320543666,0.04271784398424685,0.0,0.05888163250997922,24,16,0.6666666666666666,1,3789.819375,965.95875,1756.20813125,47.87625,0.0,508.99312499999996
ade87a38-e101-4f16-8cb4-916e17c96650,402.0,16.75,3683.3345833333333,5045.333333333333,19.208333333333332,0.020017490768695145,0.004407919530040308,0.002190998483451346,0.5216627128797751,0.06598053996592797,0.0,0.0,0.0784604009546671,24,16,0.6666666666666666,1,5525.001875,4292.5824999999995,648.6231249687501,0.0,0.0,578.67625
adfd7135-58a9-4d21-b3a6-abbe09df78ba,118.0,4.916666666666667,2566.3120833333337,3377.75,6.916666666666667,0.004332836633484063,0.00039549694281243745,0.00105187590004735,0.14846714457704555,0.0,0.006184851029804179,0.0,0.0005108546557841084,24,4,0.16666666666666666,1,15397.872499999998,13181.4075,0.0,753.2850074999999,0.0,62.5725025
ae367190-0536-41f9-9b70-2fbe64ee371d,904.0,37.666666666666664,1830.4124833333333,2866.3333333333335,4.458333333333333,0.009657702404471032,0.0018186296683281374,0.017169731995333403,0.4244101125259397,0.11576509043057587,0.06053130257296028,0.025242738279841387,0.009599039494617179,24,16,0.6666666666666666,1,2745.618725,1985.3181249999998,402.245625,49.749375,23.708125,41.084374999999994
ae368993-8943-440c-8b9b-de22095cdfc0,715.0,29.791666666666668,5202.375,18718.25,38.916666666666664,0.01756173748739593,0.0021305785489319873,0.002917625498999267,0.3189739682244445,0.15199905984814477,0.04175427947069651,0.0,0.0471726124775124,24,16,0.6666666666666666,1,7803.5625,3700.7956250000007,1555.109375,604.71,0.0,765.455625
ae38f9b1-c72d-4ebc-bd69-4062fc716980,848.0,35.333333333333336,4780.337500000001,16220.625,49.958333333333336,0.026692218556906306,0.0030706674721217415,0.003881249077722842,0.44165150990326024,0.18542036296319883,0.013473205944512857,0.0,0.02269933907991518,24,16,0.6666666666666666,1,7170.50625,4688.5806250000005,2006.7087500000002,147.54999999999998,0.0,289.43687500000004
ae7aface-3a67-4e4d-b82c-c7a3eb4d2402,630.0,26.25,4495.230833333334,12173.0,37.458333333333336,0.01180584448641802,0.0031258627487633834,0.2218665900672632,0.31134543101302753,0.06704120958477061,0.006135654372612621,0.0,0.03748178516887104,24,14,0.5833333333333334,1,7706.11,4807.7185714285715,1046.1499999999999,99.8092857142857,0.0,585.4021428571428
ae9bb62d-6c4e-4e29-81e4-c0c23f4ffea3,416.0,17.333333333333332,1434.1804166666668,9721.833333333334,5.0,0.016757601975228655,0.0005183160086187209,0.0073243301695218544,0.13916899910827343,0.3415512613553256,0.0,0.0,0.1835339576489191,24,16,0.6666666666666666,1,2151.270625,387.815623125,1312.8718750000003,0.0,0.0,439.16812500000003
aec76d91-80ad-47e5-b86e-1fd900ac0f4e,32.0,1.3333333333333333,0.0,49.875,0.20833333333333334,0.0,0.0009419415392866625,0.0,0.0,0.0,0.0,0.0,0.0,24,0,0.0,0,0.0,0.0,0.0,0.0,0.0,0.0
aecd0ac4-4377-4e9a-a462-b89d593295d6,173.0,7.208333333333333,325.11124916666665,2063.9583333333335,3.9166666666666665,0.003296494313254671,0.0019404417707831335,0.01328316580675261,0.0,0.375,0.0,0.0,0.0,24,9,0.375,1,866.9633311111112,0.0,866.9633311111112,0.0,0.0,0.0
aeff18c9-47aa-4e89-b4c0-8dd86bad66c2,148.0,6.166666666666667,2206.304165416667,10770.458333333334,8.666666666666666,0.0187580656862907,0.0010511855895976542,0.0025307106161765332,0.21078143039296915,0.3395639292714285,0.10266253889720285,0.0,0.013658768105066143,24,16,0.6666666666666666,1,3309.4562481250005,1987.07,845.966873125,288.39312499999994,0.0,188.02625
af278af6-67e0-4b7a-8f14-1d8c422f84e7,393.0,16.375,3789.580004166666,10941.208333333334,20.666666666666668,0.006935389907737463,0.001387900975473675,0.003105675009910283,0.16686433007255805,0.3273325079656097,0.019796272746923027,0.0,0.021672130294762726,24,13,0.5416666666666666,1,6996.1476999999995,3339.3846153846152,2670.559238461538,397.38384615384615,0.0,472.7876923076923
af4893fc-e142-4607-9697-82b1c67c7283,0.0,0.0,0.0,157.0,0.0,0.0,0.0,0.0,0.0,0.0,0.0,0.0,0.0,1,0,0.0,0,0.0,0.0,0.0,0.0,0.0,0.0
af4a2588-682a-4926-ad16-84c64be10bcd,2202.0,91.75,4422.065,40305.875,111.70833333333333,0.010060820641857664,0.002816692988990212,0.03310788532339889,0.0260440662756333,0.3381522501318868,0.1907610107290457,0.03819257948802365,0.05449847438754199,24,16,0.6666666666666666,1,6633.0975,227.2125,3987.6625000000004,1924.455,125.166875,155.52249875
af619963-79e3-42d0-9500-4944dbb190bd,223.0,9.291666666666666,497.73,3396.125,5.0,0.01499884148206157,0.001651217069024921,0.09694016253839334,0.0058648389495035294,0.12510154891733838,0.0,0.0,0.41150890807098217,24,15,0.625,1,796.368,14.234666666666667,21.986,0.0,0.0,623.9446666666666
af680e7f-970b-4f8e-9adc-8480acccfe2f,693.0,28.875,403.5666708333333,13830.333333333334,60.666666666666664,0.004335902134801271,0.004579344172094484,0.5091217152297566,0.0,0.2702937376329822,0.0,0.0,0.0,24,8,0.3333333333333333,1,1210.7000125,0.0,1208.6,0.0,0.0,0.0
afbb9070-c5d6-4295-aeea-d35ea8f0359a,638.0,26.583333333333332,2888.679141666666,22490.083333333332,38.083333333333336,0.0049287341312506455,0.0022480692701693167,0.004182891977739354,0.6573350872994834,0.0030188472529665577,0.0025669712607819415,0.0,0.0009190657691132125,24,16,0.6666666666666666,1,4333.018712499999,4286.40375,15.487499999999999,12.5275,0.0,4.315
afc07d9c-2817-4b37-a39c-f916f319f0df,214.0,8.916666666666666,1188.2483333333332,4101.75,7.833333333333333,0.003937190335982558,0.0019297211982728082,0.07413254592163791,0.0,0.3329347962497577,0.0,0.0,0.0,24,12,0.5,1,2376.4966666666664,0.0,2087.6549999999997,0.0,0.0,0.0
afc88f9b-b46b-44b3-9acd-8650029691db,1726.0,71.91666666666667,2521.986666666667,3771.6666666666665,28.416666666666668,0.003981717436185946,0.011897428420991127,3.540971604325634,0.0,0.08563215729930784,0.37253882209104927,0.0,0.0,24,12,0.5,1,5043.973333333332,0.0,86.58166666666666,4954.913333333334,0.0,0.0
afe1c8d4-b4d2-4764-b930-f8bac5164130,658.0,27.416666666666668,3576.5195833333332,15514.5,46.291666666666664,0.008240780253849988,0.003727695184440112,0.01682398442244618,0.21403518253643558,0.29628646630260597,0.006681054106572141,0.0,0.1330575141153702,24,16,0.6666666666666666,1,5364.779375,3509.130625,1333.120625,11.2425,0.0,437.88125062499995
aff56030-eb90-4e0a-a361-2d973e371f60,372.0,15.5,2038.0358333333334,8712.75,6.458333333333333,0.014962352339993249,0.0007654672130261833,0.0036646357927008957,0.44023052826310954,0.02091117652385922,0.027586562911338892,0.0,0.14341927030185045,24,16,0.6666666666666666,1,3057.05375,1915.5737562499999,74.3187503125,122.6575,0.0,733.103125
b008ed64-212f-454b-b5d3-c3155f0538c5,592.0,24.666666666666668,1135.4737537499998,23882.208333333332,25.416666666666668,0.0038179134572862167,0.0011605210750207041,0.032712851329785186,0.0,0.19000185910703485,0.011574282102437826,0.0,0.008923194689875113,24,16,0.6666666666666666,1,1703.2106306249998,0.0,126.27250000000001,9.659375,0.0,34.700625
b03a9c48-7aa2-44b2-a4b7-5430ae50f584,926.0,38.583333333333336,1034.0716636666666,14062.583333333334,73.875,0.005956445296056529,0.005416619270203129,0.04944944694246342,0.1031359827143134,0.24517073999996117,0.1697518200610634,0.01006983258614253,0.03271523853227657,24,14,0.5833333333333334,1,1772.6942805714286,425.625,1032.5671428571427,125.395,68.30142857142857,38.904999999999994
b04e8525-04ce-4b63-b61a-5a0b9fd915ca,327.0,13.625,7294.54,12548.333333333334,28.25,0.011572850926928396,0.0023814004665189876,0.0010206122363076958,0.17208268937954027,0.12355274194503023,0.014668633990833966,0.008039426796914646,0.08554684047633761,24,16,0.6666666666666666,1,10941.81,2899.5168750000003,1962.9531175000002,242.620625,108.856875,1471.753125625
b052118d-f9eb-46ce-8484-2adb2cb28819,328.0,13.666666666666666,2698.6491666666666,18631.75,62.708333333333336,0.013889984808866144,0.0037649430613625415,0.00190741526061325,0.23938108018157225,0.09205778728416449,0.024455309114382668,0.0,0.22579155102137763,24,14,0.5833333333333334,1,4626.255714285714,1932.5742857142855,724.9764307142858,199.06,0.0,1761.9678571428572
b05aa544-aa16-4e02-80c8-66fb643196d4,1542.0,64.25,1755.2287541666667,16596.0,36.125,0.004912302587734304,0.004808522054828496,0.028211462400934362,0.02050721739532359,0.1014830551130189,0.3974618475171307,0.0,0.0,24,15,0.625,1,2808.366006666666,44.98266666666667,1139.342002,1136.01,0.0,0.0
b0614fe8-9e5d-4c7e-a38b-5c3845938b74,567.0,23.625,3292.0575000000003,15610.333333333334,75.08333333333333,0.013475336664324983,0.00540159891314788,0.018749988474053254,0.13378608539639691,0.29557437709236756,0.06175654494141657,0.0,0.026223965941933075,24,16,0.6666666666666666,1,4938.08625,1244.819375,1490.711875,596.280625,0.0,285.94
b0886a67-7312-444e-bea3-37e36387af82,20.0,0.8333333333333334,0.0,321.2916666666667,0.4166666666666667,0.0,0.00020476149336073334,0.0,0.0,0.0,0.0,0.0,0.0,24,0,0.0,0,0.0,0.0,0.0,0.0,0.0,0.0
b08d534c-36bd-4a5d-8db3-49c6987a1d65,650.0,27.083333333333332,946.8762503749999,9640.208333333334,39.916666666666664,0.005166703590760258,0.004017744481619425,0.9259431469741904,0.039744815725952606,0.37574396883555156,0.0,0.0,0.04274449240853891,24,15,0.625,1,1515.0020005999997,164.92000000000002,1164.9760006666668,0.0,0.0,180.57733346666666
b0cd85b2-38a3-4bf9-aa3c-eb9a1e4745cd,317.0,13.208333333333334,1262.305,5163.5,10.666666666666666,0.007609808321002988,0.002097923267020529,0.10711531890872494,0.29138184744394674,0.10090105698794853,0.031077539783813973,0.0,0.11811762338819894,24,14,0.5833333333333334,1,2163.9514285714286,1235.5485714285717,289.09285714285716,100.54857142857144,0.0,537.2021464285715
b0d3c9e8-d61c-4c69-920b-e28e813fd65f,427.0,17.791666666666668,889.9787500000001,12095.125,30.25,0.0052965649132756,0.002787513594275775,0.009857835083972205,0.4111769042232283,0.026948125384663516,0.05454678485810105,0.0,0.007247637086442133,24,12,0.5,1,1779.9575000000002,1710.2450033333334,23.279166666666665,41.925000000000004,0.0,4.338333333333334
b10dbc86-e23c-436f-8edb-79a5bf8d5a72,1531.0,63.791666666666664,20205.32125,26427.208333333332,51.041666666666664,0.018730495191738066,0.001999290654018554,0.0013767034765421668,0.3238590836133021,0.07433944024835552,0.0035588037690309437,0.0,0.13289372193431542,24,16,0.6666666666666666,1,30307.981875,17067.59875,2820.34625,154.551875,0.0,5271.98748125
b11ad368-1e94-4986-a557-f3b0303e7b76,460.0,19.166666666666668,3597.2941666666666,11565.541666666666,24.083333333333332,0.015423994261276075,0.002244705321441429,0.0025848498107321418,0.32628691690888373,0.1991298045293964,0.0006867808542097834,0.0,0.10775153646637313,24,16,0.6666666666666666,1,5395.94125,2464.0074999999997,1738.176875,6.5424999999999995,0.0,958.4993815
b14d408e-a492-4895-a43b-977f56125b9e,188.0,7.833333333333333,7095.489170833333,10043.458333333334,19.666666666666668,0.009823944093183167,0.0020291558172691082,0.0006155336663685875,0.23587001988129228,0.05931207753284842,0.06362004328059338,0.0,0.025157580080258573,24,16,0.6666666666666666,1,10643.23375625,3867.99375,838.855,1075.753123125,0.0,587.72
b14d8fe6-4f36-4775-a1af-a4076116b45b,184.0,7.666666666666667,2195.6075125,6449.833333333333,13.791666666666666,0.013024198913020583,0.0021661785793465585,0.0014458232661692706,0.3118315348052378,0.19275094480213442,0.053669187955318526,0.0,0.06674832966092593,24,15,0.625,1,3512.9720199999997,1701.8846666666666,1122.53,292.70133333333337,0.0,395.856
b165a345-7aea-44a8-bf27-b7d81da6344a,612.0,25.5,609.5525000000001,10557.125,62.458333333333336,0.005303997469464292,0.006599025600580583,0.15630659321075271,0.0,0.3902394348693739,0.06119022976853137,0.0,0.0,24,14,0.5833333333333334,1,1044.947142857143,0.0,960.5278571428572,70.25071428571428,0.0,0.0
b18045a2-3c2f-431a-a444-3a66755a3d40,75.0,3.125,38.88666625,0.0,0.0,0.00163612308505225,0.0,0.004447507549960467,0.0,0.125,0.041666666666666664,0.0,0.0,24,4,0.16666666666666666,1,233.3199975,0.0,190.1049975,43.215,0.0,0.0
b1873085-e565-478c-a432-3fadd1912460,484.0,20.166666666666668,7641.323333333334,8679.833333333334,24.416666666666668,0.015734232877683288,0.0028879318240775955,0.49615467934957663,0.4461617525066648,0.07276297653908498,0.0,0.0,0.09463186575955095,24,16,0.6666666666666666,1,11461.985,8340.41625,1287.060625,0.0,0.0,1505.066875
b1becee0-9fc8-456d-9e66-25884fb41344,2195.0,91.45833333333333,22797.573291666664,30431.125,37.0,0.012704745485850176,0.0012689668623054194,0.0018883993917103332,0.2747519136585201,0.10431501867627353,0.005092807561752326,0.042249146697874516,0.13182017097303847,24,16,0.6666666666666666,1,34196.3599375,13128.255625,5325.8237500000005,276.96875,2048.71124375,6163.574375
b1c6e6ce-5c78-4949-9d09-e72835e81c63,1418.0,59.083333333333336,2338.8162458333336,7836.416666666667,47.958333333333336,0.013497012119084622,0.007493258723481725,0.014076927290756075,0.1477347475286124,0.3124668910809074,0.002006972741984596,0.0,0.20389297661544356,24,16,0.6666666666666666,1,3508.2243687500004,527.19,1937.163751875,14.665,0.0,1026.23125
b1e7c05e-f204-4c21-abf6-f84613b32028,320.0,13.333333333333334,821.5899999999998,10083.291666666666,11.833333333333334,0.01628893957802272,0.0015368331961618876,0.011269170167778559,0.3944850036255331,0.03537707633599008,0.17870803463750176,0.0,0.01642988433080453,24,15,0.625,1,1314.5439999999996,939.16266,16.86733333333333,351.0293346666667,0.0,7.484666666666667
b1fa471d-4dac-4dc7-b1ae-1ef81f058da0,400.0,16.666666666666668,1843.15625,3622.6666666666665,12.083333333333334,0.007141600548542879,0.003602445563195625,0.004104700579523446,0.43325622607776965,0.07220900071528182,0.16098033149600388,0.0,0.0,24,16,0.6666666666666666,1,2764.734375,1731.3431249999999,394.739375,637.86125,0.0,0.0
b20c9ee3-d281-42bd-88fe-187c3f50a8c3,183.0,7.625,3430.4070833333335,10452.875,5.875,0.0065935718440307016,0.0002943175784291292,0.0013833394081214083,0.1437125107182858,0.002381871769603533,0.11091662655541314,0.0,0.11796777850005635,24,9,0.375,1,9147.752222222223,4420.291111111112,93.66111444444444,968.7488888888888,0.0,3664.2089
b22c1598-32d0-4190-8ba4-9bff3df3d7d5,953.0,39.708333333333336,2334.3070793333336,25960.291666666668,43.166666666666664,0.009621748245231376,0.0016800261173218294,0.05366524206552744,0.08382623332810825,0.08771622563706727,0.056291628789329785,0.0,0.007144876890314238,24,16,0.6666666666666666,1,3501.4606190000004,979.98,64.423750875,195.674375,0.0,42.739374999999995
b22f6e6b-8406-4555-b00b-d85b74cd80bc,58.0,2.4166666666666665,125.84625000000001,2321.8333333333335,0.25,0.001310676190401175,3.113626819297705e-05,0.002294709973641175,0.0,0.20833333333333334,0.0,0.0,0.0,24,5,0.20833333333333334,1,604.062,0.0,604.062,0.0,0.0,0.0
b248382e-fbd7-45bd-a6ee-1b9cd5bcf641,146.0,6.083333333333333,70.27499999999999,3563.5833333333335,5.416666666666667,0.0028148001672415415,0.0015892943087668374,0.017311958448722155,0.0,0.20833333333333334,0.041666666666666664,0.0,0.0,24,6,0.25,1,281.09999999999997,0.0,258.26166666666666,22.838333333333335,0.0,0.0
b24a296f-19b8-4ea3-8290-0d5cd803c737,392.0,16.333333333333332,1655.7441666666666,13552.541666666666,21.958333333333332,0.013481144590768249,0.0016352028885528419,0.010418166662732408,0.13229300890879003,0.1935280039592064,0.0,0.0,0.18439457939287304,24,13,0.5416666666666666,1,3056.7584615384617,1352.1399999999999,757.4138461538461,0.0,0.0,704.0476923076923
b27d6000-81b6-49be-b469-d84f0487ee07,897.0,37.375,9637.364583333334,25405.375,60.458333333333336,0.021275652362381593,0.0023889839654877582,0.0031618928828829503,0.3929140428200875,0.12804449759294936,0.05034544668740687,0.0,0.02600165735418893,24,16,0.6666666666666666,1,14456.046875,7006.89625,3582.80310625,1446.869375,0.0,729.2837499999999
b293d366-3428-437d-8610-aefc4e622c3c,1601.0,66.70833333333333,19368.970416666667,21787.333333333332,33.625,0.010114357765326537,0.0018846113679450293,0.0016763020081555127,0.2945294555965631,0.09155830449124704,0.0,0.04173787575360155,0.14066157493020912,24,16,0.6666666666666666,1,29053.455625,11781.30621875,3870.873125,0.0,1670.3625,5547.5693375
b2ad7b39-e3c7-4564-b2c3-8da3f208fdfa,199.0,8.291666666666666,337.4800041666667,12265.708333333334,18.875,0.004330624679966849,0.0014931412079262874,0.22912269912646818,0.0,0.4583333333333333,0.0,0.0,0.0,24,11,0.4583333333333333,1,736.320009090909,0.0,736.320009090909,0.0,0.0,0.0
b2bd5ad4-169e-41d4-aad9-33050449a215,127.0,5.291666666666667,192.58124875,1918.1666666666667,4.375,0.006106486110464742,0.0025283563974862664,0.014651153972850717,0.0,0.375,0.0,0.0,0.0,24,9,0.375,1,513.5499966666666,0.0,513.5499966666666,0.0,0.0,0.0
b2be65dd-7faf-45d7-9468-77eaa8e949c6,2299.0,95.79166666666667,7949.456666666668,38251.833333333336,150.75,0.011872454823631022,0.004165196957108646,0.0060650944200248795,0.08462080364572129,0.42317971778920976,0.10798748502876686,0.003187709232304533,0.0038852252767414205,24,16,0.6666666666666666,1,11924.185000000001,1241.778125,8066.88125,1916.615001875,45.310625,48.910624999999996
b2c892bd-ee19-450d-a777-20715878dc99,3379.0,140.79166666666666,8613.108333333334,23972.625,57.791666666666664,0.009937382675154592,0.002416420260649754,0.0077555532506111136,0.22817475399075493,0.13425759945925383,0.0958414793030774,0.02701662873895584,0.07468927883988183,24,16,0.6666666666666666,1,12919.6625,4057.4068749999997,2558.79125,1728.5212481249998,616.4068831249999,1858.3875
b2dda466-a7f7-4624-a575-a6482f17a4d4,507.0,21.125,258.03333291666667,17370.625,48.666666666666664,0.011613738328323483,0.002548742098549579,1.0360413256418581,0.01280663226448675,0.05279789121299916,0.08857809062217918,0.029918760958327,0.17311221134286736,24,11,0.4583333333333333,1,562.9818172727272,57.35545727272727,79.16818181818182,49.85,25.977272727272734,282.23545454545456
b2e7d58f-f6a7-410c-8c61-1d587afbcff5,310.0,12.916666666666666,744.1520833333334,14509.416666666666,8.583333333333334,0.0072523075273378005,0.0006510929537977451,0.1739283761482977,0.040741870555535985,0.33317045969015363,0.12656354300083403,0.0021904955978717085,0.025035609093719432,24,14,0.5833333333333334,1,1275.6892857142855,178.3285642857143,459.3642857142857,312.9028571428571,17.81857145714286,208.71071428571426
b2ffff14-1774-4000-a0ff-2601daf2bdd2,353.0,14.708333333333334,3513.434583333333,11192.25,7.333333333333333,0.01605253389476417,0.000812713759507,0.005093509448191754,0.19342029063239843,0.20962552778439203,0.03150524603227305,0.0,0.008028206988528143,24,13,0.5416666666666666,1,6486.34076923077,2391.62,2542.3784692307695,17.517692307692307,0.0,13.406153846153844
b319ac91-5d8b-47fb-a7fa-19c94db6ae77,175.0,7.291666666666667,66.69375000000001,751.625,2.875,0.003293604009300475,0.004499042334165274,0.009537318708928011,0.0,0.20833333333333334,0.041666666666666664,0.0,0.0,24,6,0.25,1,266.77500000000003,0.0,243.95166666666668,22.823333333333334,0.0,0.0
b3754e15-58ae-476a-8a1d-44c340d6c354,143.0,5.958333333333333,240.2854166666667,1208.5833333333333,2.2083333333333335,0.0041083262561048125,0.0018055152162542625,0.021215691850898024,0.08333333333333333,0.4166666666666667,0.0,0.0,0.0,24,12,0.5,1,480.57083333333344,12.721666666666666,467.8491666666667,0.0,0.0,0.0
b3c49ef7-03ec-4024-b67f-0f381811fc03,232.0,9.666666666666666,230.4466666666667,8323.541666666666,13.958333333333334,0.0032059119819598247,0.001731483595217346,0.008047551159917591,0.0,0.28045773311583455,0.03654407281595679,0.0,0.016331527401541982,24,8,0.3333333333333333,1,691.34,0.0,656.76125,25.17375,0.0,9.405
b3e10dc9-6567-45e3-86fa-2e1de64c99fc,518.0,21.583333333333332,4833.895416666666,9085.083333333334,36.833333333333336,0.010922501318354679,0.004186070974249358,0.0023224792866513126,0.3134832638830663,0.07866635285849045,0.054071714686741074,0.003272137232757329,0.19235178839006503,24,16,0.6666666666666666,1,7250.843124999999,3264.2699999999995,814.7725,630.60125,45.543124999999996,2146.7825187500002
b43142c3-c82b-404e-b0d8-53fa8a86238f,380.0,15.833333333333334,2567.2366666666667,6933.083333333333,11.75,0.02359796142498004,0.0017026266950371002,0.002759256269453988,0.5100346460371332,0.02005330980769739,0.02536830381573459,0.0,0.07026198275355872,24,16,0.6666666666666666,1,3850.855,2852.7731249999997,103.41,139.319375,0.0,465.18125000000003
b43efaab-d982-492b-bcf2-532164cc1478,48.0,2.0,103.3225,1295.6666666666667,2.625,0.002166899612951858,0.002107614366735475,0.003999295840807596,0.0,0.20833333333333334,0.0,0.0,0.0,24,5,0.20833333333333334,1,495.94800000000004,0.0,495.94800000000004,0.0,0.0,0.0
b4479737-0442-41f6-a0b1-c14c8c3e527c,38.0,1.5833333333333333,0.0,4572.791666666667,3.9583333333333335,0.0,0.0008972531071387959,0.0,0.0,0.0,0.0,0.0,0.0,24,0,0.0,0,0.0,0.0,0.0,0.0,0.0,0.0
b459a6e2-0227-4f55-b9e9-55849a7768d8,1269.0,52.875,14945.576666666668,66262.25,105.875,0.01231088931074933,0.0018290063671977958,0.0016570961692501044,0.22535884368689832,0.15351468379668612,0.01826152749642346,0.004217028813729987,0.030741992958778178,24,16,0.6666666666666666,1,22418.365,7217.3525,5362.1430625,648.244375,188.661875,1366.4425001875002
b45b5cc8-73eb-4302-bf61-7dc99f078dfb,3219.0,134.125,22944.16791666667,41077.833333333336,164.70833333333334,0.018815177083412796,0.004295426284374567,0.003102561840995033,0.45035517025379157,0.07760883529089498,0.0,0.0,0.1003206692870947,24,16,0.6666666666666666,1,34416.251875,22543.745625000003,4390.195,0.0,0.0,5510.016874999999
b4679667-ef7c-4381-a63b-57103facf390,980.0,40.833333333333336,3906.9733333333334,32204.166666666668,54.0,0.025276028677663275,0.0016544589404770456,0.016908292164338347,0.4139616141162333,0.020299878574570208,0.008408162685094376,0.0,0.10997021260198099,24,16,0.6666666666666666,1,5860.46,3590.966875,231.01999999999998,73.823751875,0.0,1039.362500625
b46da6f7-9efe-41b9-8595-baaece4ecbb2,207.0,8.625,3293.6433333333334,3418.2083333333335,11.125,0.006860536172326722,0.0033817693250800668,0.0010779449987790085,0.6325048940843748,0.03168204543928554,0.0,0.0,0.0,24,16,0.6666666666666666,1,4940.465,4620.6625,298.42749999999995,0.0,0.0,0.0
b492f591-24af-4483-8487-a7ee9e7e78c6,574.0,23.916666666666668,3919.822083333334,6674.25,8.583333333333334,0.014838578783169451,0.0013188553802944583,0.003949175770165292,0.36575061898873895,0.13853761540545564,0.011906007852790917,0.0,0.09806467720271672,24,16,0.6666666666666666,1,5879.733125000001,3666.399375,986.963125,90.20625,0.0,865.6137499999999
b4b07dbe-60ae-4633-a41a-808d6d2ccf3f,1458.0,60.75,664.5183333333334,29455.458333333332,62.458333333333336,0.003020580868504688,0.0017197808759436793,0.020125678463426465,0.0,0.13939552227747848,0.0,0.0,0.11060447772252152,24,6,0.25,1,2658.0733333333333,0.0,856.185,0.0,0.0,1801.8883333333333
b4be4d84-42ad-446a-9b54-b0e245dfd309,319.0,13.291666666666666,159.86625,3346.5833333333335,13.583333333333334,0.0021437917091144086,0.0040517282720327836,0.5703527073958354,0.0,0.25,0.0,0.0,0.0,24,8,0.3333333333333333,1,479.59875,0.0,478.48125000000005,0.0,0.0,0.0
b4ca8680-eb2f-468a-8a13-cb5f2a402b51,135.0,5.625,709.8145833333333,5024.208333333333,9.416666666666666,0.007305377439429584,0.0019298621162677002,0.0014156477678204376,0.15237151536666518,0.16895492298732714,0.010955299516625334,0.0,0.0010515957097580917,24,8,0.3333333333333333,1,2129.4437500000004,1401.36625,615.1,102.40625250000001,0.0,10.57125
b568cb0f-343b-4c40-b7db-52853922e9b7,66.0,2.75,1234.6295833333331,3086.2083333333335,2.5416666666666665,0.010386776783996887,0.0008670805635542584,0.0009992672044296,0.37285637071666516,0.1170443009097134,0.05385988388791696,0.0,0.039572777480948174,24,14,0.5833333333333334,1,2116.507857142857,1508.2414285714283,293.9321428571429,133.24499999999998,0.0,181.08928428571429
b5710ea1-fabf-4c73-ae24-4ed7f3a0bd40,317.0,13.208333333333334,3460.1512500000003,11093.75,11.125,0.014957311224653094,0.001078981719955246,0.009202668984892597,0.3657250199347349,0.1438489276831546,0.04073245728012621,0.0,0.04963895299095314,24,15,0.625,1,5536.242,3258.06,1005.368,86.04133226666666,0.0,660.8666666666667
b57ae3b1-5bc1-4603-83e0-6796f97bc302,1707.0,71.125,2136.411666666667,66101.95833333333,144.625,0.0059026594535191755,0.002301700118277679,0.6031114891638212,0.10021007194733543,0.2684818151347574,0.09012325759262695,0.028998042790084676,0.06980077551897021,24,15,0.625,1,3418.258666666667,439.84933333333333,2739.1666666666665,55.592,21.492666666666665,51.367333333333335
b58b56e0-a482-4931-bb27-7f8d0f09ff73,308.0,12.833333333333334,22.3125,11167.458333333334,7.583333333333333,0.0029425317403686205,0.0005529995277793499,1.457520902329357,0.0,0.16431411332214496,0.0,0.0,0.0,24,9,0.375,1,59.5,0.0,55.55555555555556,0.0,0.0,0.0
b5915a11-e713-45dd-9a1d-b7a510fb873f,139.0,5.791666666666667,252.71583333333334,2482.4583333333335,5.333333333333333,0.0039072067323555,0.002560188608304958,0.0096980581638476,0.0,0.08333333333333333,0.2916666666666667,0.0,0.0,24,9,0.375,1,673.9088888888889,0.0,22.950000000000003,650.9588888888889,0.0,0.0
b597ed11-c1b7-4182-9eca-854476a910fe,100.0,4.166666666666667,87.78333333333335,1332.0,3.7083333333333335,0.004034458353996705,0.0028388482729906957,0.01911676732849874,0.0,0.25,0.0,0.0,0.0,24,6,0.25,1,351.13333333333327,0.0,351.13333333333327,0.0,0.0,0.0
b5b18c17-4a59-4a15-95fe-94f02a251d46,388.0,16.166666666666668,1978.0391675,10422.041666666666,27.625,0.007466952507994237,0.002501643773833754,0.010072542904369921,0.21600000204030043,0.10676866549187423,0.0754343871633145,0.05915017929573929,0.0,24,11,0.4583333333333333,1,4315.72182,3435.901818181818,60.94272727272726,235.55090909090904,568.6163636363636,0.0
b5bc08ee-ff28-4ea1-bc63-93ea3a101b05,47.0,1.9583333333333333,0.0,3042.9166666666665,3.3333333333333335,0.0,0.0011222078698157167,0.0,0.0,0.0,0.0,0.0,0.0,24,0,0.0,0,0.0,0.0,0.0,0.0,0.0,0.0
b5cf23bd-e9f4-4f30-8ae1-2d1245bc58d1,268.0,11.166666666666666,137.92833333333334,4826.333333333333,20.041666666666668,0.002650472680262375,0.005199747455349404,0.0324161082428639,0.0,0.09092324305030038,0.3213760017977636,0.0,0.0,24,11,0.4583333333333333,1,300.93454545454546,0.0,37.71636363636364,257.7927272727273,0.0,0.0
b6076705-7b31-4187-bffd-ef7212cdabf7,728.0,30.333333333333332,6757.426666666666,20819.625,61.666666666666664,0.019173251764320155,0.003048428859154383,0.002330496958076675,0.3386640954121269,0.03898516824642286,0.18886751870085572,0.0,0.03804234334311355,24,16,0.6666666666666666,1,10136.14,5388.635,570.931875,2471.61813125,0.0,637.006875
b607b6bb-095d-458f-afc5-07b5b9bf1e00,968.0,40.333333333333336,6080.511666666666,3378.5,31.625,0.01975127705799849,0.058977530541389135,1.247739458494227,0.4267387676452457,0.10839942875508224,0.004798967667890751,0.005416858339476262,0.07944733826679733,24,16,0.6666666666666666,1,9120.7675,6402.956875,1347.809375,94.95875,78.18625,1194.8125
b60b4015-fb2a-4764-ab70-fc7653bc73f6,197.0,8.208333333333334,2031.3033333333333,13964.75,11.25,0.010038302099157362,0.0008070886528728083,0.0017151103817696876,0.5718861797453266,0.09321201992734122,0.0,0.0,0.0,24,16,0.6666666666666666,1,3046.955,2563.875,476.61125,0.0,0.0,0.0
b60bde57-d517-416a-a9ac-e5a9c7dc908d,477.0,19.875,355.7950000000001,8879.125,57.25,0.0012143021696385875,0.037896574827206146,0.10066590107286995,0.0,0.08342003032025773,0.0,0.0,0.007637037263972629,24,9,0.375,1,948.7866666666669,0.0,15.127777777777778,0.0,0.0,33.435556999999996
b629cb18-de0a-4ea0-a119-c1ce23d307f1,156.0,6.5,43.84041666666667,4323.25,17.541666666666668,0.0035312567374901336,0.003959625308091558,0.048378075048022794,0.0,0.20832635854605586,0.08334030812061081,0.0,0.0,24,7,0.2916666666666667,1,150.31,0.0,135.23428571428573,15.075714285714286,0.0,0.0
b6318632-506f-458a-aa36-b83794109014,514.0,21.416666666666668,1202.4525083333333,11080.875,23.083333333333332,0.00814225135715472,0.002211826015419508,5.289558691007686,0.4551846071021088,0.1091910817310277,0.05761529085227455,0.0,0.0,24,16,0.6666666666666666,1,1803.6787625,1644.5325125000002,84.3268749875,61.990625,0.0,0.0
b6358a3d-9128-47e2-9d7c-cf04aa843c8c,1079.0,44.958333333333336,4231.769166666667,15771.875,45.833333333333336,0.009656922452293945,0.002923973271703871,0.0055163005401440675,0.658084729856203,0.007436771716396517,0.0,0.0,0.0,24,16,0.6666666666666666,1,6347.65375,6292.8675,43.860625,0.0,0.0,0.0
b63f36df-d6c3-4ec9-83eb-4e0466c0f272,918.0,38.25,3706.5366666666664,39892.625,89.45833333333333,0.005461711637942647,0.002421628145965054,0.028634794930397084,0.0,0.4143408839729082,0.06873178193640812,0.0,0.13725683389563775,24,15,0.625,1,5930.458666666666,0.0,4701.9320333333335,342.884,0.0,853.9526666666667
b643e021-acc2-42b2-9349-ce2b81aacc94,519.0,21.625,5423.244583333334,18870.75,23.125,0.010857317712393353,0.0012458016650589417,0.0021406561652085416,0.2938671117194995,0.1755556484632251,0.08218128856864922,0.0,0.05387647998612316,24,16,0.6666666666666666,1,8134.866875000001,3449.1793749999997,2140.62875625,1137.03375,0.0,640.1937499999999
b64a0016-e37d-4b13-84b5-7ff9e44e59b3,812.0,33.833333333333336,5253.168770833334,16669.416666666668,35.416666666666664,0.02748864920739795,0.002143358353962133,0.0030636521787271082,0.497762355472487,0.013486963116375233,0.0,0.0,0.039904453864086246,24,16,0.6666666666666666,1,7879.753156250001,6020.0425,140.08124999999998,0.0,0.0,309.955625
b670c85f-d6ae-4233-823c-5f2cb711fff0,802.0,33.416666666666664,8497.290416666667,18131.041666666668,41.208333333333336,0.013502894212312605,0.002421318509697846,0.001591685093678329,0.24256066957554903,0.14069732335030052,0.027832806581603742,0.05803981169524843,0.0752746834215943,24,16,0.6666666666666666,1,12745.935625,4576.22189375,2756.41811875,515.67187625,1087.913751875,1486.140001875
b691a140-5f29-4855-9b41-aa6a47405c4f,176.0,7.333333333333333,4465.216666666666,14313.125,13.833333333333334,0.02423998399222485,0.0010473463646765585,0.0007453476719944209,0.3605341240081323,0.04793516048496257,0.0,0.0,0.14040148905005692,24,16,0.6666666666666666,1,6697.825,3683.1118750000005,575.64375,0.0,0.0,1017.8081231250001
b6cba2b9-30ac-4d97-95f9-0adb7610138c,1242.0,51.75,8211.489166666666,27610.083333333332,61.875,0.01759084982001233,0.0023094880273398168,0.0054540797064148334,0.14826749259388627,0.26300359764310427,0.06098416527979278,0.0,0.01616110015546213,24,16,0.6666666666666666,1,12317.23375,3225.73125,3288.9631249999998,1416.704373125,0.0,506.681875
b6cf5bff-5380-464d-bd3e-5f3f96b130a9,5.0,0.20833333333333334,0.0,168.66666666666666,0.16666666666666666,0.0,0.00010299183036912916,0.0,0.0,0.0,0.0,0.0,0.0,24,0,0.0,0,0.0,0.0,0.0,0.0,0.0,0.0
b6f01667-83c6-4ff8-b61c-17fa8d605635,901.0,37.541666666666664,7487.78375,27782.333333333332,40.666666666666664,0.015552158390909315,0.0015328885960485792,0.002115448966231125,0.20280444321299043,0.10695722842021844,0.04532351635913045,0.0,0.09006266361600239,24,16,0.6666666666666666,1,11231.675625,3396.2725,1827.283125,750.3612499999999,0.0,1557.786875
b71e0b21-b77a-4495-a9df-055d802a1a15,457.0,19.041666666666668,854.5266666666666,10144.083333333334,26.416666666666668,0.011470820906574745,0.002612547583321042,0.10379793590858093,0.0,0.1673242301758919,0.0,0.0,0.4407601297507389,24,15,0.625,1,1367.2426666666665,0.0,158.59066666666666,0.0,0.0,1143.9086666666665
b733f035-2b7a-48d2-b2e6-56994e97ab32,169.0,7.041666666666667,226.01625,1305.9583333333333,2.875,0.0029578953078792454,0.0023199382023326915,0.0012096258911006498,0.041666666666666664,0.125,0.0,0.0,0.0,24,4,0.16666666666666666,1,1356.0975,200.31,1155.7875,0.0,0.0,0.0
b7361fbe-7293-4391-9efd-fe5fb5ee9d95,748.0,31.166666666666668,1309.8545833333335,11249.75,49.75,0.005532858566975346,0.00450461375444615,0.050336389841103245,0.20717127702463078,0.2916553517461789,0.08333333333333333,0.0,0.0,24,14,0.5833333333333334,1,2245.465,1274.6514285714288,810.215,153.87714285714287,0.0,0.0
b752a1e3-e3a0-44c3-b1d3-e5d68eac07cf,558.0,23.25,571.192083375,10129.0,53.583333333333336,0.007975119683579784,0.004977419874434033,0.09857267902510097,0.041666666666666664,0.05301196265074579,0.023440112897568297,0.0,0.17191783097869262,24,12,0.5,1,1142.38416675,416.4166666666667,53.78333333333333,19.156666666666666,0.0,548.8599916666667
b79c78e9-c434-48a9-b8ec-a68a4d8b3355,68.0,2.8333333333333335,486.88124999999997,2188.8333333333335,3.2916666666666665,0.019050022376247807,0.0016096179297485583,0.026564613500495705,0.3722901937614571,0.15010130376508884,0.041666666666666664,0.019275169140120705,0.0,24,14,0.5833333333333334,1,834.6535714285714,470.7214285714286,222.94000000000003,4.929285714285714,136.06285714285713,0.0
b7e60d07-7283-4e27-add0-baf8187bf426,383.0,15.958333333333334,1855.6479208333333,15400.625,37.875,0.017977600660130825,0.0027326619542308874,0.10820232789950614,0.27320609897759346,0.1852099301333103,0.0,0.0,0.0,24,15,0.625,1,2969.036673333333,1592.1066666666666,468.2953386666667,0.0,0.0,0.0
b7eed7f7-516a-40ec-b07b-74ade83a9b76,486.0,20.25,4546.989166666666,12271.0,14.416666666666666,0.018962386206223942,0.0012037420474627666,0.0020924581334437666,0.44959302085890873,0.16845605886482698,0.015468668176596534,0.0,0.03290007760099225,24,16,0.6666666666666666,1,6820.483749999999,4522.478125000001,1808.963123125,168.47500000000002,0.0,318.17375000000004
b7fc5550-1dec-4c66-8ebe-970bbfb8ca01,195.0,8.125,290.30541666666664,1388.9583333333333,2.25,0.0021372153914434124,0.003793712555541104,0.015409439092261576,0.0,0.20833333333333334,0.16666666666666666,0.0,0.0,24,9,0.375,1,774.1477777777777,0.0,332.00777777777773,442.14000000000004,0.0,0.0
b8105755-89ae-4191-b248-97e8469b5f80,1239.0,51.625,16978.698333333334,27888.083333333332,155.41666666666666,0.01037127285654642,0.005691205182825318,0.0013993743172366336,0.5591880634662697,0.002043080118549808,0.04160454251945913,0.0030982369718405753,0.060611741207908854,24,16,0.6666666666666666,1,25468.0475,21158.56125,84.87249999999999,1699.7381249999999,171.19375,2347.7349999999997
b83340f0-1fd0-4a10-9eb6-0c98cd55e990,619.0,25.791666666666668,2008.024583333333,17609.375,42.875,0.009022990187818417,0.0025579353445565373,0.1370238290978731,0.10599618168425508,0.04108791034919539,0.28399664588622847,0.0,0.038221059558842356,24,14,0.5833333333333334,1,3442.327857142857,473.3228571428571,409.355,1807.5678571428573,0.0,402.33786428571426
b8583868-0471-4790-ba48-1692fb292888,6.0,0.25,831.85,623.9583333333334,0.16666666666666666,0.0018668903144355958,2.3205973043375003e-05,3.884308072315417e-05,0.08833232151220266,0.004641266374676067,0.007531799983526371,0.005352661055917196,0.019141950991304963,24,3,0.125,1,6654.8,4751.446666666667,250.85333333333332,410.4533333333334,290.54999666666663,951.4966666666666
b88d26b6-fd0b-44eb-a935-1b6ac98a3dd6,174.0,7.25,2195.9133333333334,3924.5,21.333333333333332,0.019321119070040246,0.005592655276259004,0.0013820271615232291,0.5134829186919093,0.044127559707608455,0.027498265892353796,0.0,0.08152862201302144,24,16,0.6666666666666666,1,3293.8700000000003,2414.135,224.80562499999996,146.7687488125,0.0,508.01374999999996
b892c5e0-abf5-43c1-a7a2-2dc4b564f435,63.0,2.625,121.22500000000001,604.625,2.1666666666666665,0.0032196393461838293,0.003838235331812183,0.004672694523720525,0.0,0.19089476555090834,0.07725523265870958,0.0,0.023516668457048733,24,7,0.2916666666666667,1,415.6285714285714,0.0,367.2571428571428,33.36,0.0,15.01142857142857
b8952572-ac23-4270-bd3c-ecb3e35fa42d,688.0,28.666666666666668,674.9795708320834,22483.333333333332,69.5,0.0013439417621822249,0.0032357649659257373,4.263866640587568,0.12304177545691906,0.16666666666666666,0.0,0.0,0.0,24,9,0.375,1,1799.945522218889,470.4166666666667,1321.8877444444445,0.0,0.0,0.0
b8b39a17-f33e-46ca-9a7f-ea79009c9b6f,12.0,0.5,383.855,417.2083333333333,0.3333333333333333,0.0014592485286466748,7.718414460193333e-05,0.00014873617139510002,0.05060765373740459,0.0,0.0,0.0,0.0743923462625954,24,3,0.125,1,3070.84,1246.6366666666665,0.0,0.0,0.0,1824.2033333333331
b8b6dcd1-bac5-4b8d-8333-10fe9c41c323,798.0,33.25,6679.21625,23268.416666666668,54.041666666666664,0.01234279646196959,0.00233480364182955,0.003230888043233217,0.2798630704821496,0.15487250558064994,0.13512570429280626,0.0,0.055728787354408026,24,16,0.6666666666666666,1,10018.824375,3860.8199999999997,2143.63811875,2576.25250625,0.0,871.01686875
b8bc1ee5-f414-42d9-a1f5-bf5b6c63d71f,555.0,23.125,3428.1012499999997,9019.375,48.916666666666664,0.013702596043763995,0.005568615508374862,0.0029458834645729915,0.35000965486060337,0.002226839619911654,0.025594405993104835,0.0,0.2876015491034601,24,16,0.6666666666666666,1,5142.151875,2525.2068750000003,12.924375000000001,200.2975,0.0,2392.715625
b904b210-e1b6-4e99-8cac-4199d95563de,1836.0,76.5,22600.538750000003,40721.708333333336,106.0,0.01324655856855289,0.003231398302885779,0.0014955456962175084,0.4512146001090264,0.08913883306859616,0.0013943278584094623,0.0023890869671244082,0.12105267005383546,24,16,0.6666666666666666,1,33900.808125,22794.634374999998,4547.88249375,79.305625,109.418125,6285.9825
b9062c81-9e1d-41ea-9473-518f2ab3302d,2264.0,94.33333333333333,8510.58875,44714.75,242.70833333333334,0.006956693869213325,0.0049546561278667875,0.006296317561852266,0.6542062614902088,0.007443994203906275,0.000945937061867675,0.0,0.002071289991335321,24,16,0.6666666666666666,1,12765.883125,12630.814312499999,73.216875,9.928125,0.0,21.952500625
b92b3b45-7af6-4d29-b097-d4eae98b12ee,1267.0,52.791666666666664,3429.726666666667,7973.833333333333,28.5,0.010365680350504168,0.0037213883837361916,0.007685043368737554,0.36803771605241087,0.08154419311888196,0.11990993990109373,0.0,0.09697588861373069,24,16,0.6666666666666666,1,5144.59,2620.986875,731.8168675,863.235,0.0,927.1649937499999
b9560710-c4e5-4975-80d7-ee57ae8ba202,408.0,17.0,3492.59375,7911.458333333333,9.041666666666666,0.017876132208122435,0.0011381758665925,0.002406936045585083,0.4974397665927053,0.09159612396318244,0.0733704171516681,0.0,0.0031051660629914375,24,16,0.6666666666666666,1,5238.890625,3875.9693749999997,760.32249875,570.0106268750001,0.0,23.804999875
b9780a33-2ab2-48ff-bcd8-1fa37b5555e5,1348.0,56.166666666666664,6119.639166666667,26259.75,83.125,0.009062807128590025,0.0034223403979666334,0.0069354538751369614,0.3369097366478977,0.1828361785847973,0.1286965331496999,0.0,0.01809571376187061,24,16,0.6666666666666666,1,9179.45875,5669.46375,2182.89000025,920.6812493749999,0.0,405.1675
b98f2859-a1f9-49d7-9050-c586835bdd7d,1064.0,44.333333333333336,5883.754575,16322.125,29.833333333333332,0.013552889089973034,0.0019441124320196876,0.0036565355368889333,0.42157887649793485,0.020599472962442984,0.08502395795211527,0.0,0.13925454299906195,24,16,0.6666666666666666,1,8825.6318625,5459.95374375,190.38875,1244.835625,0.0,1927.366876875
b99efdbb-1143-4c66-a51a-89103cde0493,595.0,24.791666666666668,1029.4454166666667,3735.25,14.541666666666666,0.004887793186767813,0.0067499165737506875,0.19793238868015064,0.0,0.09049824489671209,0.3673975023025447,0.0,0.0,24,12,0.5,1,2058.8908333333334,0.0,52.284166666666664,2002.8550000000002,0.0,0.0
b9b4b6fa-5ecf-476c-bb93-8bdd3d9eecb8,1011.0,42.125,3706.7749958333334,28367.541666666668,69.83333333333333,0.009783633137599121,0.0026547798259343794,0.0046348420302230785,0.13822673517007414,0.0630911301744009,0.07646192407053722,0.0,0.14919981942322605,24,15,0.625,1,5930.839993333333,879.018,612.9193333333334,972.1233333333332,0.0,1516.7973333333332
b9c789cd-bd94-475b-9e9a-faa6ed0a6ed3,88.0,3.6666666666666665,103.106666625,2331.9583333333335,4.791666666666667,0.005181768052279125,0.0024417203208653374,0.01769211421462626,0.0,0.3333333333333333,0.041666666666666664,0.0,0.0,24,9,0.375,1,274.951111,0.0,260.09999988888893,14.851111111111111,0.0,0.0
b9e99bd3-9612-40c0-886a-a351e7c5146c,993.0,41.375,6398.883333333334,22596.083333333332,43.041666666666664,0.012108525400462608,0.0019606143921663335,0.0026516483881279585,0.4388349923380652,0.08780069055366613,0.07704884525375066,0.0,0.06274913167101857,24,16,0.6666666666666666,1,9598.325,6177.46125,1335.7225062500002,1347.110625,0.0,732.56187525
ba0f0fa0-c0cb-4de4-a1a5-63da3570fcd9,1923.0,80.125,6494.749583333333,23416.666666666668,105.29166666666667,0.011773129736614124,0.004520520856400775,0.0067322530911989795,0.10114517044133653,0.46940509454020346,0.05807274230672671,0.002681296394317689,0.02890122815370894,24,16,0.6666666666666666,1,9742.124375,1319.665625,7345.04686875,754.87625125,20.1575,195.948125
ba156741-6798-4fa9-9ea2-07663c6db10f,1344.0,56.0,1045.827496375,7715.791666666667,70.66666666666667,0.00583044611011893,0.011720211744489612,0.052622011176540535,0.05190634123889601,0.2805367468346568,0.06799056764769944,0.0,0.07568144059507291,24,14,0.5833333333333334,1,1792.847136642857,76.37714285714286,1086.6971357142859,153.57714285714286,0.0,314.56642142857146
ba1ba32f-25d3-4602-983c-5401eba851ac,189.0,7.875,414.12624999999997,5147.416666666667,9.541666666666666,0.007777787939028116,0.001857608739233579,0.03925475831936866,0.0,0.5196775702851771,0.047232197763488616,0.0,0.016423565284667544,24,14,0.5833333333333334,1,709.9307142857142,0.0,683.4735714285714,20.270714285714284,0.0,6.186428571428571
ba24e908-d6d5-4a86-b4ca-159bcedf5f7e,988.0,41.166666666666664,4287.095416666666,17737.791666666668,32.958333333333336,0.012628032984483185,0.0019414590567468457,0.005211232442110283,0.20758933925272613,0.2049603804470558,0.05455553297967656,0.0,0.044395231037573264,24,16,0.6666666666666666,1,6430.643125,1796.2581249999998,2030.0481187500002,561.3600074999999,0.0,517.4549999999999
ba28ab29-1622-458c-9d43-b8ad70b8eb10,322.0,13.416666666666666,1145.49625,9446.791666666666,8.25,0.008305190789195576,0.0010295361568988793,0.0043968685982054495,0.18170570901259794,0.09487472573612338,0.0,0.0,0.11661388759958141,24,11,0.4583333333333333,1,2499.264545454545,868.9427218181819,159.86999999999998,0.0,0.0,927.5527300000001
ba4cda87-1965-4b59-bf88-dcf424b42118,1889.0,78.70833333333333,3383.5879291666665,24984.625,60.0,0.004874037236560162,0.0023338854200313374,0.07855647872319253,0.0,0.5404428365031335,0.0,0.0,0.0,24,14,0.5833333333333334,1,5800.43645,0.0,5678.495735714286,0.0,0.0,0.0
ba6070cf-6e3f-4967-beec-49c05bb36fba,378.0,15.75,4200.604583333334,8403.416666666666,13.291666666666666,0.010450043155284541,0.0005911443688708791,0.0013594215995602291,0.18025779349802518,0.04380650832430141,0.040138886372328236,0.0,0.05570015792324042,24,8,0.3333333333333333,1,12601.813750000001,6413.064999999999,2119.31,1364.11125,0.0,2026.1162499999998
ba956c22-5f2d-4559-9536-4d9de8234fef,368.0,15.333333333333334,5199.3075,7067.375,17.25,0.010555645249593544,0.002053680289774025,0.001321334183743329,0.4343007371741728,0.07335951266051885,0.007704848406827454,0.0,0.1502967440166317,24,16,0.6666666666666666,1,7798.96125,4386.676875,1794.003756,53.549374375,0.0,1554.5
bac9154c-43e9-46c9-8c58-6637cd1de2a2,33.0,1.375,29.092499999999998,359.0,1.7916666666666667,0.003334042547900075,0.006282297596002542,0.0016377495036890499,0.0,0.16666666666666666,0.041666666666666664,0.0,0.0,24,5,0.20833333333333334,1,139.644,0.0,132.942,6.702,0.0,0.0
bacdf142-336e-4244-9e98-5de61b3fb6e0,1730.0,72.08333333333333,8888.957083333333,32959.583333333336,49.958333333333336,0.01842254112427995,0.0015209491344039376,0.003777762644298683,0.5462259027181986,0.11155995150852711,0.0013642358500568167,0.0,0.0021315125715313872,24,16,0.6666666666666666,1,13333.435624999998,10873.983125,2290.118125,31.67,0.0,39.67125
bb2c9341-3c48-43c7-be1b-fcb451ebe853,200.0,8.333333333333334,332.9541679166667,563.8333333333334,3.4166666666666665,0.004578965699048449,0.008051901221150024,0.010877646065638145,0.0,0.4166666666666667,0.0,0.0,0.0,24,10,0.4166666666666667,1,799.0900029999999,0.0,799.0900029999999,0.0,0.0,0.0
bb8fb613-4484-411f-ba25-cc3e67997c1a,361.0,15.041666666666666,3999.3758333416663,12194.458333333334,9.333333333333334,0.007935081936879942,0.0008936288563795625,0.21183378920289683,0.12632697013285013,0.14645359571699254,0.13945627968610905,0.00536911053385012,0.011900622674003719,24,13,0.5416666666666666,1,7383.463076938462,2621.833076923077,2713.7484846153848,68.42384538461539,161.87846153846155,79.98923076923076
bb980e53-403f-48b0-a3a1-ebe786cafd43,401.0,16.708333333333332,3367.4170833333337,26405.5,27.958333333333332,0.009488645988077207,0.0010761983811117,0.002213708643122996,0.43928392799801613,0.05916683934145032,0.010145416215176504,0.0,0.15782104474495118,24,16,0.6666666666666666,1,5051.125625000001,3244.135625,463.81624875,84.043125,0.0,1257.21311875
bbc54de2-83cd-462a-b755-343fbddd13ce,107.0,4.458333333333333,416.05750000000006,2314.4166666666665,1.875,0.009132655351003419,0.0008597250403296,0.0053075869246142745,0.0,0.49354735262494454,0.17311931404172212,0.0,0.0,24,16,0.6666666666666666,1,624.0862500000001,0.0,476.26625,147.82,0.0,0.0
bbce4f49-dc2d-4af0-ab98-142fa0c499bb,141.0,5.875,295.58750375,1084.125,2.1666666666666665,0.004369290204828746,0.0022924282549144667,0.26383273092445125,0.0,0.375,0.0,0.0,0.0,24,9,0.375,1,788.2333433333333,0.0,788.2333433333333,0.0,0.0,0.0
bbe29bf4-30a6-4891-ae4b-ee65958057d7,1755.0,73.125,8950.704166666668,7228.75,49.333333333333336,0.009914497664437747,0.0093744731879544,0.04134118409948328,0.21640801728977824,0.2155895031799728,0.1214176683458031,0.0,0.06600228418012753,24,15,0.625,1,14321.126666666667,8520.400000000001,2267.602,1182.3933333333334,0.0,1996.0206666666666
bbea0888-e4a9-4c48-86aa-ac3b1597fd50,865.0,36.041666666666664,8209.384583333334,24425.125,69.54166666666667,0.020294848205446338,0.0027942565446223543,0.0028817548366671165,0.3669602721724467,0.017755935878750215,0.00632556874555027,0.0,0.0645539856401523,24,16,0.6666666666666666,1,12314.076875,6280.980625,179.634375,125.86812499999999,0.0,1342.67438125
bbfbf040-d7ab-40ed-a1a4-80c954099c56,226.0,9.416666666666666,395.22749999999996,6864.083333333333,20.333333333333332,0.004916534736051933,0.00291200731582855,0.00866201904715297,0.0,0.375,0.0,0.0,0.0,24,9,0.375,1,1053.9399999999998,0.0,1053.9399999999998,0.0,0.0,0.0
bc255d4e-dfe7-4f03-ac4b-30053cd6f027,908.0,37.833333333333336,9600.348333333333,18285.083333333332,61.583333333333336,0.009632723387973776,0.0034026105095584422,0.0018457276394217292,0.2041665012742475,0.05856281437456936,0.0023157984063387374,0.0024172240428003582,0.21022651620271482,24,16,0.6666666666666666,1,14400.5225,4083.6493625000003,1435.4162499999998,58.268125,60.2375,4788.1137499999995
bc568eb3-0824-490e-b6fc-f25d5889821a,327.0,13.625,812.3929166666667,4649.708333333333,12.083333333333334,0.012279911450747222,0.00263425504343085,0.010495706086849492,0.338560177409428,0.07575110228090852,0.05977978172658164,0.03588676707090727,0.03077514178461831,24,13,0.5416666666666666,1,1499.8023076923077,1283.2015384615383,76.61692307692309,59.83384615384615,28.713076923076922,50.08769230769231
bc61c470-21cb-47ac-b62d-2ccad19c8885,2138.0,89.08333333333333,9838.589999999998,30580.875,120.20833333333333,0.007421563773254271,0.007268719579063317,0.08932793329185801,0.12328552936935071,0.14025313628402858,0.04728308107707496,0.03398860360519775,0.14165639721412412,24,15,0.625,1,15741.744000000002,3947.0899999999997,1846.7186666666669,988.8186664000002,1060.4979999999998,5825.772
bc72aa92-d556-401c-8eb5-4bfe51388a4f,1416.0,59.0,9753.065833333332,33357.75,109.20833333333333,0.008760804548861158,0.0034426563623246253,0.0027298551815815413,0.17549119518793813,0.07819539956105036,0.18589313571694807,0.0,0.06736535354939399,24,16,0.6666666666666666,1,14629.59875,3803.888125,1714.7143687500002,4126.198125000001,0.0,1994.089375
bc8eeb4c-f5da-411e-9e8e-dcd516a65849,162.0,6.75,166.60458333333332,2162.6666666666665,6.458333333333333,0.002145957986879396,0.0006479417915501042,0.018777527342978717,0.0,0.0,0.12553984211830507,0.0,0.041126824548361585,24,4,0.16666666666666666,1,999.6275,0.0,0.0,860.2125000000001,0.0,139.415
bc94725d-7ddc-4d35-9e62-056ecf0f5583,170.0,7.083333333333333,1176.8470874583334,6090.666666666667,19.291666666666668,0.006367476464650729,0.0031495720411765043,0.015579813568420803,0.41118733775832017,0.044325633343731935,0.04374680711383571,0.0,0.00074022178411215,24,12,0.5,1,2353.6941749166667,2307.1100083333336,15.934166583333335,26.587499999999995,0.0,4.0625
bcba674a-a21b-43b8-9cee-1cf598e0e972,81.0,3.375,73.51999991666666,2094.2916666666665,3.7083333333333335,0.0019912096290438663,0.0017357294690341582,0.0029157025159498376,0.0,0.25,0.0,0.0,0.0,24,6,0.25,1,294.07999966666665,0.0,294.07999966666665,0.0,0.0,0.0
bcdf6894-d3dc-488e-a2a4-1105b074c9e6,52.0,2.1666666666666665,155.77083333333334,36.875,0.125,0.0020833333333333333,0.00014124293785310415,0.00045695689001827496,0.041666666666666664,0.0,0.0,0.0,0.0,24,1,0.041666666666666664,1,3738.5,3738.5,0.0,0.0,0.0,0.0
bcec9ec4-bc73-4883-a2dd-dd574a44831d,280.0,11.666666666666666,201.42416666666668,4630.875,15.0,0.009101212780278192,0.002936954955911604,0.022216743151029932,0.0,0.08434769115981788,0.0,0.0,0.16565230884018212,24,6,0.25,1,805.6966666666667,0.0,31.376666666666665,0.0,0.0,774.32
bd1d8a45-b343-4def-9a2e-51497dc49768,423.0,17.625,255.71749999999997,12915.125,55.083333333333336,0.0024547650700788124,0.004296789548488549,0.3270476871165,0.041666666666666664,0.24927866969170753,0.0,0.0,0.0,24,11,0.4583333333333333,1,557.929090909091,90.16363636363636,440.36181818181814,0.0,0.0,0.0
bd3ef592-f6f9-4d4f-857e-32aac946444b,711.0,29.625,1375.7337500416668,17189.5,26.958333333333332,0.0058671702125768594,0.0017157840803364293,0.10186496690416506,0.041666666666666664,0.07093131305234733,0.4305660706526007,0.018667975055368897,0.01561184293834201,24,15,0.625,1,2201.174000066667,333.1333333333333,58.68133333333333,1728.3406666666667,11.087333333333333,33.7573334
bd9f502e-81b9-4963-b57e-2da429e564af,265.0,11.041666666666666,488.7820875,586.875,1.7916666666666667,0.008310024484275213,0.003158725698979342,0.5734230545993882,0.03373422325764067,0.02276081093897381,0.0036133649314481543,0.0,0.3039846211288945,24,12,0.5,1,977.5641750000001,100.78166666666668,20.480833333333333,10.795,0.0,780.2033333333333
bda1cf15-f9c1-4a98-a66f-8964eef78570,215.0,8.958333333333334,3383.5483333333336,12600.5,24.125,0.012022463429134824,0.0019686587663471375,0.0013128342950544335,0.4644122590057065,0.02535462661330172,0.0,0.07216996784594765,0.10472981320171075,24,16,0.6666666666666666,1,5075.3225,3510.285,205.01250000000002,0.0,536.7318750000001,823.293125
bdb7ff98-554e-4edb-92ae-728a845e7372,302.0,12.583333333333334,657.572085,4453.958333333333,12.75,0.005103061508905137,0.0028849571264553415,0.008596945883114325,0.3533681287474781,0.12278850744953886,0.041666666666666664,0.0,0.02282426339519765,24,13,0.5416666666666666,1,1213.9792338461539,955.5630823076922,224.67846153846156,17.383846153846154,0.0,13.395384615384614
bdca7213-fd45-49b1-918f-d363884d7272,1313.0,54.708333333333336,6715.001666666667,11493.25,81.95833333333333,0.010082155591928347,0.007604597826896896,0.009691438048524325,0.36508269573918745,0.049633328500041374,0.0037565441347244834,0.0,0.2091138343462929,24,16,0.6666666666666666,1,10072.5025,5459.8975,203.80312495624997,12.696875,0.0,4245.0287499999995
bddb9d45-b670-4520-8fab-830c9c345f4b,363.0,15.125,2006.5066666666664,2118.0833333333335,5.208333333333333,0.0023169870046805792,0.0024374411744559625,0.003228943942664696,0.5063824446613835,0.07093950322436572,0.08439462388154374,0.0,0.004889908214937546,24,16,0.6666666666666666,1,3009.7599999999998,2201.3974875000004,340.696875,447.89437499999997,0.0,19.556250000000002
bdf047e1-4415-4a21-b693-83ae4075ac1f,520.0,21.666666666666668,5275.14625,12075.583333333334,23.916666666666668,0.03333333333333333,0.002013874020789775,0.001808941737077071,0.6434915126261892,0.003944205696448604,0.00078864650687855,0.0,0.00028968619087697085,24,16,0.6666666666666666,1,7912.719375,7537.133749999999,56.919375,13.071875,0.0,4.87375
bdfe318b-a9ad-4081-a04b-173c4b1480c5,430.0,17.916666666666668,2212.0183333333334,9292.041666666666,22.666666666666668,0.008485899136533604,0.002499413438835671,0.8853402288538507,0.2185746585224436,0.010309857132246204,0.27025015461170776,0.0,0.0,24,13,0.5416666666666666,1,4083.726153846154,2359.0307692307692,65.99153846153845,1654.579230769231,0.0,0.0
be0057b2-b994-4e66-bf17-6ac829761d70,328.0,13.666666666666666,163.98416625000002,4330.875,15.416666666666666,0.0021611625218235834,0.003542210718335987,5.0270833052080475,0.0,0.25,0.0,0.0,0.0,24,10,0.4166666666666667,1,393.561999,0.0,390.606999,0.0,0.0,0.0
be18c9c9-38ba-4bbb-b4e3-1797472c76ec,469.0,19.541666666666668,2730.9879125,10150.458333333334,24.458333333333332,0.016868762571230322,0.0028850023358329125,0.004658674495383896,0.4279063627402455,0.15059224783638364,0.08764827848900995,0.0,0.0,24,16,0.6666666666666666,1,4096.48186875,2282.125,717.4118687499999,1091.4375,0.0,0.0
be216737-d1db-4bf9-9b3b-04c6e5e5bc04,1453.0,60.541666666666664,13801.917500000001,26427.625,83.45833333333333,0.026575799225979746,0.003834811065840183,0.002264820184029242,0.5468069721455676,0.0010999753441995543,0.0,0.0,0.1186499400600588,24,16,0.6666666666666666,1,20702.87625,16670.88125,26.493124375,0.0,0.0,4001.3031250000004
be21b942-4c23-4e7c-9ba3-4a4de2166422,96.0,4.0,3926.3224999999998,2755.5,4.666666666666667,0.011235625206017586,0.0018841953359249378,0.0004377920230015208,0.5288231405184532,0.07694044266387072,0.024839199513376303,0.0,0.03479447124787699,24,16,0.6666666666666666,1,5889.483749999999,4598.82814375,718.850625,230.53687499999998,0.0,336.486875
be2220d8-4c27-4811-af62-cca266647d8a,460.0,19.166666666666668,1175.7316666666666,5940.541666666667,14.5,0.007718688643074396,0.002477065427934904,0.7585063598452509,0.31756470288641414,0.08399025472060608,0.05594844336103972,0.0,0.0,24,12,0.5,1,2351.4633333333336,1965.75,33.44083333333334,347.2391666666667,0.0,0.0
be2b050f-2070-4f32-9f07-5dfd0aaf9ffa,2471.0,102.95833333333333,6722.97,66624.75,448.0416666666667,0.006744599952814671,0.006742721975244608,0.02608616731962533,0.02687888275573726,0.2952355929050384,0.19006898126080377,0.025451534751118082,0.07370491637532367,24,16,0.6666666666666666,1,10084.455,84.218125,2689.48998125,6443.369374375001,22.71125,273.270625
be49861f-da03-43a3-9ddf-55e12362e35f,776.0,32.333333333333336,12266.471666666666,29057.458333333332,55.5,0.010010164350378466,0.002117698122130954,0.0011309998225353625,0.46907358349166484,0.029744270947940032,0.03756393176604098,0.0,0.13011660646146997,24,16,0.6666666666666666,1,18399.7075,12771.57375,785.2006250000001,999.256876875,0.0,3838.38
be5c2db0-bfa9-4622-bf3b-3c11cb5a1af4,79.0,3.2916666666666665,252.70375,4733.416666666667,10.291666666666666,0.0035042497557321414,0.0022330088040496128,0.0004742067676584626,0.15244145390641087,0.0,0.0,0.0,0.014225212760255792,24,4,0.16666666666666666,1,1516.2225,1314.505,0.0,0.0,0.0,201.7175
be6455f5-8813-4cae-a9ba-de06cd1110ec,1104.0,46.0,17100.48,44834.083333333336,165.875,0.014261357887373009,0.0046113608222424,0.001410397520501925,0.42508454381064037,0.04010224106295753,0.000145755584049725,0.0,0.1611715526673487,24,16,0.6666666666666666,1,25650.72,18157.0,1258.0818749999999,13.10875,0.0,4601.483125
be864990-f9d3-4d9f-b9d0-6dd04ffdb88a,805.0,33.541666666666664,5170.338333333333,8961.625,37.5,0.010358055729359389,0.004161931007101296,0.05648834770609611,0.2375989131509184,0.29499591637481787,0.019003601153818404,0.0,0.0039224906373063985,24,15,0.625,1,8272.541333333333,4427.018,2123.0926733333336,361.29133333333334,0.0,76.93466666666667
be9a8cb8-04e8-4bea-a205-cd6799a85d72,238.0,9.916666666666666,7.71875,9647.875,27.5,0.0006999381450011375,0.0011222339536333542,0.0022492127755285624,0.0,0.041666666666666664,0.0,0.0,0.0,24,1,0.041666666666666664,1,185.25,0.0,185.25,0.0,0.0,0.0
beb24ae6-bf30-4d97-9187-43661d4773ec,1142.0,47.583333333333336,6657.679166666666,19308.291666666668,60.0,0.018376105034959744,0.0030859320477753167,0.0036873131661470586,0.19327074528574872,0.075312633819082,0.0957332920709979,0.050787974859172226,0.09055313059563645,24,16,0.6666666666666666,1,9986.51875,2218.346875,1263.521875,1840.03185625,822.906875,1327.524385625
bec65d65-6aff-4c06-9771-2ca08697acab,190.0,7.916666666666667,300.2316666666667,3247.5416666666665,8.583333333333334,0.005207090086677133,0.0028526246060366373,0.017914858238776366,0.0,0.08638651402292102,0.3719468193104123,0.0,0.0,24,11,0.4583333333333333,1,655.050909090909,0.0,13.481818181818182,641.569090909091,0.0,0.0
bec9937c-445e-4fd3-8088-225cb25eb138,761.0,31.708333333333332,670.2195820833333,8102.041666666667,47.208333333333336,0.002686467717027688,0.021369058154693494,3.8741514446144887,0.0,0.19834211484371436,0.0,0.012874552574134663,0.03125605343195852,24,11,0.4583333333333333,1,1462.29727,0.0,858.4699972727274,0.0,187.06181818181815,291.4909
bed3fc1d-2d11-48fc-b71a-8d3af8296525,156.0,6.5,1405.3391666666666,4091.75,8.0,0.01739110378233501,0.0020890595295315335,0.02318294544840536,0.18953410684234995,0.1636228327158861,0.0,0.0,0.23017639296630277,24,14,0.5833333333333334,1,2409.152857142857,827.1542857142856,400.28999999999996,0.0,0.0,1181.7085692857142
bed7301f-be11-4b52-b338-41b43016ec83,505.0,21.041666666666668,4489.245833333333,13735.833333333334,29.041666666666668,0.028133377118922262,0.0020344087817324003,0.0017665214866222918,0.49347322208808436,0.027757586590450804,0.0,0.0,0.004815387333686446,24,15,0.625,1,7182.793333333332,5597.449999999999,341.83200000000005,0.0,0.0,69.75866666666666
bed7683a-2838-4d11-9f4b-f1e361d97496,107.0,4.458333333333333,4.661666654166667,1276.8333333333333,5.5,0.0030382504829850796,0.004261236291835912,0.09335612402722449,0.0,0.16666666666666666,0.0,0.0,0.0,24,4,0.16666666666666666,1,27.969999925000003,0.0,27.969999925000003,0.0,0.0,0.0
beda3a19-062a-45fe-a818-3068badb22c6,1442.0,60.083333333333336,9033.017083333332,16125.708333333334,48.833333333333336,0.022958906634018148,0.0035009821732290627,0.0037356994993137833,0.4067580338729615,0.009477059992648395,0.023893238844047367,0.0,0.182900994030006,24,16,0.6666666666666666,1,13549.525624999998,7587.36625,61.909375,261.634375,0.0,4665.34688125
bf00b9a7-de30-4943-b7cc-a555d874b9ac,1685.0,70.20833333333333,3851.3395875,37955.583333333336,82.83333333333333,0.009606840787315163,0.0022306667174592705,0.019828459157298865,0.39796281369462494,0.11501472920017342,0.05101814725399469,0.0,0.03882688904615445,24,15,0.625,1,6162.1433400000005,4802.503313333333,1019.3526666666668,78.82733333333333,0.0,46.18266666666667
bf1249af-0f0c-4e2e-a0a5-6903ee6f05e6,1094.0,45.583333333333336,1739.0041666666664,26530.958333333332,80.875,0.00618926280775095,0.0030969277013968705,0.028174844598903907,0.23737451047536495,0.09333442783748008,0.32832031474801493,0.0,0.0,24,16,0.6666666666666666,1,2608.5062499999995,1734.8806249999998,79.434999875,776.90061875,0.0,0.0
bf4f7e41-0505-45e0-8201-a718385769ef,299.0,12.458333333333334,327.09708333333333,7077.291666666667,12.0,0.003021492227462633,0.0018139713807854582,0.00819932116578063,0.0,0.25125119441457017,0.024558107434530883,0.0,0.015857364817565604,24,7,0.2916666666666667,1,1121.4757142857143,0.0,1088.9014285714286,21.96,0.0,10.614285714285714
bf53e24e-2398-4094-aab9-5c262151d93e,107.0,4.458333333333333,145.91750045833336,3163.9583333333335,6.375,0.01348551615768258,0.0023619292284805544,12.5316746255209,0.0,0.08333333333333333,0.041666666666666664,0.0,0.25,24,9,0.375,1,389.1133345555556,0.0,6.307777777777778,0.0011111111111111111,0.0,382.8044456666667
bf6b6b19-fe50-4023-890b-5d10121e78c0,372.0,15.5,426.5708325,11564.708333333334,33.375,0.00496972572185065,0.0030788812426459627,0.08469772376404765,0.12334971793683462,0.20035334070430685,0.1983033241427253,0.0,0.01532438247341636,24,13,0.5416666666666666,1,787.5153830769231,333.75,376.2523061538461,65.13846230769231,0.0,6.837692307692308
bf777c98-cfc0-40b3-81fa-9ff76953cba3,818.0,34.083333333333336,3261.8545833333337,8630.041666666666,5.75,0.008131139880021425,0.0006768908965360376,0.004662894982385234,0.5990732072594384,0.009159316390874984,0.00848109926912479,0.005311406068744067,0.002974971011817733,24,15,0.625,1,5218.967333333333,5082.093333333333,40.35933333333334,49.705333333333336,22.27466666666667,24.534666666666666
bf9606f5-08a0-445b-8913-ab1d1c67b1b0,59.0,2.4583333333333335,0.0,715.4166666666666,4.541666666666667,0.0,0.0010894296088123584,0.0,0.0,0.0,0.0,0.0,0.0,24,0,0.0,0,0.0,0.0,0.0,0.0,0.0,0.0
bfa61585-f57a-46df-9362-6fd5a47f0030,221.0,9.208333333333334,951.8712500000001,4881.166666666667,9.833333333333334,0.007126905807011113,0.0022704643819033087,0.010583758005573504,0.04223899264356218,0.46685564433292576,0.0,0.0,0.03257203052603794,24,13,0.5416666666666666,1,1757.3007692307692,320.7846153846154,1175.700776923077,0.0,0.0,260.81538461538463
bfb704b5-ebdd-448f-b8cc-5d002aff0fbd,309.0,12.875,3108.9362625,9190.375,16.833333333333332,0.018687223143980167,0.0018448444009558918,0.0017462335499413833,0.4281911682640824,0.1812808611700503,0.05681497651764703,0.0,0.0,24,16,0.6666666666666666,1,4663.40439375,2959.9525000000003,1308.4443812499999,392.23375,0.0,0.0
bfba2951-ef2f-4179-ab1e-ca4b965167ec,601.0,25.041666666666668,4742.327499999999,12485.916666666666,23.583333333333332,0.01835198060915992,0.001904191721846225,0.002293958551152196,0.41095066688431564,0.004983720404429337,0.001513554011715025,0.0,0.2486863965470473,24,16,0.6666666666666666,1,7113.491249999999,4270.3775,49.641875,13.88875,0.0,2772.97310625
bfc0a429-4bd8-4910-abf6-87ea11bfaf83,740.0,30.833333333333332,3234.6729166666664,22971.166666666668,27.125,0.03202823987054824,0.0012039762251114209,0.004553116281572858,0.38317216166723905,0.011699549594017757,0.0132176181525468,0.0,0.12668764943025554,24,16,0.6666666666666666,1,4852.009375,2666.075625,51.19,47.04375,0.0,1057.180616875
bfdae4dc-19fe-4e3c-8502-1d05594988a6,61.0,2.5416666666666665,66.7225,652.875,1.25,0.0025548022991496206,0.0022071349188716037,0.03167381055491208,0.0,0.125,0.125,0.0,0.0,24,6,0.25,1,266.89,0.0,170.61333333333332,96.27666666666669,0.0,0.0
bff87104-12fb-4c01-8c0e-ea02d43b64be,278.0,11.583333333333334,170.275,10510.25,6.958333333333333,0.0035037734287873003,0.0006982664693980083,0.026613128438841335,0.03188326219385852,0.08886897078332784,0.3375811003561469,0.0,0.0,24,11,0.4583333333333333,1,371.50909090909096,117.50454545454545,27.85272727272727,226.15181818181816,0.0,0.0
c026eae8-5923-4784-9202-40aa854b6664,147.0,6.125,281.3954166666667,2729.125,2.7916666666666665,0.003898486462732017,0.0012979510899039834,0.00825144363510877,0.0,0.375,0.0,0.0,0.0,24,9,0.375,1,750.3877777777777,0.0,750.3877777777777,0.0,0.0,0.0
c0374654-e0a2-4278-a456-cdaf8f91127b,765.0,31.875,6216.374166666666,8106.583333333333,25.083333333333332,0.008952908478475208,0.0032032436279470083,0.0024021075319979874,0.3825313300596484,0.16287206070966195,0.0,0.0,0.11070194176388033,24,16,0.6666666666666666,1,9324.561249999999,5348.242518749999,2399.395625,0.0,0.0,1469.74875
c0413168-c633-48f8-9ae0-571979f035b0,421.0,17.541666666666668,7129.305,15700.625,22.875,0.015618524811082857,0.0014902218268429124,0.0010841071665628668,0.38317289529286397,0.004130322416417858,0.00790450000468665,0.00042146950658555833,0.2671727056382412,24,16,0.6666666666666666,1,10693.9575,6090.25314375,64.869375,124.40124999999999,6.781874750000001,4345.074375
c0426812-c3ff-47bc-9c92-347491a870ee,356.0,14.833333333333334,567.2854165,9606.708333333334,10.0,0.0041181608673910705,0.0011347170869761376,0.09419268078082088,0.0,0.19303513207511666,0.1741496777111411,0.0,0.1338041110835809,24,13,0.5416666666666666,1,1047.2961535384613,0.0,471.86538430769235,183.12,0.0,385.53923046153847
c0490e2a-095b-4199-ab5d-9dce907591f4,182.0,7.583333333333333,266.61208458333334,2971.4583333333335,4.125,0.0043450625522143,0.0028943421040689998,0.020468706558882208,0.0,0.4166666666666667,0.0,0.0,0.0,24,10,0.4166666666666667,1,639.869003,0.0,639.869003,0.0,0.0,0.0
c0495da4-5009-43ab-8028-1c4c34570bd2,952.0,39.666666666666664,4494.753775,22488.458333333332,31.916666666666668,0.017862298644181283,0.001452196746658571,0.016188727471416076,0.16535640472393734,0.16297868639374863,0.0,0.01344855026397774,0.29339131660312195,24,16,0.6666666666666666,1,6742.1306625,1976.2112625,866.775623125,0.0,14.914375,3566.67064375
c04c7e0b-f064-4694-85a3-df2d62e8a684,166.0,6.916666666666667,155.94666666666666,6809.541666666667,14.708333333333334,0.0028545736256937043,0.004749026511353817,0.010180884755175933,0.0,0.20833333333333334,0.041666666666666664,0.0,0.0,24,6,0.25,1,623.7866666666666,0.0,591.9783333333334,31.808333333333334,0.0,0.0
c0570813-8936-4d02-9858-1f064f0229cd,1216.0,50.666666666666664,13462.755416666667,21594.583333333332,69.70833333333333,0.009267538627668307,0.0033912448542843623,0.006484559066582604,0.20358883597280095,0.04938097086576541,0.0018475041319365793,0.0,0.30533923569876026,24,15,0.625,1,21540.40866666666,8571.240666666668,2156.9746666666665,79.20133333333334,0.0,5804.4873333333335
c071730a-eab7-4fee-afb0-8909c5205a18,114.0,4.75,239.12374999999997,993.5,5.166666666666667,0.004153667448120012,0.0061990807705153755,0.05080947153289645,0.0,0.375,0.0,0.0,0.0,24,9,0.375,1,637.6633333333334,0.0,637.6633333333334,0.0,0.0,0.0
c0743d4b-0a4e-41ad-bd68-c96a4da80417,471.0,19.625,3623.3945833333332,8681.833333333334,17.625,0.009475467340067425,0.002336443017688417,0.002776522868314779,0.34287265586351784,0.19656971924252653,0.03461167253967534,0.003510168176924983,0.06933192875380793,24,16,0.6666666666666666,1,5435.091875,2631.551875,1692.598125,268.267499375,31.369999999999997,635.55875
c0807ed7-20a8-45d2-a49e-d2836a3ef937,88.0,3.6666666666666665,3315.9287499999996,7103.375,10.083333333333334,0.01209084051717374,0.0013650356140319916,0.0004255136164341166,0.45151895017414073,0.04666433043420848,0.03898940547807276,0.018280584170733114,0.06954672998100907,24,15,0.625,1,5305.486,3845.2186666666666,395.75933333333336,293.18000199999994,161.184,610.144
c0af0163-5e59-4266-82d3-7433b098296f,886.0,36.916666666666664,5778.41375,25184.041666666668,33.083333333333336,0.012109537111138984,0.0013456158423262624,0.010649439316680677,0.2202460894958461,0.13021594334958078,0.052169775771465955,0.0,0.22211573806640664,24,15,0.625,1,9245.462,4130.3679999999995,1269.4393333333333,891.5093333333333,0.0,2949.076666666667
c0b124e7-8397-4ce8-9651-80306ccf4878,1748.0,72.83333333333333,6795.760000041667,42553.916666666664,192.91666666666666,0.00580127818248775,0.00457143561225848,0.15261670937849867,0.25600451901173793,0.1693964649403995,0.002332811051884771,0.002318079702119896,0.13753453619116782,24,14,0.5833333333333334,1,11649.874285785714,4366.946407142857,1418.512142857143,100.1842857142857,99.57071428571429,5439.098571428571
c0e6510e-0ce7-41d4-90ec-9b67359b43af,247.0,10.291666666666666,1795.5466666666664,9260.583333333334,22.291666666666668,0.022449499504166456,0.0024472630715626042,0.011261502215210438,0.4698201011791789,0.1096424486133853,0.0,0.0,0.003714515659749925,24,14,0.5833333333333334,1,3078.0800000000004,2822.7164285714284,237.3942857142857,0.0,0.0,16.997857142857143
c0e746bc-915c-4b9e-9386-b0f76186b3cf,768.0,32.0,3972.1474999999996,13251.333333333334,8.166666666666666,0.012155289945746592,0.00061394414503215,0.0038123815969852205,0.31050231197464334,0.1436913001518677,0.015639294325715713,0.0,0.17476596835782254,24,16,0.6666666666666666,1,5958.22125,2784.6075,1330.94875,132.920625,0.0,1516.138125
c10ffed5-b09a-4325-9b53-1a08daf69f07,485.0,20.208333333333332,4536.8045833333335,8128.458333333333,10.25,0.008366355078240992,0.0013251595106134294,0.0020504685153652836,0.4174151534746955,0.0073757417538825336,0.02184157087069824,0.0,0.21998272133268437,24,16,0.6666666666666666,1,6805.206875,4488.606250000001,86.7575,196.54,0.0,2032.888125
c113bce8-c6bb-415f-a73b-dd075ebb4cef,241.0,10.041666666666666,4346.576249999999,6944.791666666667,28.541666666666668,0.011349043239838727,0.004280085790428367,0.0011650065347803083,0.4210348302381273,0.05676359168364675,0.0027725402827694,0.029538693464613918,0.0616370686486718,24,16,0.6666666666666666,1,6519.864374999999,4055.189375,543.1425,33.428125,333.840625,661.4224999999999
c12c98bf-3a55-4ca0-83a8-7e3f4b0676a8,536.0,22.333333333333332,8479.603333333334,22284.541666666668,84.5,0.02207158574784118,0.0041563638181173245,0.0013372429762024917,0.4057126333618532,0.019952939040269946,0.006174297095039642,0.02603717548546591,0.14134333390847367,24,16,0.6666666666666666,1,12719.405,7408.38875,284.76375,131.315,385.349375,3162.24875
c1387ed9-bb04-402c-8df6-2772e98ab28b,255.0,10.625,675.9041666666666,11597.208333333334,17.916666666666668,0.0066291346202158345,0.00175967291392195,0.011850980248987545,0.0,0.1415035576431749,0.40174745410203655,0.0,0.08174898875546939,24,15,0.625,1,1081.4466666666667,0.0,147.92133340000004,801.0380000000001,0.0,132.48733333333334
c13f87b9-3630-40ee-85f1-21952ddf7b58,1973.0,82.20833333333333,5259.42875,49825.666666666664,176.5,0.013587637849022624,0.0035792542414300205,0.020664206456373447,0.15241615646771361,0.17505631841272637,0.09011487477559708,0.026725799995787298,0.2198097738442274,24,16,0.6666666666666666,1,7889.1431250000005,1617.3243750000001,2161.359375,989.535,140.85124749999997,2963.3643737499997
c1735105-a8b9-4a1a-b707-ff11b84851e4,336.0,14.0,242.62416666666664,3671.375,7.708333333333333,0.0036436680092326625,0.01504657682400134,0.022050322451996184,0.0,0.10311845670573722,0.38498995941907665,0.018388474528006956,0.02169895873019927,24,13,0.5416666666666666,1,447.9215384615385,0.0,56.25615384615384,335.39922923076927,15.758461538461539,27.964615384615385
c18bfdd3-16ac-4fbc-81ee-ee8409598841,379.0,15.791666666666666,5231.0906125,12300.041666666666,28.291666666666668,0.013257390397899284,0.0024433315419420706,0.0018581040802490417,0.2748247120682881,0.12034059666832723,0.011797737444123624,0.0,0.25915693840172976,24,16,0.6666666666666666,1,7846.63591875,2902.3781875000004,1488.73885625,129.64205625,0.0,3318.0230625000004
c18c8600-c11f-44e0-a11d-92a05923654f,323.0,13.458333333333334,4960.490833333333,13321.375,28.208333333333332,0.010663094924969677,0.002461871239667075,0.021868848839677404,0.3048920619011184,0.13293144519383568,0.020287665911511155,0.008166999879230558,0.07388447460707244,24,15,0.625,1,7936.785333333333,4786.786666666666,157.06466666666668,297.43732933333337,152.842,1167.1246666666666
c1b2df06-8680-497c-adc5-ec5991b22b6c,1276.0,53.166666666666664,10349.389166666666,29371.583333333332,70.75,0.011896846726653509,0.0024044578465432873,0.002689602872638154,0.36752380144373054,0.12208968147013784,0.02010569041670825,0.0,0.034794037593184377,24,16,0.6666666666666666,1,15524.083749999998,8127.019375,2979.7593749999996,421.08187312499996,0.0,1204.851875
c1bdccf3-d4e7-4f58-b140-65b9438573ee,838.0,34.916666666666664,1195.8637456249999,1804.9583333333333,10.291666666666666,0.00463808067161675,0.010660218381391896,0.027270578570437614,0.0,0.1492620853162364,0.2578708396283537,0.0,0.006660223226961971,24,13,0.5416666666666666,1,2207.7484534615382,0.0,130.1923073076923,1254.7076923076922,0.0,9.382307692307693
c212ee1b-4f13-4ca2-8d7d-c5db09a8bf97,913.0,38.041666666666664,5713.657083333333,34594.666666666664,69.45833333333333,0.015130599840454758,0.002047987525684,0.011591090066105763,0.22014595781736893,0.0979189769275632,0.038396968248888615,0.004702018588616079,0.12226870082886243,24,16,0.6666666666666666,1,8570.485625,2825.0093749999996,378.050625,317.210623125,111.500625,2009.1275
c23d122b-77bc-4e06-87e7-7bcec08704eb,1699.0,70.79166666666667,2645.4737499999997,13841.375,54.333333333333336,0.003961544209179812,0.009730355071761045,1.1437171205521557,0.373984789263093,0.08769366560813902,0.02750356125356125,0.0,0.009923359600263524,24,13,0.5416666666666666,1,4883.951538461539,4764.990746153847,73.08923076923077,17.822307692307692,0.0,14.274615384615384
c246e3d5-714c-4564-b4d1-ec1da6ec5fe4,192.0,8.0,359.66374874999997,10028.625,3.625,0.0036834033257604083,0.00038856947826902975,0.011513242393071582,0.041666666666666664,0.3333333333333333,0.0,0.0,0.0,24,9,0.375,1,959.1033299999999,111.04444444444444,848.0588855555555,0.0,0.0,0.0
c262a230-0135-4853-b75e-3a7a9c2508e3,220.0,9.166666666666666,153.05083333333334,13203.583333333334,15.333333333333334,0.004352308766462325,0.0011603214476711375,0.013381496989518404,0.0,0.24189255283666533,0.031899360378324776,0.0,0.017874753451676526,24,7,0.2916666666666667,1,524.7457142857144,0.0,472.4385714285714,33.457142857142856,0.0,18.849999999999998
c2660170-5562-438b-bd61-f972ebb5289c,533.0,22.208333333333332,250.78541699999997,11912.125,23.708333333333332,0.003024289777622079,0.001974019837909954,0.2827892196922382,0.0,0.24936254824954643,0.0,0.0,0.0,24,11,0.4583333333333333,1,547.1681825454544,0.0,514.1409090909091,0.0,0.0,0.0
c26dadab-087d-4099-83a3-0bbb86d09022,551.0,22.958333333333332,1684.7995791666665,7484.125,16.25,0.022153176540385986,0.0022278134316626582,0.011511280991377479,0.2879141937230915,0.07168597340066059,0.04326950350548029,0.0,0.1810925299881596,24,16,0.6666666666666666,1,2527.19936875,937.06375,404.35125000000005,176.481875,0.0,694.7587462500001
c28f9def-0a6e-40b9-a3a5-9b424d290575,98.0,4.083333333333333,150.98458333333335,2843.7916666666665,3.5,0.0018638080983056457,0.000492620610675175,0.004076206234839375,0.0,0.08333333333333333,0.125,0.0,0.0,24,5,0.20833333333333334,1,724.726,0.0,346.17600000000004,378.54999999999995,0.0,0.0
c2bbf587-30f4-4656-ab3c-d1019699d7dd,146.0,6.083333333333333,281.86083354166664,4624.583333333333,11.625,0.0037934352867654998,0.002752413827283746,0.008197439978047517,0.0,0.3583079447956612,0.033171268734289654,0.0,0.02518745313671582,24,10,0.4166666666666667,1,676.4660004999998,0.0,650.3320005,14.041,0.0,12.093
c2d2d074-24f4-4520-8aa5-b6104636aff2,403.0,16.791666666666668,4126.580833333333,6733.583333333333,12.625,0.01517058976683995,0.0019290424325335,0.0020719407511560046,0.37849330775664236,0.1833674060411433,0.012840072351986004,0.013914423186016517,0.07417714221681725,24,16,0.6666666666666666,1,6189.87125,3172.5343687500003,1953.988125,71.73124999999999,90.140625,875.8156187500001
c2da6a9d-bc47-4a37-a405-d540ee4b4efb,378.0,15.75,2647.6295833333334,9569.666666666666,24.541666666666668,0.014057778645115704,0.0025963267300806504,0.0029381098246094336,0.2488566970130471,0.10423784275758143,0.04818047377560497,0.003931492993986379,0.26065730888910355,24,16,0.6666666666666666,1,3971.444375,1291.7200000000003,528.7081268750001,241.35000000000002,13.935,1891.15311875
c2dc25c4-73fb-4326-96fa-8d4491a09a55,1749.0,72.875,21084.022500000003,55161.791666666664,139.625,0.009025725816695624,0.0026062176367277205,0.0015717133638742291,0.2885773698898317,0.02028612495722164,0.05655193141031242,0.0,0.24834363674811719,24,16,0.6666666666666666,1,31626.033750000002,13445.466875,1006.956875,2875.2125,0.0,12256.8475
c2e148a7-accb-4bf8-8252-0af9be3e1ba3,2052.0,85.5,9292.904583333335,20875.666666666668,55.75,0.0061351087687702725,0.0028454717564621334,0.004628623713398938,0.2423123801181858,0.1683879214977687,0.03245284140112332,0.0,0.2120849864452031,24,16,0.6666666666666666,1,13939.356875000001,5220.49625,3599.3800006250003,670.329375625,0.0,4256.814376249999
c2ef121a-2153-4a57-973d-b20485f82502,2047.0,85.29166666666667,13044.5280375,23348.541666666668,79.08333333333333,0.008929533931836629,0.003959212318751588,0.03382044746540685,0.21085009997954804,0.10882077499846515,0.021544547032828282,0.0,0.32087968872564704,24,16,0.6666666666666666,1,19566.79205625,6417.3716125,2287.92748125,13.650625,0.0,10683.499531250001
c317ca8a-a764-43db-9715-c3311e5f22b6,1106.0,46.083333333333336,7979.392229166667,16952.0,93.75,0.017648599043707417,0.00563932202871346,0.020398507063076814,0.259293748435924,0.11671583264177428,0.0,0.0,0.24408701884111497,24,15,0.625,1,12767.027566666666,5519.622526666668,1386.0473333333332,0.0,0.0,5720.1484133333315
c32fd7d1-d15f-4c7a-9606-889b852af2dc,478.0,19.916666666666668,639.9204166666667,9152.916666666666,13.875,0.0030106514001364917,0.0015921443765366833,1.324662573175776,0.05701731440265415,0.14568129485591003,0.1214659877927418,0.0,0.007738238390116525,24,11,0.4583333333333333,1,1396.1899999999998,632.1636363636363,646.0454545454545,107.37545454545456,0.0,9.069999981818183
c3401c92-2738-4ce5-a1f0-d6a66f62559e,1525.0,63.541666666666664,1355.6449999958334,34368.041666666664,51.083333333333336,0.004868892942190725,0.001603883099416458,1.5539879459205694,0.041666666666666664,0.09166832083235144,0.051987136259418004,0.027241468694067173,0.03475980257914219,24,15,0.625,1,2169.031999993333,359.6666666666667,60.716,56.004,21.874000000000002,47.074666666666666
c349722e-93e8-4f19-9f91-08749a0f218c,6491.0,270.4583333333333,33271.22250416667,56630.0,122.75,0.009895139249779616,0.0022725250922009457,0.05413859793154435,0.2763724379449259,0.16056090977504836,0.030144843273935653,0.0379249167369084,0.15893979783174406,24,16,0.6666666666666666,1,49906.83375625,24611.689375,5793.3713125,2433.32936875,3425.6474999999996,13410.933106249999
c36747cd-32aa-4172-9a2b-023f3c276faa,1811.0,75.45833333333333,3984.123333333333,68498.375,86.41666666666667,0.008072591610674513,0.0013374463468557834,0.023098824200614168,0.41205821573249785,0.02177176922163762,0.029054699405032785,0.04786333603863848,0.005883639452295908,24,16,0.6666666666666666,1,5976.1849999999995,4497.234375,148.17812500000002,73.9325,588.13125,44.384375
c379c733-cba9-4aac-ab40-522f5c7f2f07,380.0,15.833333333333334,1558.805841666667,8774.333333333334,17.208333333333332,0.010468670748376157,0.001986481607434454,0.010572818918306094,0.44327935479133346,0.030111994661887537,0.10415962952683433,0.010205808872723925,0.048997099563950715,24,16,0.6666666666666666,1,2338.2087625000004,1520.33125,59.406875,393.12812499999995,45.3025000625,182.385625
c381a39a-5598-43fb-afed-092ceb6096ef,758.0,31.583333333333332,6873.369583333333,19830.291666666668,78.79166666666667,0.014058002835182921,0.004026614183460166,0.0023733470772802625,0.26129081999137854,0.2167361401572351,0.0,0.0,0.18826880463177764,24,16,0.6666666666666666,1,10310.054375,3951.1712500000003,3486.48125,0.0,0.0,2865.4793625
c3873b54-e7bf-409c-8732-9ac59e2a867a,301.0,12.541666666666666,440.94083329166665,20837.625,21.583333333333332,0.005426362604468159,0.0013050125444005291,0.12410535542640781,0.2884508047951179,0.0837352710408698,0.014086159250581784,0.010265073427430106,0.0,24,14,0.5833333333333334,1,755.8985713571428,618.4142857142857,13.017142857142858,24.407857142857143,15.571428571428571,0.0
c38e43d6-f29b-4ee2-a30c-67cad1c0f98e,377.0,15.708333333333334,604.14,8554.833333333334,17.916666666666668,0.0046213227565663284,0.0016733695233901163,0.5748920398664374,0.0,0.4579249024657202,0.0,0.0,0.0,24,12,0.5,1,1208.28,0.0,1207.0275000000001,0.0,0.0,0.0
c394c1d6-7820-4cb0-be74-6287bbbf230c,1388.0,57.833333333333336,4627.74125,20193.583333333332,34.041666666666664,0.012216908938980328,0.001632260398877779,0.006962119771273892,0.33145100292470064,0.11608702049374509,0.05092682801044931,0.0040266347142739545,0.16383491589897084,24,16,0.6666666666666666,1,6941.6118750000005,3092.14375,1486.8318749999999,676.181875,122.566875,1559.60563125
c3bf391d-f80e-40ee-b485-b55f3093b33a,28.0,1.1666666666666667,32.807500041666664,736.75,2.8333333333333335,0.0010498496728304667,0.0008263730650574125,0.004785565444242091,0.0,0.08333333333333333,0.0,0.0,0.0,24,2,0.08333333333333333,1,393.6900005,0.0,393.6900005,0.0,0.0,0.0
c3bfca90-175a-4e77-8bc1-bece4b7333e4,1754.0,73.08333333333333,4167.434977916667,39428.708333333336,124.25,0.011762597175223303,0.003258826413632142,0.027720053587234797,0.33234608720089703,0.1405256981521755,0.04061644288423178,0.024434457275016457,0.10734909926840187,24,16,0.6666666666666666,1,6251.152466875001,4545.481218749999,684.935,51.66250000000001,21.033749999999998,788.3193749999999
c3c3066d-8b28-4d8c-8899-fc48014c9468,181.0,7.541666666666667,335.035,8677.416666666666,9.458333333333334,0.012587875080701617,0.0010983361066965,0.01593761394130869,0.0,0.07455156779684645,0.03614651254692748,0.0,0.3893019196562261,24,12,0.5,1,670.07,0.0,25.995833750000003,19.513333333333332,0.0,624.5608329166668
c3ee1907-238f-4303-95b7-047ed468dfc4,134.0,5.583333333333333,264.49500000000006,816.2083333333334,2.875,0.007206300522221521,0.004097312813161183,0.03190079440737271,0.114709831314745,0.26029016868525495,0.0,0.0,0.0,24,9,0.375,1,705.32,91.66555555555556,613.6544444444445,0.0,0.0,0.0
c3ee95b8-f1c6-42fe-b501-5a05403ae71f,295.0,12.291666666666666,716.67083375,4525.75,10.333333333333334,0.005214389474734166,0.0030676667089690915,1.6007732239234775,0.0,0.3478645025807216,0.12658406857684512,0.016402003471925778,0.049262772404004174,24,15,0.625,1,1146.6733339999998,0.0,1050.956,54.88333333333333,15.369333333333334,24.658666666666665
c3f66226-f4c4-4078-97ee-ceddf5213e6a,181.0,7.541666666666667,1810.21875,3025.5,4.958333333333333,0.007648540289927908,0.0016742820030772167,0.0014476999960316417,0.34722144871844646,0.0702419316602957,0.010322005727783176,0.0,0.030547948360829313,24,11,0.4583333333333333,1,3949.568181818182,3177.155463636364,394.67272727272734,89.27,0.0,288.47
c3f68e26-db37-402a-9bc0-f37b00432eab,96.0,4.0,766.2233333333334,1113.4166666666667,2.4583333333333335,0.024491413520499328,0.002219043368894821,0.002135119154402771,0.5593290942692511,0.0656709057307489,0.0,0.0,0.0,24,15,0.625,1,1225.9573333333333,1076.0,149.9573333333333,0.0,0.0,0.0
c408e304-4095-46ac-b692-a4e2a896711a,1399.0,58.291666666666664,1577.5124875000001,28759.416666666668,26.916666666666668,0.007645350250574216,0.0009465019945097083,0.4416775400009694,0.033997157720800426,0.08134903036272585,0.02106165499696003,0.0,0.015302136506882287,24,15,0.625,1,2524.0199799999996,45.867333333333335,179.40466466666666,76.64866666666667,0.0,72.21333333333334
c433f56c-ec81-48d4-a716-b5275c31b3ec,116.0,4.833333333333333,2085.804166666667,4598.666666666667,12.375,0.012414344432417625,0.002707035723362071,0.006967847249002092,0.2613986249774995,0.23349157085144492,0.01135629931937488,0.0,0.0009642747444777999,24,15,0.625,1,3337.286666666667,1429.3693333333333,1113.2606666666666,71.57666706666666,0.0,7.538666666666667
c4493e6c-5ea2-4779-a7b7-7e3d463b1701,341.0,14.208333333333334,3093.320395833334,5604.583333333333,12.541666666666666,0.010887576312976042,0.00223786210128745,0.0027645513510462954,0.45482646060289866,0.12104241082557078,0.08981622907727653,0.0,0.0007487239274708042,24,16,0.6666666666666666,1,4639.9805937500005,2627.605625,1499.855,507.73124999999993,0.0,3.651875
c4508418-3f45-45e0-a6a6-b2d4f521b225,206.0,8.583333333333334,0.0,5598.375,26.333333333333332,0.0,0.0015197286965441998,0.0,0.0,0.0,0.0,0.0,0.0,24,0,0.0,0,0.0,0.0,0.0,0.0,0.0,0.0
c454cf12-6847-434e-b356-662b8dc421b7,605.0,25.208333333333332,6160.838333333333,16375.833333333334,41.0,0.01651709349170755,0.002466209596255754,0.0016590669134521872,0.2890358653176434,0.3524184707133074,0.010426584418981621,0.0,0.0005246649768787167,24,16,0.6666666666666666,1,9241.2575,3875.3293750000003,5061.949375,108.67499975000001,0.0,7.243750293750001
c46a1a56-618c-4ffe-b3cb-3d7d55a62d88,1548.0,64.5,13863.220833333335,24872.333333333332,86.66666666666667,0.012269004071741842,0.003562356812027071,0.0023365383884780336,0.31114246180213473,0.1712906655444476,0.015150151025804208,0.0,0.098146362272997,24,16,0.6666666666666666,1,20794.831250000003,9370.808125,5067.757475,530.94375,0.0,3398.648125
c46d3c12-c63d-4b06-a41f-77da4513a048,1025.0,42.708333333333336,6226.899187499999,28249.041666666668,54.458333333333336,0.016634584650206955,0.00194192395195905,0.004016610285257838,0.35577854939470127,0.03560618258427085,0.030609129815314006,0.012893406516860223,0.009799011485044612,24,16,0.6666666666666666,1,9340.348781249999,4214.6725,672.9200062499999,451.809375,168.9187475,174.39937499999996
c48b87ab-51b5-4c37-9771-ef2ebcd42aec,617.0,25.708333333333332,4355.540020833333,14862.25,15.708333333333334,0.01830171981214541,0.0010800200632940333,0.003724717031692162,0.32937769557644664,0.08373283342271286,0.0,0.0,0.16830177309961014,24,16,0.6666666666666666,1,6533.31003125,3165.2181250000003,453.95000000000005,0.0,0.0,2033.78625
c49c3d1d-8ea9-4959-b477-3ce291f84773,645.0,26.875,5649.0346,11214.708333333334,86.66666666666667,0.009532988676443121,0.004897111933052504,0.0031266856388287834,0.3389179937918892,0.2765712024160904,0.0,0.0,0.05015298285569044,24,16,0.6666666666666666,1,8473.5519,4077.8387625000005,3736.60315,0.0,0.0,647.14250125
c4bcf2ae-1ac3-4bbd-879b-71a0c70b3457,1094.0,45.583333333333336,9458.222916666666,21852.291666666668,79.875,0.007795561967761663,0.0036670643109204086,0.0023386724152553292,0.35389221262950804,0.20267452763255758,0.0037874649879200873,0.0,0.10622504493442424,24,16,0.6666666666666666,1,14187.334374999999,7391.87375,4396.237499999999,87.49749993750001,0.0,2309.7787500000004
c4c46ef7-c3c5-4b42-bf0c-93d51147afdb,533.0,22.208333333333332,7566.654166666667,14368.791666666666,15.208333333333334,0.010940917364175995,0.0010946691121631834,0.0015798877213840416,0.4522354170468423,0.11336308465999918,0.0030769781854676458,0.0259635023266277,0.07202577934042347,24,16,0.6666666666666666,1,11349.98125,7494.56625,2052.22188125,50.915625,453.19062625,1299.04749375
c4de585a-cd63-4da2-b1f2-4b515ded0a7a,117.0,4.875,1613.5470833333336,5448.625,15.416666666666666,0.004584804346881571,0.003951308236923325,0.0012622977169019667,0.17141648848126223,0.25700485305913473,0.1849681522424761,0.0,0.053277173004506094,24,16,0.6666666666666666,1,2420.3206250000003,580.785625,802.87125,715.246250625,0.0,321.4175
c4e0bb40-248a-4a1f-bb58-cf1f96becdbb,224.0,9.333333333333334,369.0562491791666,2154.5416666666665,4.625,0.0023938799094973128,0.002125523036436279,58.382603177666404,0.25,0.07789007328119384,0.20713030782937722,0.0,0.006646287819542883,24,13,0.5416666666666666,1,681.3346138692309,567.603076923077,23.828461561538457,84.84076923076924,0.0,5.062307692307693
c4fd4237-aa7b-424d-abd8-65cfd581f960,1946.0,81.08333333333333,17648.309916666665,53543.791666666664,104.41666666666667,0.011329087526603046,0.0019921301204750626,0.043730095842495216,0.1298284073520007,0.18310616290956827,0.1008502010083615,0.003506248624314954,0.00025956864729024165,24,16,0.6666666666666666,1,26472.464874999998,5584.811250000001,8638.321875000001,853.73187375,181.75625,10.104375
c5040b4e-e6ce-4d0b-90b5-45929e47d9c5,927.0,38.625,1216.2270833333334,9143.0,28.75,0.004688823540438733,0.003371145076763508,0.015783844560670463,0.0,0.08685415022477494,0.3713801955018427,0.0,0.0,24,11,0.4583333333333333,1,2653.586363636364,0.0,75.98636363636363,2576.83,0.0,0.0
c518c7ac-309c-47db-a77b-bc27e631b7e3,569.0,23.708333333333332,4341.312916666667,13927.416666666666,22.708333333333332,0.013006049672777497,0.001631398442172054,0.0024643472607364086,0.6024397137554199,0.01822173608245206,0.0011371051550378207,0.0,0.013339785156854913,24,16,0.6666666666666666,1,6511.969375,5792.35500625,195.670625,14.115,0.0,160.535
c51a2420-c768-447b-b2b2-70573b46bdb0,402.0,16.75,1237.8741625,19491.083333333332,34.791666666666664,0.005236344291641962,0.001793451171257475,0.08053446368256899,0.37374831034262296,0.03492946220526127,0.03521407277960526,0.0,0.01368453715084472,24,14,0.5833333333333334,1,2122.0699928571426,2061.077142857143,17.0235715,11.745000000000001,0.0,6.489285714285714
c535ceb3-e227-4391-83a0-6430aa0f5fd6,132.0,5.5,130.61791666666664,4039.4583333333335,7.666666666666667,0.0022269550545245126,0.002093181050725071,0.006132087387422225,0.0,0.20833333333333334,0.0,0.0,0.0,24,5,0.20833333333333334,1,626.966,0.0,626.966,0.0,0.0,0.0
c5386ed4-1b05-40f0-b0ec-72d89787b82d,38.0,1.5833333333333333,0.10291666666666667,86.20833333333333,0.4166666666666667,0.0,0.0024784100461155045,0.1349527665317139,0.0,0.041666666666666664,0.0,0.0,0.0,24,1,0.041666666666666664,1,2.47,0.0,2.47,0.0,0.0,0.0
c53a4ab7-dc0a-4be1-b5b1-1ac3fd482476,259.0,10.791666666666666,498.37542075000005,2913.875,4.583333333333333,0.007083356192679087,0.0015984415609096292,0.05906339363258233,0.27868368308447694,0.11474803702234888,0.09790822702703246,0.0,0.008660051178093797,24,12,0.5,1,996.7508414999999,851.0708333333333,30.427499833333332,108.58583333333333,0.0,6.666667
c549f2bf-f820-4d4c-87c4-c52f18205e81,256.0,10.666666666666666,1810.96125,3408.9583333333335,8.416666666666666,0.01089476515543343,0.002856355864401604,0.003719605989679075,0.23989052102181896,0.11516109819948465,0.07336758699104816,0.0,0.07519660476858035,24,13,0.5416666666666666,1,3343.3130769230775,1611.2507776923076,742.2853846153847,111.13461538461539,0.0,563.4069230769231
c55c84e5-2f4f-4510-a5d3-1c0106d4b3fa,467.0,19.458333333333332,3490.8391666666666,10935.875,21.625,0.014827938233113661,0.002243560226366825,0.0027908378991481834,0.2790237577306301,0.19484037094873666,0.0,0.0,0.17830711638949234,24,16,0.6666666666666666,1,5236.25875,2199.4293749999997,1618.216875,0.0,0.0,1322.39186875
c565ee43-318c-4184-ab9a-c64a2127819f,83.0,3.4583333333333335,60.90708333333333,5759.958333333333,4.416666666666667,0.0021200373642325378,0.0007758640843394458,0.0007247590063384083,0.0,0.11343402338256205,0.033290804676439696,0.0,0.019941838607664922,24,4,0.16666666666666666,1,365.4425,0.0,289.09,58.3175,0.0,18.035
c58ff9cc-5df5-484a-8300-725f525aaed3,491.0,20.458333333333332,4069.6775000000002,8502.333333333334,19.875,0.01440814772497971,0.0024489211758209413,0.0030176607483390293,0.4576113334979006,0.05409276872780227,0.01392298698665167,0.0,0.1392650690715648,24,16,0.6666666666666666,1,6104.516250000001,4105.896250000001,514.78375,117.685,0.0,1347.5756187499999
c593e4eb-8e84-4ec5-806a-2b952725a8d2,437.0,18.208333333333332,4310.243750000001,7345.958333333333,15.458333333333334,0.0017278321512124624,0.002100241279303871,0.0019440136087506294,0.5260172663586347,0.04275796922304279,0.055604610810384626,0.0,0.042058334436141626,24,16,0.6666666666666666,1,6465.365625,5130.438749999999,401.2975,525.21375,0.0,405.930625
c59c1bdf-3a08-4717-8584-6613c5e88e6d,948.0,39.5,1776.9616666666668,30711.791666666668,63.041666666666664,0.0035332299700449126,0.0021375442028634083,0.0816786472909784,0.39939465711494754,0.04067242750789465,0.005636935188248046,0.0,0.00846777270939373,24,12,0.5,1,3553.9233333333327,3420.7908083333327,61.83083333333334,18.063333333333333,0.0,9.615833333333333
c5a70c6b-bf49-4e86-be3d-955a472b021b,114.0,4.75,119.22125,1681.5416666666667,5.458333333333333,0.0028145305349303543,0.0023381459009988582,0.024445079010736216,0.035593196328057124,0.1727401370052762,0.0,0.0,0.0,24,5,0.20833333333333334,1,572.262,180.9,391.36199999999997,0.0,0.0,0.0
c5a9b16b-4693-4767-abcf-961f2a17dc53,5.0,0.20833333333333334,0.0,263.6666666666667,0.7083333333333334,0.0,0.0009093276643086708,0.0,0.0,0.0,0.0,0.0,0.0,24,0,0.0,0,0.0,0.0,0.0,0.0,0.0,0.0
c5b0e4a0-1a3c-47b3-87f6-3fc4910c2e55,204.0,8.5,3525.0129166666666,4365.0,15.208333333333334,0.015813090966892263,0.004124069527989721,0.0011353477646647207,0.4239841034430252,0.12346364748480125,0.021114450635370444,0.0,0.09810446423030805,24,16,0.6666666666666666,1,5287.519375,2548.27061875,1149.391875,353.819375,0.0,1236.0375
c5c3af71-62a2-4785-980c-75e493276586,1401.0,58.375,19294.64875,37222.5,147.41666666666666,0.01967562614328507,0.004213237167577092,0.0013777544250870002,0.24436302196841772,0.14966071623624208,0.0009075035918614583,0.020355568565995637,0.10699338977676753,24,16,0.6666666666666666,1,28941.973125,10511.02125,6402.63625,44.161875625,882.048748125,4639.14375
c5d55ba4-e782-4d12-b34a-26b164b1047f,397.0,16.541666666666668,5716.074583333335,19034.416666666668,43.541666666666664,0.016508185332954613,0.0024459281384137713,0.013712721247205649,0.31649007945656665,0.10526053044685686,0.10981296407994555,0.0,0.043877413925114316,24,15,0.625,1,9145.719333333334,5638.632666666667,1541.7933333333335,311.02066533333334,0.0,1036.0679933333333
c5f82008-770f-429f-aba6-e3bf6c8f0dfe,549.0,22.875,11938.58041666667,17124.166666666668,50.416666666666664,0.014150557843407055,0.003282360489929867,0.0025507277722462336,0.3980168560367328,0.18846144905566153,0.007297893643894579,0.0,0.018966911643549866,24,16,0.6666666666666666,1,17907.870625000003,12692.35874875,2528.4606249999997,329.52,0.0,856.8706250000001
c5fcb624-a8fd-4048-960b-4337c7d4d213,516.0,21.5,880.4308333333333,16962.208333333332,23.208333333333332,0.004197762372276488,0.0013734301087597333,0.08665027340715038,0.0,0.08512420613847026,0.3726364478221654,0.0,0.0,24,12,0.5,1,1760.8616666666667,0.0,41.01916666666666,1716.16,0.0,0.0
c603d2f1-8052-4d0c-b531-eb74c4ccbdd1,159.0,6.625,588.9020833333333,4201.208333333333,5.333333333333333,0.00851241288653947,0.0013182956760284458,0.008878217544158996,0.23135204936827436,0.13370547022168974,0.21562050583129513,0.0,0.0026553079120740456,24,14,0.5833333333333334,1,1009.5464285714287,435.58357142857136,319.39642857142866,249.51571428571427,0.0,5.050714285714285
c616b741-f0ff-4858-9259-797780070a39,822.0,34.25,1935.5070833333332,11625.458333333334,68.625,0.014772500852715517,0.005858531050716829,0.008686569371584196,0.4549571735663401,0.08933091629691288,0.07516157038211428,0.0,0.04709935469365076,24,16,0.6666666666666666,1,2903.260625,1822.46750625,653.04,301.51624937500003,0.0,125.81875
c61a2e18-dbf1-4370-acde-83f73abe0a2e,1006.0,41.916666666666664,3872.81875,18142.0,19.625,0.016403629445483348,0.001080608287637996,0.00783458042021285,0.4192003936602407,0.09996399415856394,0.06856768186155075,0.0,0.0787195673522942,24,16,0.6666666666666666,1,5809.228125,2505.5862500000003,1927.7475,545.905,0.0,828.430625
c64c947c-ebef-4919-9fb2-6e5691e0f11d,1229.0,51.208333333333336,8432.236666666666,24088.25,75.70833333333333,0.01294089028549629,0.003328420213358304,0.002909753184154521,0.4802490572108018,0.07415361103209438,0.015318290232783862,0.0,0.08661086864154129,24,16,0.6666666666666666,1,12648.355,9003.911250000001,1421.8368768750001,255.160625,0.0,1826.748125
c6623988-b7ea-48c6-878e-c7b24135d046,75.0,3.125,1849.4862375,2036.3333333333333,4.583333333333333,0.006125601446267542,0.0007482962666656585,0.00047356318235310417,0.20972155280120322,0.029438798498407453,0.017914924537563656,0.0,0.02998623480730266,24,7,0.2916666666666667,1,6341.095671428571,4517.541428571429,657.6757142857143,406.92571142857145,0.0,649.1785714285714
c665f7de-15c1-4031-be8b-18f9e7df28ce,741.0,30.875,883.8370833333333,9858.375,23.041666666666668,0.006531576045106995,0.00269414435462337,0.20390285061970362,0.0093895276655033,0.3585600829172959,0.23543352187369612,0.0,0.0,24,16,0.6666666666666666,1,1325.755625,40.839375,878.0,335.6025025,0.0,0.0
c673dbbe-99ac-44ca-98a6-64fd70ee9faa,381.0,15.875,4380.081666666667,21095.708333333332,22.916666666666668,0.019370146171321174,0.001204079794695725,0.0018539853532349001,0.5564437609561461,0.03377303019157421,0.008677768778885651,0.0,0.06377251169653107,24,16,0.6666666666666666,1,6570.1225,5308.84375,407.49124875,76.365625,0.0,745.3824999999999
c67ba5e0-53c0-435d-a1ac-07c0f8f5fab8,329.0,13.708333333333334,5398.381249999999,5193.958333333333,12.208333333333334,0.016149212130229955,0.002751531777927371,1.6677379819653024,0.43704374748883973,0.0850857025940502,0.0,0.0,0.09352868908076113,24,16,0.6666666666666666,1,8097.571875,5839.876875,1028.79875,0.0,0.0,1045.89125
c6992834-60f7-440b-b399-92f6592c2f24,77.0,3.2083333333333335,180.24416666666664,1687.2916666666667,3.3333333333333335,0.004166666666666667,0.0014462946171129416,0.02030143768059195,0.166450713566358,0.04188261976697535,0.0,0.0,0.0,24,5,0.20833333333333334,1,865.1719999999999,859.32,5.851999999999999,0.0,0.0,0.0
c6c8029d-7993-4d49-8596-d19d8a902811,1031.0,42.958333333333336,14123.227958333335,18373.375,100.54166666666667,0.010539146833103677,0.0058243560893876155,0.001346273333988325,0.3784151250363204,0.09535067675279481,0.05991625886384119,0.0,0.08497721203119961,24,16,0.6666666666666666,1,21184.8419375,11685.015625,3348.264376875,1834.868125,0.0,2806.259375
c6e0ed0c-4ca4-4bec-b362-5d1c7de324ad,822.0,34.25,8750.462916666665,18964.708333333332,47.416666666666664,0.017533169156782106,0.0025051016427098,0.001759909016558029,0.30386381149335234,0.3325751976963823,0.0037848459789083665,0.0,0.015456351632621877,24,16,0.6666666666666666,1,13125.694375,5927.821875000001,6695.796875,53.466249999999995,0.0,317.27500249999997
c6e7c2ef-2f1f-4631-ae40-3dea3b3fb132,256.0,10.666666666666666,460.76999916666665,2654.2083333333335,6.541666666666667,0.003954889392648737,0.0024835447672805207,0.030738761575325447,0.24319876307812652,0.1379338044782372,0.09046541145672582,0.014666556069881974,0.05529484790525341,24,13,0.5416666666666666,1,850.6523061538462,619.2107692307692,130.38692307692307,55.49846153846154,16.729229999999998,28.70692276923077
c6ec8834-4c40-4cb9-9d6a-d26d8cd8b970,646.0,26.916666666666668,5260.47375,26682.458333333332,30.416666666666668,0.00695706071951175,0.0011767494603128542,0.002216069584630371,0.19755479935505174,0.17381844482032585,0.1947091270312109,0.0,0.0,24,16,0.6666666666666666,1,7890.710625000001,1977.046875,2174.86999875,2489.151875,0.0,0.0
c6f3fba3-5bbc-4b85-807f-b3eae7262d33,828.0,34.5,14485.89625,31246.291666666668,24.875,0.015387370199509823,0.0007997086443866209,0.0011538122385277665,0.4299516186933414,0.07925277820428517,0.03555115339372017,0.00073976357878905,0.11785206954648257,24,16,0.6666666666666666,1,21728.844375,13247.779968750001,3144.4525,1142.45438125,38.8525,4002.479375
c6f57abd-4f6d-41ff-bc20-5f2046c4495b,354.0,14.75,760.3862458333333,10217.416666666666,32.0,0.007361945338124183,0.003160145167987162,0.03401049050487036,0.0,0.5333934611136927,0.09150627842447284,0.0,0.0,24,15,0.625,1,1216.6179933333333,0.0,1025.4199999999998,190.97599266666668,0.0,0.0
c7012f9b-9c3f-4d79-b9d4-6ded99ade047,764.0,31.833333333333332,5040.189166666666,12883.666666666666,17.625,0.02160462872313444,0.0014214333204496624,0.00581342219150877,0.23672779978959235,0.15437467544771444,0.018664287467360246,0.0,0.054052415039007505,24,16,0.6666666666666666,1,7560.28375,3721.51375,789.414375,98.1575,0.0,1038.9850000000001
c71a7b01-93a8-4f6c-8ce1-f8fb36ae69b2,778.0,32.416666666666664,8054.926645833333,44380.958333333336,167.625,0.023712462375208496,0.004396471582242962,0.00214293336960715,0.5131611997678526,0.023523373459753725,0.001454177126885229,0.01049592501274955,0.06853716857198193,24,16,0.6666666666666666,1,12082.38996875,9266.779356250001,303.18875,22.145625125000002,195.828749375,1594.771875
c74a9cb9-98c0-4114-96d0-1cd7f7660551,433.0,18.041666666666668,218.22374998833334,2075.1666666666665,10.208333333333334,0.006025288242851139,0.005798336406244342,2.368452123043166,0.0,0.2916101181776423,0.03493380648553062,0.0,0.0,24,11,0.4583333333333333,1,476.12454542909086,0.0,460.31454545454545,10.631818181818183,0.0,0.0
c7844b93-c15e-4250-ac63-f9b56aca40a1,1909.0,79.54166666666667,21337.172916666666,39252.291666666664,46.208333333333336,0.008326953719387483,0.0012282174967269668,0.001377353539061146,0.14665476703576255,0.232305346841604,0.0879833376276105,0.0023507248479506665,0.015862092157016658,24,16,0.6666666666666666,1,32005.759375,6929.59,10964.07875,4186.01,157.064375,1047.355625
c79c1112-95bc-4726-8f0c-b755f49ae8ef,158.0,6.583333333333333,912.2024958333335,3725.0,12.416666666666666,0.026052059613360722,0.0033381346942503044,0.0027142997743093873,0.4733212213899769,0.1898202543951739,0.003525193643531925,0.0,0.0,24,16,0.6666666666666666,1,1368.3037437500002,951.77375,407.93062499999996,8.599375,0.0,0.0
c7d93b55-babc-4c6a-ae41-a449ee937d12,107.0,4.458333333333333,3398.69,3188.9583333333335,3.9166666666666665,0.0019398187639903042,0.00014588029578292084,0.00015699529434180416,0.10278243262054347,0.0021973150676708707,0.002648748795370454,0.0,0.017371503516415185,24,3,0.125,1,27189.52,22384.83,485.50666666666666,576.6033333333334,0.0,3742.58
c80ef691-40a6-44b6-8372-d852a60759e7,36.0,1.5,0.0,2277.2916666666665,6.083333333333333,0.0,0.002642875823460179,0.0,0.0,0.0,0.0,0.0,0.0,24,0,0.0,0,0.0,0.0,0.0,0.0,0.0,0.0
c816e49b-d3e2-4e3c-b6f2-35df69235eb0,64.0,2.6666666666666665,188.93542075000002,388.875,1.4166666666666667,0.0037549776587536415,0.004196028966043704,0.02583164745646757,0.08333333333333333,0.125,0.20833333333333334,0.0,0.0,24,10,0.4166666666666667,1,453.44500980000004,357.99201000000005,25.9179998,69.535,0.0,0.0
c84d7ac0-9029-49b2-b842-8c615705c6df,292.0,12.166666666666666,706.2570820833333,2561.3333333333335,6.625,0.005692624078824275,0.0027208176776641626,0.007716295177428366,0.03607954979711004,0.026356685918614297,0.003660514709081308,0.0,0.30941671258528197,24,11,0.4583333333333333,1,1540.9245427272729,223.1581818181818,23.731818181818184,22.64090909090909,0.0,1076.7154545454546
c84db95e-c293-46a7-b4ab-93a70f4a9a98,1885.0,78.54166666666667,7619.770416666666,22068.75,69.58333333333333,0.009446402882087142,0.0031470539047114623,0.006748566101378713,0.5970619398405761,0.030750220068933822,0.03145475065761989,0.0,0.0011887085425021126,24,16,0.6666666666666666,1,11429.655625,10134.23875,542.741875,637.67374975,0.0,10.036875
c86174da-9150-44d0-8331-726782baa540,618.0,25.75,6082.159583333334,7088.958333333333,18.25,0.001916228950767375,0.003241170059465,0.0028751282053851497,0.1904852682357129,0.3052548673155545,0.05082304879306184,0.0,0.11961539403537778,24,16,0.6666666666666666,1,9123.239375000001,1627.00999375,6008.0369,462.659375,0.0,1020.8824918749999
c862e23a-ea02-4c85-ab5d-97d1cc35f10f,2391.0,99.625,6920.68625,57810.541666666664,312.0,0.013159328499912996,0.005384067096756967,0.027239396497463635,0.05930683203499776,0.27281983257901715,0.12146539078166912,0.0,0.053765955888068366,24,15,0.625,1,11073.098,1286.045336,3593.2206666666666,2564.3146599999995,0.0,1097.3046666666667
c88350ed-35d9-4828-97fb-0bd56a5cdf7b,292.0,12.166666666666666,405.34416666666675,1266.625,5.375,0.003509317384472904,0.006070921450547967,0.01142142495475128,0.0,0.13639227485538305,0.23826175151489046,0.0,0.0,24,12,0.5,1,810.6883333333335,0.0,109.37166666666667,457.8708333333334,0.0,0.0
c8af06b9-338f-42d6-9567-c1394c4b377c,833.0,34.708333333333336,1468.4595666666667,3802.7083333333335,9.166666666666666,0.00809157159023508,0.002544905117873908,0.02151532210756893,0.1812655210117218,0.1769441240954949,0.04600922875402092,0.0,0.004786310270571975,24,12,0.5,1,2936.9191333333333,2113.214125,630.4825083333334,42.25,0.0,25.80916666666667
c8b0f9ca-361c-49e6-a77a-00e661ef3585,239.0,9.958333333333334,893.4,13981.916666666666,11.125,0.016532583075879678,0.0008006088839033989,1.4219502013634855,0.06042636640441577,0.48098076086989106,0.0,0.0,0.0,24,16,0.6666666666666666,1,1340.1,209.46499749999998,1130.064375,0.0,0.0,0.0
c8d5c09a-4c26-45c4-b1d7-773f50a8297b,35.0,1.4583333333333333,3.1804166666666664,891.375,2.3333333333333335,0.0006450270495214292,0.002770642510802971,0.0010917507314729875,0.0,0.041666666666666664,0.0,0.0,0.0,24,1,0.041666666666666664,1,76.33,0.0,76.33,0.0,0.0,0.0
c8df751d-8101-49e1-b82d-47568ad9574a,195.0,8.125,792.1212499166667,14696.333333333334,12.75,0.005523109861019416,0.0008927375132964708,0.012771238371797842,0.3466844442001822,0.06788606714932062,0.2090293717038422,0.0,0.0010508848906622791,24,15,0.625,1,1267.393999866667,806.7153333333333,106.9653332,351.1580000000001,0.0,2.0653333333333332
c8ff7722-8811-4a9b-b0dc-a020975772b2,330.0,13.75,502.9266666666667,2516.0416666666665,5.416666666666667,0.009086335992250371,0.0024016255851872542,0.016479145692755753,0.0,0.08486429836971689,0.0,0.0,0.3265420394767022,24,11,0.4583333333333333,1,1097.2945454545452,0.0,25.065454545454543,0.0,0.0,958.0245454545453
c9110884-837c-4392-8a4d-c96017270fe2,278.0,11.583333333333334,191.76250000000002,5945.375,17.666666666666668,0.0034547422655158417,0.002983142859486917,0.012857199110959616,0.0,0.25,0.0,0.0,0.0,24,6,0.25,1,767.0500000000001,0.0,767.0500000000001,0.0,0.0,0.0
c91f1ac8-e5a3-4157-a39d-bb411510bed4,1816.0,75.66666666666667,4065.530833333333,26340.083333333332,33.166666666666664,0.0091931165845503,0.0028155190586715124,0.038290687815325866,0.40042524850045896,0.04718854680822409,0.029382251375703407,0.0,0.01454207647054266,24,16,0.6666666666666666,1,6098.296249999999,5521.8125,42.885625,40.644375000000004,0.0,37.031250125
c92d1a9c-9c02-45d5-b010-28f1b326a131,5103.0,212.625,43013.84208333334,161026.125,476.9166666666667,0.01600674592126027,0.002953522184398833,0.0026780383534238668,0.2877808452435333,0.059740308611556846,0.01648995080739413,0.0,0.24550445960568226,24,16,0.6666666666666666,1,64520.763125000005,25720.673125,5813.816875,1775.750625,0.0,25692.133
c93120c1-d1ac-4f4f-8513-e85e49c42bfe,1654.0,68.91666666666667,2548.5849958333333,37030.0,57.375,0.002727258601549104,0.0015404499007788876,0.181021972335582,0.0,0.1775199100076658,0.0,0.01604972119466178,0.0012550899724339999,24,14,0.5833333333333334,1,4369.00285,0.0,154.2192857142857,0.0,33.61857142857143,12.595
c9324327-1222-487a-a943-cf2d330feb02,347.0,14.458333333333334,1197.17,560.0833333333334,4.708333333333333,0.000981787031415129,0.011024931469087592,0.35206310735489826,0.0,0.16666666666666666,0.0,0.0,0.0,24,8,0.3333333333333333,1,3591.51,0.0,3578.46,0.0,0.0,0.0
c93b3296-1781-4b15-851c-20b3d1cd798b,1166.0,48.583333333333336,1713.8137625,28555.541666666668,70.79166666666667,0.008732779578410406,0.0025529172646601666,0.3045393845412371,0.07345044672003646,0.16049394016151083,0.12824076947437113,0.0,0.008645212441615075,24,13,0.5416666666666666,1,3163.9638692307685,1531.1838461538462,945.5169307692306,258.21846153846155,0.0,20.720000000000002
c943fe72-d68a-42cb-8187-15a0c5a443eb,9.0,0.375,0.0,114.25,0.0,0.0,0.0,0.0,0.0,0.0,0.0,0.0,0.0,24,0,0.0,0,0.0,0.0,0.0,0.0,0.0,0.0
c971ac92-240a-41cf-836c-2646a5b251d1,1285.0,53.541666666666664,17747.56675,32137.666666666668,110.08333333333333,0.009815296198893072,0.003554319595864363,0.0013105274610668834,0.4418849352037269,0.06166322134268911,0.06234723757026411,0.07886672414048214,0.021859368524074493,24,16,0.6666666666666666,1,26621.350125,17872.399999999998,2316.016250625,2347.2425000000003,3358.7775,724.948125
c98e989e-5efb-45de-a9eb-2a32b17d2bc8,470.0,19.583333333333332,2323.251666666667,14220.041666666666,35.291666666666664,0.009552708209668236,0.002511646318569937,120.83599971500819,0.25681344679847246,0.18374946921007632,0.10814604887022616,0.0035551692717689536,0.030848248001427964,24,14,0.5833333333333334,1,3982.717142857143,2091.26715,1041.4707142857144,569.8292857142858,43.25071428571429,235.3957142857143
c9adaef2-0ddb-4d36-8195-d0ba76a842ba,1009.0,42.041666666666664,11535.336666666664,14041.375,34.791666666666664,0.01675789696837844,0.0025516519190591416,0.0025386601542234334,0.4032710818773513,0.11204894168613855,0.0,0.0,0.1512514726002893,24,16,0.6666666666666666,1,17303.004999999997,12650.61375,2305.1475006250002,0.0,0.0,2344.9043814375
c9bc923f-1ba3-43cd-ae11-3f18bdea76d9,760.0,31.666666666666668,4833.160417083333,23581.333333333332,24.916666666666668,0.013511212678707191,0.0012962472795169293,0.010170601460980313,0.16927060878265396,0.14622293339441372,0.14177696515097035,0.002252080223800725,0.1116896295525256,24,16,0.6666666666666666,1,7249.740625625,2058.356875,1252.5787506249999,1507.834375,40.615625,1419.405001875
c9d76f72-f089-47b7-a3c9-bf6dcee3a619,86.0,3.5833333333333335,151.84875041666666,2327.5833333333335,2.875,0.004224237303748842,0.0012149738834957417,0.0049275129531947,0.0,0.22973473111616058,0.08333333333333333,0.0,0.020265268883839428,24,8,0.3333333333333333,1,455.54625125,0.0,414.57375125,35.08625,0.0,5.88625
c9ffd510-1014-4139-b0da-4088d43c4cc1,1039.0,43.291666666666664,3132.6145833333335,19119.0,25.708333333333332,0.015267824473943653,0.0013412490675182417,0.015593212312351506,0.16492826152123619,0.1248798086502269,0.0,0.030250420620836948,0.16120837744029223,24,16,0.6666666666666666,1,4698.921875,1469.371249875,114.458125,0.0,248.640625,1123.540626875
ca169bda-add0-4c1f-9dfc-905fb5a90278,92.0,3.8333333333333335,337.014166875,929.6666666666666,2.7916666666666665,0.002109468249970429,0.0032774418757032502,0.16751487568707665,0.0,0.24280195741517166,0.15672766325884976,0.0,0.017137045992645202,24,10,0.4166666666666667,1,808.8340005000001,0.0,391.07599999999996,412.31500050000005,0.0,5.443
ca642069-578c-46cd-b023-1678a4127d4c,510.0,21.25,5654.4074999583345,14014.708333333334,70.25,0.008558678039980188,0.00514261838558005,0.08390410069159253,0.45643860182442814,0.06282240126467696,0.05382563246565583,0.0,0.07712077286008734,24,16,0.6666666666666666,1,8481.611249937501,6155.660625,675.8425,214.82437500000003,0.0,1155.93
ca91da42-c539-44a0-82ac-75b1bd87eb96,96.0,4.0,700.9920833333332,0.0,0.0,0.0005597833659458833,0.0,0.0006707778381270625,0.0,0.125,0.0,0.0,0.0,24,3,0.125,1,5607.936666666666,0.0,5607.936666666666,0.0,0.0,0.0
ca928d2a-c67c-47a2-b5c4-b9f7ec2f6792,1497.0,62.375,5083.4454166666665,21639.916666666668,64.0,0.01683203546484821,0.003092591262124808,0.010443894919770652,0.22019817646740372,0.2879247553584012,0.02323528809377315,0.014059535916184196,0.039732094944012065,24,16,0.6666666666666666,1,7625.168125,2543.35,2570.01625,366.96062412500004,225.086251875,661.795623125
cab22093-72ee-4c1b-97de-99dafd75fc3e,312.0,13.0,1063.0854208333333,7759.458333333333,10.541666666666666,0.006912115089154816,0.001505618949433696,0.03534176767547464,0.3548765327120715,0.10941292787610707,0.1660098356725066,0.016283427576635198,0.01964649708054174,24,16,0.6666666666666666,1,1594.62813125,858.5325062499999,51.061875,644.2449999999999,14.220625,25.62375
cab2c3a0-ef64-495f-ae80-353741f37afc,973.0,40.541666666666664,6204.86425,13185.583333333334,54.75,0.01600941101427324,0.0040565042412068,0.01427354797803343,0.2475438333396852,0.15109752486190153,0.019657578852330417,0.0,0.2430286363345442,24,16,0.6666666666666666,1,9307.296375,3775.68680625,1391.9181250000001,13.28125,0.0,4002.1633375
cab7aa50-5fd9-4477-aca0-ce5e1d8bea97,843.0,35.125,1999.9483208333334,23320.416666666668,99.875,0.008667895258369097,0.0049809498935913495,0.013605492562208749,0.03769996863237139,0.06729204611267973,0.0020169147560929208,0.0,0.3945460620886621,24,14,0.5833333333333334,1,3428.482835714286,181.3114285714286,34.20357142857143,9.700000000000001,0.0,2792.739292857143
caf39307-9556-4485-b019-6c8a40c5aaf1,772.0,32.166666666666664,223.66666672083338,8869.708333333334,19.458333333333332,0.003977325595858542,0.0037486308772160166,0.6639623096276565,0.0,0.12275697517534441,0.20562976536371938,0.0,0.0023450606903469666,24,11,0.4583333333333333,1,488.0000001181818,0.0,79.46181818181819,402.0209090909091,0.0,1.7736363636363635
cb173804-8255-4ae7-bced-59ba7eaba8b7,189.0,7.875,504.7550000833333,4136.5,7.958333333333333,0.0096047391126421,0.0019668079967263877,0.01863173346321509,0.13115908365324672,0.30454437904975956,0.1476298701612663,0.0,0.0,24,14,0.5833333333333334,1,865.2942858571429,376.0257142857143,322.1250001428571,167.14357071428572,0.0,0.0
cb4d0bc3-b137-4824-91a6-4ade8114aba3,233.0,9.708333333333334,1647.1258375,12535.166666666666,15.541666666666666,0.008991305678011487,0.0018463611286021666,0.017401729112348746,0.019039918625144533,0.1910129921955551,0.0038655325419126043,0.004071543542006246,0.26984181657687006,24,12,0.5,1,3294.251675000001,135.945,1022.9083358333334,51.793333333333344,53.33333416666667,1870.434975
cb527895-cf34-4e70-942e-81bcaa4081af,198.0,8.25,530.75208325,4660.875,8.125,0.0030186772834289127,0.11484473672904166,0.016306253951168734,0.13774310515132604,0.15392356151534062,0.0,0.0,0.0,24,7,0.2916666666666667,1,1819.7214282857142,1395.4285714285713,424.2928568571428,0.0,0.0,0.0
cb631343-3feb-44db-923d-ae4e169bbe0f,502.0,20.916666666666668,5346.300416666667,4009.5833333333335,10.75,0.025749166077869316,0.0026975810857943453,0.003773295312155412,0.4849836440624656,0.02066628241608022,0.05550777013935281,0.0,0.10313917695868091,24,16,0.6666666666666666,1,8019.450625,2465.794375,96.188125625,4803.421249999999,0.0,626.6268749999999
cb772ee7-2d2a-419c-b773-af8c0335d5ab,1117.0,46.541666666666664,4259.411654166667,34999.666666666664,80.66666666666667,0.011653540952166405,0.0023255804275930957,0.008064426382216446,0.33791054132280646,0.027121195168458855,0.002630694006951512,0.010490829044215536,0.11921255817449135,24,16,0.6666666666666666,1,6389.11748125,4104.087481250001,122.09562499999998,11.451250012500001,45.310625,1062.94936875
cbbcfb51-ae71-4e56-bbdf-08c0dd4395ef,539.0,22.458333333333332,4535.323333333334,7936.958333333333,14.416666666666666,0.0028679362656892464,0.0018930203486030915,0.00225337529791445,0.4441670264534847,0.06775259489033762,0.051179107038204365,0.0,0.09939133627671141,24,16,0.6666666666666666,1,6802.985000000001,4464.118731250001,785.0662500000001,514.4612500000001,0.0,1000.2037518750001
cbd02638-a130-42ef-b7c3-6f1427fab122,378.0,15.75,2954.2204125000003,7509.541666666667,9.541666666666666,0.016389730200248833,0.001352510453873125,0.004945311458414916,0.44644814523036785,0.0366094103824828,0.03964783872254365,0.028949146399483955,0.11448436298208924,24,16,0.6666666666666666,1,4431.33061875,3626.12250625,53.978750000000005,52.458124999999995,21.094374375,671.6999999999999
cc03069b-8c92-4c1a-a269-cfb6f10a8eb1,383.0,15.958333333333334,861.8762541666666,7941.5,17.333333333333332,0.00585553111027088,0.002243718958430783,0.11116548585441559,0.0,0.24611637355657914,0.0,0.0,0.16937337193339366,24,10,0.4166666666666667,1,2068.50301,0.0,993.281,0.0,0.0,1065.255
cc08839a-81a8-4edb-90f0-a4bf8528f5b1,674.0,28.083333333333332,13009.274583333332,24387.541666666668,66.20833333333333,0.01435224654301584,0.0027893231293569993,0.0010583569979872793,0.37720177673912364,0.05431668687565858,0.04659037109967453,0.0,0.16468915094807626,24,16,0.6666666666666666,1,19513.911874999998,10982.63560625,1971.833749375,1153.466875,0.0,4671.310625
cc524d4e-3e21-43f6-9690-d1f6dd7f0688,508.0,21.166666666666668,3957.338333333333,7511.708333333333,13.791666666666666,0.00988955307738148,0.0018572185161934002,0.0029217915367368793,0.5955229695064577,0.030488167078920908,0.012356550143046619,0.0,0.02686137532773961,24,16,0.6666666666666666,1,5936.0075,5144.95810625,356.46875,90.93375025,0.0,335.991875
cc70af80-f838-41f3-b0ec-aefba583d840,722.0,30.083333333333332,9428.697916666666,10205.875,38.375,0.01653462800171547,0.00460136224289657,0.0014322251837499292,0.3791362963299478,0.10467609617305455,0.0044530424792805084,0.003819261032110437,0.045654945781954524,24,16,0.6666666666666666,1,14143.046875,7934.032499999999,2137.193125,101.473125,88.96000000000001,1150.71875
cc929dac-1731-4350-ad64-d0e67371628c,473.0,19.708333333333332,231.09624999999997,5008.791666666667,10.166666666666666,0.0043791398812935796,0.002101847453959579,0.018687820723979485,0.0,0.24496875902204066,0.03296479487925517,0.0,0.01373311276537083,24,7,0.2916666666666667,1,792.3299999999999,0.0,758.6757142857142,19.422857142857143,0.0,14.231428571428571
ccd897bb-299c-42bf-aff1-e5dccb4abd98,99.0,4.125,939.5679166666667,9107.541666666666,12.833333333333334,0.007059377659433075,0.0014069031709715546,0.0017231745959592792,0.22182097809511428,0.028498048847790083,0.41634763978268335,0.0,0.0,24,16,0.6666666666666666,1,1409.351875,465.410625,82.893750125,861.0475,0.0,0.0
cd00d7ae-436e-4743-8542-81ea0d06fbe4,775.0,32.291666666666664,6776.872512500001,12194.0,33.125,0.014075316967262655,0.003613663161301184,0.002076789017392271,0.5362521458954869,0.08372559256940387,0.04546156963318162,0.0,0.0012055300182241832,24,16,0.6666666666666666,1,10165.308768750001,7976.485000000001,1424.780625,750.4806243749999,0.0,13.18937475
cd12d001-7b72-4167-a32a-37cca07a77dd,1052.0,43.833333333333336,22287.33375,36175.291666666664,99.54166666666667,0.020858755692964647,0.0028860170414892416,0.0008872385905352292,0.33029677275668906,0.0181356235206071,0.0,0.0017758528301577625,0.14574271529487345,24,16,0.6666666666666666,1,33431.000625,16407.550625,880.414375,0.0,91.686875,7591.668750000001
cd15266e-77a4-4716-9725-2f43a0b4c523,75.0,3.125,1987.54625,7184.5,8.625,0.002185829279653675,0.0010322928762408166,1.5782365252966885e-05,0.12326933750006515,0.042444870294184533,0.00052830677961475,0.0,0.000424152092802225,24,4,0.16666666666666666,1,11925.2775,9174.75,2665.94,55.74,0.0,28.8475
cd23648f-2f17-4ef2-9e96-a8d92ffc465f,175.0,7.291666666666667,281.2758375,5347.916666666667,9.708333333333334,0.004276232715953658,0.0018930743283055377,0.006234723667878284,0.0,0.375,0.0,0.0,0.0,24,9,0.375,1,750.0688999999999,0.0,750.0688999999999,0.0,0.0,0.0
cd27037b-69b9-49b3-869c-2fdab3b5d808,369.0,15.375,5222.130833333334,7965.875,17.916666666666668,0.01666894167207486,0.0025341059440861045,0.0014051084858240082,0.40155290978416064,0.10191208066102087,0.0,0.0026565394127228917,0.09969455558358555,24,16,0.6666666666666666,1,7833.19625,4625.93,1166.7987524999999,0.0,29.73875,1197.4962561875
cd3cc38e-5755-4706-8536-86c49264d708,1698.0,70.75,6758.972691666667,19760.125,54.791666666666664,0.02632774608234506,0.002775149653950079,0.006602372251305562,0.4311466428077995,0.030585780724492213,0.0011171361946570584,0.021909524617987525,0.1812726710912844,24,16,0.6666666666666666,1,10138.4590375,6667.01861875,340.31551099999996,13.973125,300.05744375,2805.2762875
cd5b1c7d-8bf0-4630-91db-81ad4c0323e7,53.0,2.2083333333333335,26.03916666666667,536.8333333333334,1.75,0.003153836554822275,0.0032685774512964,0.005875497505402508,0.0,0.125,0.08333333333333333,0.0,0.0,24,5,0.20833333333333334,1,124.98799999999999,0.0,90.726,34.262,0.0,0.0
cdc4cd18-03c5-40e5-a11c-b6758ad5e885,56.0,2.3333333333333335,78.05624983333334,1196.9166666666667,1.6666666666666667,0.0022277430887709918,0.0014848421282201375,0.003282881207060325,0.0,0.16666666666666666,0.041666666666666664,0.0,0.0,24,5,0.20833333333333334,1,374.6699992,0.0,353.988,20.6819992,0.0,0.0
cdce3d17-ce93-4438-b82a-a9d0679b8818,507.0,21.125,817.37125,24482.875,50.625,0.0078123255724502,0.002284744807807529,0.03897199839628698,0.1297049851015106,0.1399229548310297,0.23603203033716427,0.010228223535593658,0.07821034946794662,24,15,0.625,1,1307.794,812.6853333333333,76.12466666666666,222.27599999999998,15.018666,127.04333333333334
cde06b5e-c1b7-46d8-8709-ee8b1ced3ed1,2154.0,89.75,6588.640001250001,47333.291666666664,89.08333333333333,0.0068947074760284345,0.0018714259249562708,0.5538243444425532,0.12044689410337674,0.15676351475264605,0.03930526768477211,0.009324324144017062,0.020346142190575584,24,15,0.625,1,10541.824002000001,2267.8206666666665,1167.0886666666663,340.352,90.65,745.1426666666666
cde9be24-044b-4454-8a23-9411517cd28e,153.0,6.375,318.86333333333334,2441.3333333333335,11.875,0.003118033018472058,0.005953597206389909,0.0013604643122927748,0.0,0.0,0.07088515532399708,0.0,0.09578151276685938,24,4,0.16666666666666666,1,1913.1799999999998,0.0,0.0,734.2875,0.0,1178.892525
ce141828-c89c-48fc-94f1-0654fde6e913,350.0,14.583333333333334,3809.240416666666,7437.25,22.458333333333332,0.009630999910280954,0.0030432507111333496,0.0017296209587357707,0.2783807999910519,0.37437756648149373,0.0017175661346447626,0.0,0.002736273406980029,24,16,0.6666666666666666,1,5713.860624999999,2325.40625,3270.65749375,12.876875,0.0,23.098125
ce43d2d3-a85f-4229-8ea3-c800df27241f,2.0,0.08333333333333333,0.0,88.25,0.08333333333333333,0.0,3.93452943028e-05,0.0,0.0,0.0,0.0,0.0,0.0,24,0,0.0,0,0.0,0.0,0.0,0.0,0.0,0.0
ce4c3680-3abe-4af2-bc5f-48eed97d05fe,1336.0,55.666666666666664,10797.498333333335,41429.041666666664,36.625,0.022631081131158554,0.0009041836884602208,0.0025021448630232956,0.4998091622949799,0.0428421160558816,0.007622148743145679,0.04817796229546332,0.01518736919818398,24,16,0.6666666666666666,1,16196.247500000001,11422.529999999999,1491.989375,202.35937512499999,1494.22939375,446.4549987500001
ce78406a-c03e-4a88-a983-34ea7b7c3225,1378.0,57.416666666666664,6335.319987499999,12621.791666666666,58.125,0.023697497272671907,0.004666982389752646,0.004497208866401041,0.3734913726246319,0.022313934663700064,0.0013621127496611294,0.0,0.18584118357141674,24,16,0.6666666666666666,1,9502.979981249999,5282.928749999999,274.13312493750004,13.345,0.0,2759.966875
ce7ad7d3-0e66-4695-8b65-80b005f41772,448.0,18.666666666666668,6416.162499999999,19762.833333333332,45.458333333333336,0.014189763574293487,0.0025297211007573417,0.001303832554662325,0.3201097610023834,0.14476978348645916,0.04583420405767271,0.006226334041668456,0.1253204417491918,24,16,0.6666666666666666,1,9624.24375,4165.125,2280.88875,403.566875,187.244375,2178.480643625
ce90a5e6-25e8-4e3c-9411-0e1be776aff6,725.0,30.208333333333332,11434.736645833333,16056.583333333334,71.16666666666667,0.01534233967145919,0.004579590061071779,0.001233991572512125,0.591154726471903,0.0012429680676738293,0.03654288518110153,0.0028014945843810334,0.0347730614563558,24,16,0.6666666666666666,1,17152.104968749998,15152.098125,30.062499999999996,978.525625,86.401875,900.3875
ce96af9d-1c4c-421f-a73b-b66a6b8386b6,707.0,29.458333333333332,5654.801666666666,13438.5,40.041666666666664,0.009489416791394846,0.004142768447740558,0.002526862247456621,0.3012013965994731,0.08538006924305667,0.14690235106103985,0.0,0.10712098692877085,24,16,0.6666666666666666,1,8482.2025,3519.42874375,1073.655625,2008.283124375,0.0,1420.288125
ce9cdb80-606a-498f-b373-40856345653a,346.0,14.416666666666666,2268.8554291666665,6642.041666666667,10.708333333333334,0.010008535924447585,0.0016697361818403917,0.002486570321671392,0.6372904464427852,0.020817065599144747,0.006713916977652122,0.0,0.0004753311459091125,24,16,0.6666666666666666,1,3403.28314375,3259.78125,101.28625,33.276875000000004,0.0,1.96125001875
cea31054-3ee5-4ec2-ad61-57f874fa9ce1,923.0,38.458333333333336,0.0,2.0,2.8333333333333335,0.0,0.29933261183261184,0.0,0.0,0.0,0.0,0.0,0.0,24,0,0.0,0,0.0,0.0,0.0,0.0,0.0,0.0
ced336ce-699b-453e-a65a-31dd46b5632e,806.0,33.583333333333336,3968.9041666666667,9455.375,24.0,0.011645656830183218,0.0025798150044854915,0.0041604317703796455,0.2449575554146326,0.1957219042952111,0.13041011483177942,0.0,0.0637330025751961,24,16,0.6666666666666666,1,5953.35625,2169.193126875,1880.0899937499998,971.11375,0.0,605.0468751249999
cedc7a76-2ab5-440d-872d-ac9b4329f7b4,1131.0,47.125,4945.718750000001,15401.708333333334,64.08333333333333,0.009526894315525359,0.0044107258624562955,0.0052188830274881165,0.23346923315170187,0.08366432440942499,0.21349070805036552,0.0,0.12945863077560257,24,16,0.6666666666666666,1,7418.578125000001,2100.43875,770.56875,2897.0406293749998,0.0,1610.166875
cef3b1c1-81d4-4596-8d3e-fa00aba0c645,278.0,11.583333333333334,6823.702499999999,12237.208333333334,15.416666666666666,0.013754102493971567,0.0013185866432199125,0.0008550480886138334,0.435362258237697,0.16029958736926367,0.0018215290564710291,0.04756984953455812,0.004315927392661396,24,16,0.6666666666666666,1,10235.55375,6796.915000000001,2422.060625,30.961875000000003,738.269375,49.385625
cef3c4b7-5918-4c62-a156-acf2b3f8311e,319.0,13.291666666666666,2320.880833333333,9292.833333333334,20.458333333333332,0.02333227648821928,0.0022098825859737793,0.0022562139744806294,0.5676227972242015,0.036228709756705675,0.062461509343020645,0.0,0.0,24,16,0.6666666666666666,1,3481.32125,2930.458125,225.738125,322.98062500000003,0.0,0.0
cefb3a83-b69c-413b-9fa4-ae6d5d75c3b1,119.0,4.958333333333333,26.771666666666665,2618.0833333333335,3.4583333333333335,0.0011122566195126626,0.0014523389883242793,0.08953042035784307,0.0,0.11647547717103952,0.027677586353220738,0.0,0.022513603142406385,24,4,0.16666666666666666,1,160.63,0.0,87.94250000000002,58.7025,0.0,13.985
cf1f23f7-37b8-45e0-833e-1a2d4a1136fe,1814.0,75.58333333333333,8711.167495833333,21244.208333333332,73.33333333333333,0.007146672450031449,0.003765220418182696,0.0059501838260047285,0.062210288500350854,0.4106259098432292,0.09913093705049303,0.0,0.0,24,16,0.6666666666666666,1,13066.75124375,824.7631262500001,6225.50814375,1407.67875,0.0,0.0
cf269114-666b-4cf7-abd6-021bd50a7188,894.0,37.25,3299.203333333333,17469.125,85.625,0.013130997178026215,0.004991162525649004,0.005577866477382017,0.0587315140109656,0.5029475403383499,0.06242002331835198,0.0040617851138183576,0.03821448249249616,24,16,0.6666666666666666,1,4948.804999999999,501.313125,3852.731875,384.30375,21.48875,187.181875
cf4944fd-e46b-42d8-91cd-c75e1d6e8986,364.0,15.166666666666666,3713.3754166666663,6679.666666666667,7.416666666666667,0.022699124182247964,0.001115144667537304,0.0029537433836518833,0.47462681152122443,0.04193657677217654,0.008159534314802243,0.0,0.008291833946051534,24,16,0.6666666666666666,1,5570.063125,3785.03,443.9725,108.793125,0.0,110.9375
cf5dffb4-5523-4224-82d8-9737f6fedf0f,628.0,26.166666666666668,1869.5429166666665,12384.125,32.208333333333336,0.01876050178899593,0.0026330227994903373,0.10125620138190317,0.48146914317534706,0.05488494679831959,0.002982589099795575,0.0,0.0021578235001530415,24,14,0.5833333333333334,1,3204.930714285714,2764.342857142857,410.11,16.124285714285715,0.0,12.890714285714285
cf76d28c-72fa-42f0-bc34-1f3a7d9e822a,256.0,10.666666666666666,956.4229125,5525.041666666667,11.916666666666666,0.0044014268668240665,0.002257503497621375,4.526914011068162,0.0,0.2594597552130291,0.10628763321152214,0.0,0.04779950632389962,24,13,0.5416666666666666,1,1765.7038384615385,0.0,1676.0315307692306,49.98538438461539,0.0,38.00692307692307
d014c4cb-d958-4482-aa03-ee9f33333c59,375.0,15.625,1714.5966666666666,11268.541666666666,32.75,0.015806518115496982,0.0029781926138627624,0.022469504876930033,0.29172976744249657,0.18748443140504642,0.009140918934601587,0.0,0.0023936190859896126,24,16,0.6666666666666666,1,2571.895,1787.796875,245.9412509375,60.94,0.0,7.405625000000001
d030eddd-c19e-45ab-9911-bbb2ac5684d5,106.0,4.416666666666667,803.9720874999999,3243.6666666666665,2.0416666666666665,0.02083143714795768,0.00048065891296578323,0.021737609241948206,0.28181025116346214,0.08356596362975612,0.0,0.0,0.06293902230581512,24,12,0.5,1,1607.9441750000003,1116.68,24.350833333333338,0.0,0.0,153.26166250000003
d07f3fd1-5ccb-41f3-a6f3-f32a7c20c25c,1220.0,50.833333333333336,13775.669583333334,30319.083333333332,77.04166666666667,0.01283133826394058,0.002614474883955925,0.0015459110032032166,0.2803123216858967,0.023101303631165207,0.008905832205909167,0.002058919157830779,0.1770946222369829,24,16,0.6666666666666666,1,20663.504375,8606.967499999999,819.5887500000001,280.55812375,68.4950000625,5565.115625
d0bae115-b9a9-4cbd-946d-99c42ad28c95,125.0,5.208333333333333,54.294999999999995,2287.25,2.9166666666666665,0.004724616852879743,0.0016383109050827124,0.01134098671635605,0.0,0.20833333333333334,0.0,0.0,0.0,24,5,0.20833333333333334,1,260.61600000000004,0.0,260.61600000000004,0.0,0.0,0.0
d0e1f735-20d3-4fc2-b81b-e9232cce2eb3,272.0,11.333333333333334,482.0187498333333,7925.625,11.0,0.005395143994247338,0.0017245743174235252,0.2585283404481021,0.0,0.5152422577672543,0.019289846869792158,0.0,0.0051041703151086335,24,14,0.5833333333333334,1,826.3178568571428,0.0,800.0328571428572,17.52785714285714,0.0,4.996428571428572
d0e29725-288f-410c-ad5b-6a411dc5b16a,324.0,13.5,2381.648754166667,7521.208333333333,32.791666666666664,0.016079090824214326,0.004574051833056754,0.002836016961251404,0.4756365367458855,0.04112267726680093,0.026854763982465963,0.0,0.021967491854840395,24,16,0.6666666666666666,1,3572.4731312500003,2570.855625,251.13312524999998,132.49374999999998,0.0,94.77875
d0e4ba7f-fe46-44b9-8b2a-bdf3ce8efff4,597.0,24.875,5038.28,15292.625,43.375,0.013380099941779232,0.0035264741884630754,0.002046342975142371,0.49418573742967303,0.022456734217016782,0.033587916235173015,0.011575598231144867,0.10454652754350609,24,16,0.6666666666666666,1,7557.42,5482.355,338.725625,374.58125,93.44437500000001,1264.8193768750002
d0f01713-b472-448c-81e0-f7fce7574cc7,1479.0,61.625,6812.089166666668,25882.625,54.791666666666664,0.009868901634975074,0.0022143115117538837,0.007408620869807896,0.20525698821633864,0.07058516433269652,0.15293838146580738,0.0032033610324119187,0.15535193535198422,24,16,0.6666666666666666,1,10218.13375,4796.1825,1112.6937438124999,1422.2124999999999,58.561875,1904.5175
d0f390bb-2fe7-41ac-9c01-ce7a41a12d01,1336.0,55.666666666666664,1863.01,24682.75,38.458333333333336,0.006117310792039109,0.0015814441836432124,8.345583553759749,0.0,0.28898411397382645,0.14390833241402473,0.0,0.024669584807471487,24,12,0.5,1,3726.02,0.0,2431.4891666666667,1251.1558341666666,0.0,36.4175
d12a4e12-7943-41d8-9cd8-4830522f9d7c,110.0,4.583333333333333,216.10166666666666,5307.958333333333,6.833333333333333,0.0034166848659513333,0.0016547409139887122,0.015993597378998674,0.0,0.09875201581010558,0.27624798418989444,0.0,0.0,24,9,0.375,1,576.2711111111112,0.0,22.168888888888887,554.1022222222223,0.0,0.0
d152b518-fd30-4923-a504-14075c84c047,140.0,5.833333333333333,158.70249875,4924.291666666667,4.041666666666667,0.0029472393149299002,0.0006478410491395917,0.0015719787163701291,0.12824894371678708,0.011721274022240194,0.02096846077843809,0.0,0.005727988732007471,24,4,0.16666666666666666,1,952.2149924999999,696.365,78.5075,144.95999499999996,0.0,32.382500050000004
d173287e-567e-4904-93b9-b0ef54f6f70f,162.0,6.75,5989.787500000001,9085.0,10.083333333333334,0.008553988047196655,0.0006147821825282875,0.00048252560410599166,0.37015236687008873,0.011115763211029266,0.04062679880225043,0.0,0.03643840411206208,24,11,0.4583333333333333,1,13068.627272727272,10537.717272727272,330.4609090909091,1153.614536363636,0.0,1046.8345454545454
d1882492-b628-4b20-8c37-aae6801074b6,287.0,11.958333333333334,1004.2395833333334,3510.1666666666665,9.916666666666666,0.014332220844537313,0.0028916085221284246,0.005765922894005196,0.44984617991579134,0.06580248920094797,0.15101799687259074,0.0,0.0,24,16,0.6666666666666666,1,1506.359375,976.674998125,201.70312562499998,327.98124999999993,0.0,0.0
d1954b28-9ea1-4b49-9c4d-3ba4d4f52a8f,2001.0,83.375,14849.592499999999,68739.5,336.0833333333333,0.00996655930433575,0.00482730076022437,0.003250772238872921,0.3429558521849023,0.14903096475364105,0.04214375091965167,0.008870129450478883,0.10604106437892691,24,16,0.6666666666666666,1,22274.38875,10923.912499999999,5119.26375,1452.639375,299.76874937499997,3848.626875
d1965fea-595a-4d5b-9075-3a6ee2ee0e08,652.0,27.166666666666668,8949.19,14909.291666666666,46.833333333333336,0.009651348972960305,0.0032905827070517078,0.0014482400418693458,0.2985790538712987,0.12838239651770467,0.020128388830085265,0.0,0.1678062035159356,24,16,0.6666666666666666,1,13423.785,6134.3125,2484.6406249999995,523.75,0.0,3157.9375
d1a395b9-e134-485e-bdf0-3b398dc2450d,383.0,15.958333333333334,3476.6225,13924.375,19.958333333333332,0.020083340741669113,0.002469558066685575,0.0025125421123654043,0.6034861623138719,0.0031562043773567996,0.05377969968135212,0.0,0.006026932890023758,24,16,0.6666666666666666,1,5214.93375,4767.43750625,35.353750125,355.254375,0.0,55.615625125
d1a9aab4-a9fe-4bef-bbff-03ea1d7da2f5,635.0,26.458333333333332,918.6062500000002,8237.666666666666,21.125,0.0031535301666093837,0.002613170388938021,0.06001767906067351,0.0,0.18990185528241563,0.013972606361246101,0.0,0.005296691447957108,24,14,0.5833333333333334,1,1574.7535714285711,0.0,145.42642857142857,16.610714285714288,0.0,10.05642857142857
d1b32811-2660-4c66-b3c6-ab1aad07db5c,1627.0,67.79166666666667,4165.132083333333,21688.125,99.04166666666667,0.019799060607395835,0.004623812666453679,0.007939621900510016,0.5066269715522135,0.03960724421788804,0.07831873349221548,0.0,0.0033060521278828504,24,16,0.6666666666666666,1,6247.698125,4396.084375,561.36625,686.4275,0.0,29.6775
d2444f59-6874-48de-bd02-93f923d6103d,625.0,26.041666666666668,1053.5087499958333,7405.291666666667,18.166666666666668,0.0036516578890494877,0.002459364116229646,0.7098009827116106,0.37449268558404786,0.125117104504944,0.0,0.0,0.0,24,13,0.5416666666666666,1,1944.9392307615385,1891.7015384615383,51.62923076923077,0.0,0.0,0.0
d2551565-18fb-4786-b76a-0fde41e59a6d,505.0,21.041666666666668,2515.304166666667,7902.791666666667,42.125,0.02101718906339183,0.005390453819965837,0.003982262291705875,0.46862260659746574,0.056809012066526145,0.022482801881076275,0.0,0.10541043502606016,24,16,0.6666666666666666,1,3772.95625,2601.9,408.89750000000004,123.31374993749999,0.0,570.686875
d2789bcf-570a-42cd-a892-34084e40a72c,628.0,26.166666666666668,8256.157916666667,15887.416666666666,51.25,0.012141348829646159,0.003274663657457917,0.0014673821831638373,0.3828584808908239,0.11254738504855644,0.05073996766949395,0.0,0.12030521188381625,24,16,0.6666666666666666,1,12384.236875,7091.43125,2150.5975,1021.3693749999999,0.0,2116.2093750000004
d28bd275-0a8a-49d1-bb74-30401ad7a71c,1368.0,57.0,2989.419570833333,37827.375,33.416666666666664,0.00812615013731563,0.0008965428118995917,0.042835627379540324,0.472778600880722,0.1629127657240802,0.006899415698902796,0.0,0.017479139390585968,24,16,0.6666666666666666,1,4484.12935625,4083.4762124999997,289.8025,14.205,0.0,31.761875625
d2daec8d-0ea1-4eb0-b0e8-b70f10f99dcb,1415.0,58.958333333333336,19270.38,34736.666666666664,77.375,0.014684504159070364,0.002303056289886421,0.0015003590372935959,0.2256234420156454,0.022840896664599968,0.015453777613863273,0.0005282011857862542,0.19382560341498403,24,16,0.6666666666666666,1,28905.57,9092.63876875,1157.76625,573.258125,20.5181249375,7863.23251875
d2dbc1fb-e4e0-49bb-80a9-545181205659,448.0,18.666666666666668,1945.3795833333334,9941.041666666666,26.166666666666668,0.01265302888706867,0.0026926407205877293,0.003439729394068954,0.3494348537834333,0.09649483663713206,0.008977662700295179,0.0,0.08665033908651183,24,13,0.5416666666666666,1,3591.4700000000003,2398.991546153846,508.6530769230768,39.371538461538464,0.0,643.5523076923077
d2fddae7-194f-4266-b047-967781749043,607.0,25.291666666666668,3899.9550000000004,11716.75,35.333333333333336,0.014075481974040294,0.003076948703064871,0.0032094360756375457,0.1402825828528288,0.12407912956606375,0.226186191007922,0.0,0.06683597720724475,24,16,0.6666666666666666,1,5849.932500000001,1199.38124375,1054.5175,1900.87249375,0.0,699.78875
d30846b8-c91e-435e-a74c-373941a36f33,786.0,32.75,4504.8916662500005,29053.958333333332,46.625,0.011598627440228862,0.0018895434810122667,0.30221046035061244,0.12656114139548777,0.12574445600923087,0.06447803133947168,0.0,0.14691185103129378,24,16,0.6666666666666666,1,6757.337499375,1727.48625625,737.840006875,1819.645,0.0,562.944375
d3280b77-c53e-44f1-887f-94dcc3ebb981,2300.0,95.83333333333333,40882.62666666667,68641.125,245.83333333333334,0.02180471053263197,0.003988649243693204,0.0010572139571708458,0.5268922513507504,0.061984909715209445,0.002124433364627975,0.0005826846436053084,0.05354528279001406,24,16,0.6666666666666666,1,61323.94,48584.91,5649.289375,216.1425,59.31125,4823.166231249999
d32ef958-c2ba-4a14-8043-69bd56f8cf7d,8.0,0.3333333333333333,0.0,465.3333333333333,1.625,0.0,0.0036544790569180787,0.0,0.0,0.0,0.0,0.0,0.0,24,0,0.0,0,0.0,0.0,0.0,0.0,0.0,0.0
d33b7e8e-31c0-4eee-b24d-f028e3748300,195.0,8.125,412.34125,7174.833333333333,14.083333333333334,0.006217459942483583,0.0022745122859092835,0.7489984149546004,0.0,0.17331537329749547,0.36780399860813145,0.0,0.0,24,14,0.5833333333333334,1,706.8707142857144,0.0,99.60928571428573,606.0714285714286,0.0,0.0
d34bcf80-ebdc-4930-ada6-db2d3da74e09,466.0,19.416666666666668,1498.1095875,6333.625,15.041666666666666,0.0057026935150108204,0.002675623859081716,0.017352850631391813,0.3943910838725507,0.1205128640219728,0.0,0.0,0.0676771733496483,24,14,0.5833333333333334,1,2568.1878642857146,1873.5642857142855,253.23499971428575,0.0,0.0,436.4921428571428
d35a7994-a4fa-4ade-83b7-a6fbadf9511b,240.0,10.0,387.3383333333333,1520.375,2.7916666666666665,0.005215417670399521,0.0040372968659594,0.017016161714924222,0.2896948243006761,0.08530517569932383,0.0,0.0,0.0,24,9,0.375,1,1032.9022222222222,1012.2666666666669,20.63555555555556,0.0,0.0,0.0
d38daa9c-f429-41e7-9e72-f82aad4b49cb,229.0,9.541666666666666,158.9679166666667,3254.3333333333335,12.791666666666666,0.003528850197468425,0.004217167255101104,0.0195075595014628,0.0,0.25,0.0,0.0,0.0,24,6,0.25,1,635.8716666666667,0.0,635.8716666666667,0.0,0.0,0.0
d3e6c47b-c502-4db0-97ad-fa3c64d46721,1015.0,42.291666666666664,2306.266666666667,22231.166666666668,54.458333333333336,0.01083701522382353,0.0025516856215047085,0.01781890032714233,0.010273921256852897,0.20854361115222075,0.14549271647052944,0.005020207773459864,0.08878349480584251,24,16,0.6666666666666666,1,3459.4,101.11875,1216.6875,525.28,55.886250000000004,463.02999375
d3f8812f-a8e6-48bb-a08c-b5d11416d8f7,313.0,13.041666666666666,567.24999999875,7672.833333333333,30.541666666666668,0.0038248418858459463,0.0041975328860848335,0.8999243393498881,0.11414746045675317,0.1445644014837278,0.0,0.0,0.032176621551987826,24,9,0.375,1,1512.6666666633334,719.7388888888888,587.7722224444444,0.0,0.0,200.39000222222225
d4097e5d-37d9-4dd1-88cb-bc7c0317f817,110.0,4.583333333333333,469.4370833333334,1724.8333333333333,2.9583333333333335,0.004754485692619471,0.002081814779200188,0.008214627493854425,0.0476409924345793,0.46368114221308687,0.0,0.0,0.030344532019000503,24,13,0.5416666666666666,1,866.6530769230768,173.95923076923074,581.9530769230769,0.0,0.0,110.74076923076925
d43e4699-ae45-4257-b617-95de2732e624,1115.0,46.458333333333336,16636.910416666666,29526.333333333332,66.54166666666667,0.009833436156467925,0.0022563606431768375,0.0012650862573672333,0.42490140751327293,0.05925008215973617,0.008487265253093191,0.0506573485763118,0.11102767462670393,24,16,0.6666666666666666,1,24955.365625,15900.923125,2189.1850000000004,268.705625,1811.581875,4251.71498125
d462a503-66f6-4695-a98d-dcbe3c5249eb,326.0,13.583333333333334,512.2879166666667,2069.875,12.166666666666666,0.005984254090619988,0.005955206996533521,0.015266146460467566,0.0,0.4508803669705508,0.031285095107741974,0.0,0.0178345374830184,24,12,0.5,1,1024.5758333333333,0.0,1004.9883331666666,11.885833333333332,0.0,7.701666666666667
d46b4eac-63c2-4301-92e0-accd43ff1cdd,200.0,8.333333333333334,542.7433333333333,5044.5,23.083333333333332,0.0011702875720745417,0.004731776277249096,0.004012566337111104,0.0,0.0,0.0,0.5,0.0,24,12,0.5,1,1085.4866666666665,0.0,0.0,0.0,1085.4866666666665,0.0
d47e99da-65d4-4a69-8bf4-b2ea59c6e874,1166.0,48.583333333333336,2437.2287829166667,23454.5,41.583333333333336,0.007684772835722974,0.00226185445979895,0.14561150082338806,0.0,0.39905100210112154,0.06269506057290704,0.0,0.16307601369815938,24,15,0.625,1,3899.5660526666666,0.0,2184.3219993333337,602.2,0.0,1111.3993333333335
d48647d6-58ee-4609-b318-7738f3b9d963,1013.0,42.208333333333336,2475.3866666666668,13333.958333333334,53.958333333333336,0.011541449583858372,0.04925112508997065,0.6846423356172452,0.32860528630184344,0.11093948891580534,0.11034345852584311,0.0,0.02587322061602848,24,16,0.6666666666666666,1,3713.08,2687.41560625,416.0,133.08,0.0,44.29062375
d4a95318-a297-461e-9734-8334eb9d050a,372.0,15.5,542.0620876583333,14207.0,14.25,0.005959045347377238,0.0011577580045185542,0.14580793933870892,0.0,0.22947003147699685,0.3027524737331049,0.0,0.005092404998439733,24,14,0.5833333333333334,1,929.2492931285716,0.0,333.5464357142858,582.6514285714286,0.0,6.247857142857143
d4e3770e-5e7c-481e-84d1-ae939d9b553b,290.0,12.083333333333334,3977.537083333333,8622.166666666666,14.166666666666666,0.01239385301058584,0.001679559656691871,0.0014370066467775998,0.42290929278597816,0.08902389807037903,0.03378269829664387,0.0,0.11192035946942851,24,16,0.6666666666666666,1,5966.305625,3748.238125,744.05125,257.273125,0.0,1115.375
d50c7b92-7448-42d0-8851-1e7198269a56,980.0,40.833333333333336,1314.9241666666667,15045.0,14.5,0.00851423140169438,0.0009708969003793333,0.02192565372349405,0.0,0.08333333333333333,0.0,0.0,0.37240865544314666,24,11,0.4583333333333333,1,2868.9254545454546,0.0,42.61727272727273,0.0,0.0,2803.83
d53de2e5-210e-46c7-8a14-8cce18eecbf2,139.0,5.791666666666667,440.74125000000004,3022.5833333333335,3.9583333333333335,0.004139705646611517,0.0013975192425618205,0.6968155020268774,0.12993889494867175,0.13863970114822857,0.00518772265144785,0.0,0.10123368147598578,24,9,0.375,1,1175.31,495.80555555555554,293.3444455555556,25.694444444444443,0.0,360.46555555555557
d54a9534-6ef2-446b-a50b-7243ea6ce95d,243.0,10.125,132.37,2636.4583333333335,9.291666666666666,0.002757630080854346,0.004152779201812225,0.009744634779257839,0.0,0.16666666666666666,0.0,0.0,0.0,24,4,0.16666666666666666,1,794.22,0.0,794.22,0.0,0.0,0.0
d573348f-947a-403a-807c-9ba6561009cb,1317.0,54.875,6778.375,10132.791666666666,63.375,0.02099119459672323,0.0063431935116427295,0.004157629987524596,0.43585751075550877,0.033395971209879825,0.0010905586528199209,0.0,0.19630706520921573,24,16,0.6666666666666666,1,10167.5625,6298.1775,453.36374187499996,11.331875,0.0,3404.4437562499998
d5c06534-1e8a-4f89-8397-87ec61e1b780,237.0,9.875,404.70666666666665,5093.25,13.375,0.003826500948795459,0.0026545617222973835,0.016361404468413023,0.0,0.40332133216236105,0.03706021143743563,0.0,0.017951789733536633,24,11,0.4583333333333333,1,882.9963636363635,0.0,856.9254545454546,20.676363636363636,0.0,5.3945454545454545
d5dd4189-163e-4748-972a-df6183685c4b,311.0,12.958333333333334,554.160416625,3599.2916666666665,4.25,0.0032402197639543333,0.0012888624839621791,1.0585657150576355,0.041666666666666664,0.20880903763254435,0.0,0.0,0.001977196159263017,24,15,0.625,1,886.6566666000001,165.67999999999998,90.84200026666666,0.0,0.0,2.4633333333333334
d60209d6-3645-46ff-bf36-bb301dddf219,54.0,2.25,66.1925,977.7916666666666,1.625,0.0016988319503241,0.0007940190557925083,0.000986469917789675,0.0,0.11220777802053748,0.01279222197946253,0.0,0.0,24,3,0.125,1,529.54,0.0,506.11999999999995,23.42,0.0,0.0
d63c703d-0ecc-4537-9962-593baad2db1f,713.0,29.708333333333332,2073.6124999999997,19688.916666666668,25.208333333333332,0.0019287351614039293,0.002104914947139904,0.0031553098730415503,0.0,0.0,0.021895935080120953,0.08333333333333333,0.14477073158654571,24,6,0.25,1,8294.449999999999,0.0,0.0,1182.71,272.7283333333333,6839.011666666666
d64d518a-2ad8-413f-bbd8-49ad83dbfce5,262.0,10.916666666666666,1416.32875,6234.041666666667,5.25,0.005002486516001492,0.000906140688701696,0.021012949661621164,0.0,0.5416666666666666,0.0,0.0,0.0,24,13,0.5416666666666666,1,2614.7607692307693,0.0,2614.7607692307693,0.0,0.0,0.0
d658d435-cd9e-44f8-8e13-e8b44c3c3e16,347.0,14.458333333333334,1947.3054166666668,7818.291666666667,22.083333333333332,0.017751424361056485,0.002895894447996075,0.003432515852263779,0.47332117590811557,0.046695845378783275,0.04299505446156341,0.0,0.10364366291504011,24,16,0.6666666666666666,1,2920.958125,1975.86625,248.12312500000002,225.58125,0.0,471.34561874999997
d65cbc0a-b877-437b-8f6f-6f55f8b45305,3495.0,145.625,21842.1725,48291.75,156.0,0.008085307724597066,0.0033700626433864123,0.0034325017167946086,0.34868851997674827,0.15583081025982323,0.0486736070674647,0.0013916396504640082,0.08897658266151791,24,16,0.6666666666666666,1,32763.25875,16481.373125,8011.748718750001,2423.669374875,45.310625,4823.32375
d65f8d3d-6456-40d8-8cc0-69d775f867e2,412.0,17.166666666666668,1703.2154166666667,3984.375,6.458333333333333,0.026804741845968028,0.0016184713244528665,0.005155778324999683,0.5869334249378573,0.018801370908314102,0.05956358201422757,0.0,0.0013248614532080458,24,16,0.6666666666666666,1,2554.823125,2294.056875,55.11875,201.39687437499998,0.0,4.000625
d6b98275-18c2-453d-af2d-96474616b297,2025.0,84.375,19188.191666666666,41413.541666666664,106.58333333333333,0.003657702525274658,0.0029151948068806377,0.002010683814396529,0.44803345692913704,0.05670834767695868,0.16143786771983717,0.0,0.000286944688807775,24,16,0.6666666666666666,1,28782.2875,18951.416250000002,2420.64625625,7390.2325,0.0,10.005625
d6f894af-ad91-4f7f-9810-2a774c4005a2,1629.0,67.875,4037.785833333334,77850.95833333333,48.125,0.011580492794880812,0.0006948436338994542,0.021643980116289402,0.5180009978575915,0.05488879020314353,0.04922139938875986,0.02010882458799748,0.015063348131423062,24,16,0.6666666666666666,1,6056.678750000001,5716.091875,142.108125,53.321250000000006,22.384999999999998,57.645
d70b015b-3014-4bbe-8aaf-ba20c03e4460,204.0,8.5,5.402916666666666,4005.0,3.0833333333333335,0.0006067828183212792,0.00031617369434536663,0.0,0.0,0.0,0.041666666666666664,0.0,0.0,24,1,0.041666666666666664,1,129.67,0.0,0.0,129.67,0.0,0.0
d73aed69-d34d-4c37-a4e2-c4657c53d3c9,780.0,32.5,1321.9008375,14665.958333333334,22.375,0.006088898793780659,0.0017562559141786375,0.09293419485504324,0.0,0.5599043167203687,0.010327563656861317,0.0,0.0,24,15,0.625,1,2115.04134,0.0,2047.0100066666666,15.838000000000001,0.0,0.0
d74cb5ac-1abf-457d-9c17-4feb75aad7ed,2686.0,111.91666666666667,3326.845,37775.958333333336,89.75,0.005873859340447242,0.002464809711410446,0.7377192861085277,0.041666666666666664,0.3601571189656263,0.10628074087873733,0.0,0.03305781455711968,24,14,0.5833333333333334,1,5703.162857142857,71.38571428571429,4176.132864285714,1396.5292857142856,0.0,51.49142857142857
d77928b0-4647-4900-8a3d-d418bd3d54fd,369.0,15.375,2638.5412499999998,7418.458333333333,6.375,0.033333333333333326,0.0008484352216271791,0.002646638256009438,0.5692518138993362,0.003060806804420667,0.0,0.0,0.031486231736510724,24,16,0.6666666666666666,1,3957.811875,3307.745625,14.95,0.0,0.0,233.320625
d781e040-d695-4d11-9312-e30a944eb392,240.0,10.0,995.9425,6162.625,5.833333333333333,0.013545759164795779,0.0015862072248557086,0.006463794702014816,0.3404980883832942,0.22797718273292364,0.09819139555044874,0.0,0.0,24,16,0.6666666666666666,1,1493.91375,605.125,439.91374999999994,448.875,0.0,0.0
d7c008fa-16e3-41a8-86ef-69fc801a1be8,304.0,12.666666666666666,923.2712541666666,4432.708333333333,19.416666666666668,0.013817444157276796,0.0044851935725811675,0.007636781033482663,0.10989730796197826,0.021259410343464045,0.003844248226071875,0.0,0.4899990298695395,24,15,0.625,1,1477.2340066666666,176.554,29.494666066666664,6.952,0.0,1264.2333333333333
d7cf2c5a-08cf-4c7d-bbbf-b4e57ad628d5,315.0,13.125,3184.9991791666666,10216.083333333334,38.666666666666664,0.012661439688521313,0.004507532808544841,0.0010803435253775833,0.30061904827711167,0.0389574544767198,0.0035146920920956248,0.0,0.1569771877981464,24,13,0.5416666666666666,1,5879.998484615384,3257.2446153846154,548.2538461538462,52.18,0.0,1466.196154
d7d7013e-6029-4098-a343-1858966e041d,2368.0,98.66666666666667,9388.630416666667,42449.583333333336,108.04166666666667,0.008532039887759095,0.002577286689875904,0.005362659460214216,0.25249748439000946,0.016979551508886817,0.05396646997170232,0.0020247540639110207,0.33456942666113193,24,16,0.6666666666666666,1,14082.945625,4908.95625,327.549375,1012.6262481250001,21.283125,7609.243125000001
d7d9caaa-e71f-4596-8d93-7d77ec6d793b,124.0,5.166666666666667,241.73000000000002,1916.6666666666667,5.75,0.002481206140799729,0.0029544092936817958,0.003257184348373063,0.0,0.23882529763316418,0.03146205868867492,0.0,0.021379310344827585,24,7,0.2916666666666667,1,828.7885714285715,0.0,785.197142857143,31.368571428571432,0.0,12.222857142857142
d7fb0298-e9c8-4b98-8ef3-057a45b2f0c9,529.0,22.041666666666668,571.83875,8399.416666666666,19.625,0.003664672797326917,0.002497847847596483,3.4868825371615233,0.0,0.4108022814750935,0.04753105185823986,0.0,0.0,24,13,0.5416666666666666,1,1055.7023076923078,0.0,898.8930769230769,156.59153846153848,0.0,0.0
d8124c99-7a29-4fe2-95f4-626fec16219b,136.0,5.666666666666667,1284.6366666666668,4690.416666666667,7.166666666666667,0.007961671213447326,0.001988749411114118,0.37234651081877185,0.3254934737063783,0.10073263941936224,0.23650440063922792,0.0,0.0022114210629252166,24,16,0.6666666666666666,1,1926.9550000000002,867.75,182.666875,868.586875,0.0,5.823125
d82a0391-33b7-4c5a-8e8c-d297d3f1fe39,385.0,16.041666666666668,6175.6033333333335,20404.25,21.333333333333332,0.024531490360298457,0.001074208392266675,0.0011223756177377335,0.6004381370697898,0.06616905981437073,0.0,0.0,0.0,24,16,0.6666666666666666,1,9263.405,8292.573124999999,969.9431243750001,0.0,0.0,0.0
d82f545e-b649-4c2a-9903-0a536ba9c195,186.0,7.75,964.3329166666667,3793.625,6.333333333333333,0.008031447142819033,0.0018369489054323208,0.010386010557909582,0.16342349805130726,0.1826566394010335,0.0,0.0,0.07058652921432586,24,10,0.4166666666666667,1,2314.399,1043.749,760.1500000000001,0.0,0.0,510.5
d83929b4-e123-4777-aaee-913a5ccae4ce,1369.0,57.041666666666664,12160.895416666666,22444.125,60.291666666666664,0.008525039251651613,0.002638566171001725,0.0021873990937146958,0.3871487195311572,0.08093155596971754,0.02754663027657892,0.0,0.166573474879987,24,16,0.6666666666666666,1,18241.343125,10522.74625,2296.14124375,716.7381250000001,0.0,4606.319375
d861ebf4-b21d-4665-a125-3a9e5c96fbcc,390.0,16.25,1213.5883320833334,1670.3333333333333,4.0,0.011019317067824592,0.0032015617438995044,0.009017384954270942,0.2672426700766133,0.09996990264430484,0.011370405961212698,0.0,0.2457607002114289,24,16,0.6666666666666666,1,1820.382498125,469.7525,336.23312500000003,19.944375,0.0,879.9012499999999
d86b35ef-fd8f-483d-bd89-923085c1ba49,919.0,38.291666666666664,5699.948333333334,19192.916666666668,57.125,0.02657557660586464,0.002961054933843721,0.003891309123279675,0.40343811513879757,0.015024363734059167,0.012916153875327652,0.018996775948200855,0.07738759768963463,24,15,0.625,1,9119.917333333335,5591.12,258.3726666666667,253.85399999999998,260.954,1160.9100066666667
d8713d7d-f031-4b05-b85b-7139942ac90a,68.0,2.8333333333333335,14.290416666666667,2244.3333333333335,1.2083333333333333,0.0005082850462539375,0.00045064016451082503,0.000607438940237725,0.0,0.041666666666666664,0.0,0.0,0.0,24,1,0.041666666666666664,1,342.97,0.0,342.97,0.0,0.0,0.0
d8c88d74-077c-4269-b12f-e09c2975b778,655.0,27.291666666666668,5552.340375,24841.625,82.875,0.010046711717328833,0.0035948588090256336,0.011980347188806506,0.15438980188256776,0.08258364019414491,0.2632478872407843,0.012609147493859996,0.10610540531511331,24,15,0.625,1,8883.7446,4040.3920000000003,210.72133333333332,1775.6519999999996,330.5726666666667,2487.3333333333335
d908a5f0-ca96-48fd-a919-c0d54a869f38,1371.0,57.125,5165.672083333334,19173.125,61.458333333333336,0.010482267104458704,0.0033408683568568794,0.005570748067918567,0.3043647518491705,0.13020996489713518,0.14337026031248098,0.0,0.0,24,16,0.6666666666666666,1,7748.508125,3602.6175000000003,1760.9218725,1421.109375,0.0,0.0
d9149946-fd88-4811-aa7e-7cca6027a606,114.0,4.75,127.21166666666666,2680.125,2.0,0.002007104454839779,0.0007611187925704374,0.009716478068401776,0.0,0.16666666666666666,0.041666666666666664,0.0,0.0,24,5,0.20833333333333334,1,610.616,0.0,575.96,34.656,0.0,0.0
d94a5550-9f24-4cc2-9df3-aa08b9cead36,190.0,7.916666666666667,426.86166791666665,2959.75,3.0416666666666665,0.009440636782350688,0.0010412449092847083,0.006073792095456546,0.19391317942778316,0.28469303446056426,0.010424630214392555,0.0,0.010969155708294735,24,12,0.5,1,853.7233358333334,210.58666666666667,602.8958358333333,12.545,0.0,27.695832499999998
d9574026-5534-4a51-afe9-bb96e2fd24a1,289.0,12.041666666666666,355.56708333333336,733.6666666666666,3.0833333333333335,0.004872044604469795,0.0046093692183709995,0.016285773131217977,0.0,0.4166666666666667,0.0,0.0,0.0,24,10,0.4166666666666667,1,853.3610000000001,0.0,853.3610000000001,0.0,0.0,0.0
d96a6c6e-7001-4cb8-9249-e9e53d51529a,206.0,8.583333333333334,1005.8899975,4868.708333333333,15.791666666666666,0.01030456640423046,0.0035474080033024292,0.031561708870595236,0.07269926410359279,0.20116099516230826,0.0,0.0,0.08088982806760717,24,15,0.625,1,1609.4239960000002,332.298,475.6,0.0,0.0,448.592
d9746ba2-4d96-4bcf-a378-0a5cbe19e5f3,92.0,3.8333333333333335,99.88250000000001,449.2083333333333,1.3333333333333333,0.0021848661013659874,0.00480258368821505,0.02251528415985009,0.0,0.25,0.0,0.0,0.0,24,6,0.25,1,399.53,0.0,399.53,0.0,0.0,0.0
d99ab023-49cc-4163-b080-94f7c6f8b567,375.0,15.625,243.07458333333338,9497.625,29.166666666666668,0.00795119820844147,0.0030308606669273374,0.14907475323397082,0.0,0.2530603296481068,0.17293960438922484,0.0,0.027463820258065565,24,11,0.4583333333333333,1,530.3445454545454,0.0,422.0981818181818,81.88363636363637,0.0,25.865454545454543
d9bb1b9e-4efb-4e84-bdd1-908907b4c799,739.0,30.791666666666668,375.6758333333334,8092.833333333333,19.5,0.003001087026942383,0.002415620716716917,0.6351796767387827,0.0,0.0346444993043963,0.4555070244133062,0.0,0.007707344310962171,24,13,0.5416666666666666,1,693.5553846153847,0.0,33.69230769230769,649.4738461538461,0.0,7.327692307692308
d9ff0e95-c277-4444-8b4f-46f0bff358b6,359.0,14.958333333333334,1042.1675,8431.0,21.708333333333332,0.0059650231265729785,0.0030418537551215497,0.03804852877641682,0.0,0.624526069176652,0.0,0.0,0.0,24,15,0.625,1,1667.4679999999998,0.0,1666.1946666666665,0.0,0.0,0.0
da1dbd37-0025-41d0-b684-f607041ea006,848.0,35.333333333333336,3293.8566666666666,19021.333333333332,42.041666666666664,0.008780534718622689,0.0025852502739202835,0.004816479907956796,0.2393701063803447,0.2524404414154233,0.05401102904749458,0.0,0.036381607777604526,24,14,0.5833333333333334,1,5646.611428571428,2625.7421428571433,1768.7342807142857,851.6657142857142,0.0,386.8307142857143
da3d5747-3022-4d6d-b603-d81c2cbdc7e6,10.0,0.4166666666666667,0.0,480.0416666666667,1.5833333333333333,0.0,0.00037165082800873754,0.0,0.0,0.0,0.0,0.0,0.0,24,0,0.0,0,0.0,0.0,0.0,0.0,0.0,0.0
da405ec7-76cb-484c-b0e1-cb4ba0d25ccb,1440.0,60.0,2746.8899999999994,46417.208333333336,80.125,0.010592191425402622,0.0019298261575152376,0.02374427882145226,0.4007919558967202,0.06634710793498842,0.042034115729717714,0.020121081115654825,0.041610547996448796,24,16,0.6666666666666666,1,4120.334999999999,3696.8706250000005,106.74249868749999,73.91312562499999,21.948125,84.485
da76ce50-c2b2-4fdd-8f75-c2ff6c3765d9,647.0,26.958333333333332,7637.968333333333,20876.541666666668,45.916666666666664,0.0076770069361837626,0.0025217790154096874,0.0016239819506826166,0.42716269493053427,0.03452430514364548,0.02113235022293687,0.06030556768013718,0.11812684227913661,24,16,0.6666666666666666,1,11456.9525,7334.076875,624.646875,401.1175,1022.198125,1962.178125
dab088ff-46b8-4f39-8546-ef1ce33cc3d4,64.0,2.6666666666666665,102.71750000000002,2076.75,2.3333333333333335,0.0023472589992211373,0.0011384131385227083,0.006258888960012021,0.0,0.2916666666666667,0.041666666666666664,0.0,0.0,24,8,0.3333333333333333,1,308.15250000000003,0.0,287.58875,20.56375,0.0,0.0
daea2b6f-de38-47e7-8456-37f31c51169f,717.0,29.875,6318.2575,18943.541666666668,23.75,0.010744122322679189,0.001262018355355371,0.0021179726973967125,0.2782350580815233,0.14005646021075024,0.06656765252668038,0.0,0.1814997154906024,24,16,0.6666666666666666,1,9477.38625,3829.61,1880.5493687500002,929.77875,0.0,2833.15624375
dafa13e2-cc12-4197-8221-3f9d75c5f7a3,71.0,2.9583333333333335,323.50124999999997,4691.958333333333,12.875,0.0034164414044702504,0.003268189445777258,0.0007589817891845251,0.037389347338782075,0.0,0.05943704587219641,0.0,0.1531736049995314,24,6,0.25,1,1294.0049999999999,82.97500000000001,0.0,375.0333333333333,0.0,835.9966500000002
db36137c-06fa-47fb-ac77-c497696a3063,290.0,12.083333333333334,4968.300833333334,7919.75,28.75,0.01910967691287872,0.0036876236539254916,0.0012498977598302543,0.395547612363871,0.03514076573346994,0.0007545556844545959,0.004101282839726141,0.19366924110595085,24,16,0.6666666666666666,1,7452.45125,4791.625,349.035625,9.758125,64.813125,1905.26125
db43c696-2feb-4dfd-b1a7-1587121b4a24,303.0,12.625,471.55125,2082.9166666666665,4.75,0.0033750161894840792,0.005633544744548476,2.598274216273729,0.0,0.2916663547764121,0.08326909429067862,0.0,0.0,24,12,0.5,1,943.1025000000001,0.0,637.1833333333333,305.5,0.0,0.0
db4484a5-82c6-41cd-aa02-92c72d082ed2,1137.0,47.375,11903.424604166668,33594.0,127.95833333333333,0.009563024946795116,0.003857471293859133,0.0018562020024949124,0.3155311578443425,0.060068378754212975,0.047726906807995295,0.0,0.23270027543888494,24,16,0.6666666666666666,1,17855.13690625,8488.421875,1467.185,1311.7125,0.0,6250.62376875
db51e743-87b3-420d-8cdf-04804cf585f4,1059.0,44.125,3286.3862499999996,11845.708333333334,17.333333333333332,0.02916187577339216,0.0014584511138343748,0.007228314325388425,0.6037458185843191,0.01087249641294317,0.043715572545763914,0.0,0.007900580701521324,24,16,0.6666666666666666,1,4929.579374999999,4565.6825,52.15625,256.81500062500004,0.0,50.795
db5457b3-d738-4c45-891f-b8bd011dd74a,2596.0,108.16666666666667,21856.345416666667,32040.208333333332,70.58333333333333,0.00751798467641325,0.0022401067810228124,0.03753736637820337,0.2928025549988062,0.15853184291780062,0.04791888694876165,0.0406140669919383,0.1266713729445659,24,16,0.6666666666666666,1,32784.518125,17616.243125,4315.724375,1974.66375625,2447.159375,6421.32814375
db6543de-0017-4b53-ac58-a7c72551b550,7.0,0.2916666666666667,0.0,198.125,2.0,0.0,0.009158504718511805,0.0,0.0,0.0,0.0,0.0,0.0,24,0,0.0,0,0.0,0.0,0.0,0.0,0.0,0.0
db84bc7c-f437-40e4-a2f1-644a50707d2c,233.0,9.708333333333334,3824.3741541666664,6316.958333333333,14.625,0.019146260762393206,0.002480487635484675,0.0012337163607381166,0.3390991931926897,0.11768696514238548,0.010316410613847188,0.0,0.01078435008429047,24,16,0.6666666666666666,1,5736.56123125,3211.218125,930.210633125,106.331875,0.0,58.885625
db88dff1-67d7-4ffc-8fe5-daf27eb1aa47,1273.0,53.041666666666664,19162.906666666666,48156.333333333336,73.04166666666667,0.009539981836185088,0.0014633719518616997,0.0011631950258023083,0.3514333953057575,0.0016237977670710885,0.0455186323602998,0.0007564424972532763,0.2671058871027705,24,16,0.6666666666666666,1,28744.36,13888.785625,48.11625,1821.7243749999998,23.108124999999998,12952.92125
dbc9892c-eb25-41d1-a0f0-f6e73df33856,582.0,24.25,971.7116666666666,9641.541666666666,13.083333333333334,0.005428492100424866,0.0013417241171720625,0.028266923234244613,0.0,0.526773970720427,0.010139772369187054,0.0,0.003938186647349992,24,13,0.5416666666666666,1,1793.9292307692306,0.0,1772.7546153846156,11.683076923076923,0.0,5.018461538461538
dbe82efe-b695-4536-bbba-09d34bed2b7a,1206.0,50.25,2983.0008416666665,26386.583333333332,61.375,0.030268418673578334,0.0023516733851939122,0.025165489728345116,0.4266783224564423,0.004511432118915175,0.006586324700532412,0.0,0.09379421508649992,24,16,0.6666666666666666,1,4474.5012625,2581.09125,49.358125,50.910000000000004,0.0,811.808125
dbf4da45-f12c-4731-9f5b-a05fe9ddd2d7,705.0,29.375,3297.7695833333332,31257.583333333332,71.08333333333333,0.009494645011435576,0.0023534308911589,0.006688445370887526,0.3693893815651788,0.024341364026173113,0.10682528181147492,0.012852382593501849,0.0032800761824145585,24,16,0.6666666666666666,1,4946.654375,3552.17876875,140.01,657.968125,45.310625,4.65
dc0359e5-258e-42b4-9c09-4a2f06c3be3f,38.0,1.5833333333333333,57.94833333333333,925.6666666666666,1.7916666666666667,0.00435280237497292,0.0020165444229925454,0.002455008789683929,0.0,0.20833333333333334,0.041666666666666664,0.0,0.0,24,6,0.25,1,231.79333333333332,0.0,220.50166666666667,11.291666666666666,0.0,0.0
dc22916e-c145-46f4-9b61-3a43d9e2a85c,840.0,35.0,30067.320416666666,30093.0,88.75,0.012500606316987392,0.0030275451169846286,0.0005492923616850333,0.2037793053231847,0.12082456044597929,0.00023698267902410417,0.0007471421300809084,0.3357243929387,24,16,0.6666666666666666,1,45100.980625,13570.125,8108.77125,14.371875,45.310625,23039.615625
dc2532ef-aa05-48a2-8c9e-659bda8e95ac,380.0,15.833333333333334,1263.3766666666668,7057.875,16.875,0.0021342508290845955,0.002419988745063712,0.12411257627791306,0.0,0.2916666666666667,0.0,0.0,0.0,24,11,0.4583333333333333,1,2756.458181818182,0.0,2742.3927272727274,0.0,0.0,0.0
dc3096d3-96a3-47ed-b606-a4ff527b4583,626.0,26.083333333333332,3821.5333291666666,6250.333333333333,17.958333333333332,0.0072470388546205,0.0028987809850227835,0.004246706126956329,0.29589821886833806,0.15330494464341893,0.11707700987443698,0.0,0.10027449863189865,24,16,0.6666666666666666,1,5732.29999375,1858.369375,2394.06625,704.5450000000001,0.0,774.7250000000001
dc5b5331-4ad8-4dd0-9bd9-45b972fd67dd,1433.0,59.708333333333336,6285.241249999999,32802.833333333336,54.916666666666664,0.01930441916966064,0.0017188113340788668,0.0041293388756975455,0.49121899123275026,0.10509453378328475,0.0010066808402818207,0.0031935124875469875,0.020130564006691814,24,16,0.6666666666666666,1,9427.861874999999,6586.334375,1691.3637425,14.283125,45.310625,318.78125
dc5bdfe0-f346-4f7b-ba2a-567758bcc186,110.0,4.583333333333333,174.73833333333334,912.0,4.166666666666667,0.002029203455472762,0.004890632965024846,0.16507245650989363,0.0,0.25,0.0,0.0,0.0,24,6,0.25,1,698.9533333333333,0.0,698.9533333333333,0.0,0.0,0.0
dc5bf4cb-f75e-4de6-aa3c-677e28368245,13.0,0.5416666666666666,0.0,462.375,0.4583333333333333,0.0,0.00011705772190977084,0.0,0.0,0.0,0.0,0.0,0.0,24,0,0.0,0,0.0,0.0,0.0,0.0,0.0,0.0
dc7071d5-d760-4f7e-b3d8-9232b8432cf5,1605.0,66.875,6179.41,38869.291666666664,126.45833333333333,0.008036454484607951,0.0033676608736387917,0.007944820007518979,0.5630990616811488,0.03456508103896664,0.0008573257578039208,0.0026758027149780873,0.0023569613547615377,24,16,0.6666666666666666,1,9269.115,8494.86,143.46375,14.5175,45.310625,33.185
dc9b7d63-168f-4625-bbff-4e0516084189,53.0,2.2083333333333335,45.34041633333334,875.875,1.125,0.002408240098024242,0.0013861021280195042,0.008150709020894684,0.041666666666666664,0.16666666666666666,0.041666666666666664,0.0,0.0,24,6,0.25,1,181.36166533333335,81.7,88.176666,11.484999333333334,0.0,0.0
dc9bf0c7-b6ec-4582-a06f-b9ee00fe414f,86.0,3.5833333333333335,2163.7004166666666,2713.4583333333335,4.166666666666667,0.004166666666666667,0.0001348396525419375,0.0001321813016991083,0.08040785394772831,0.0004492765902435584,0.0,0.0,0.0024762027953614415,24,2,0.08333333333333333,1,25964.405,25007.98,152.08,0.0,0.0,804.3449999999999
dc9fe652-2759-4949-911e-d2c60c7fe469,565.0,23.541666666666668,1113.6429166666667,13114.5,30.25,0.006275659084723609,0.0023574593904543417,0.10778313542758973,0.3662690962483326,0.1742546393499235,0.0,0.0,0.0,24,14,0.5833333333333334,1,1909.1021428571426,1758.7628571428572,143.05357142857142,0.0,0.0,0.0
dd0ab2b1-1a34-4068-ba1d-9b0a4227c8a8,682.0,28.416666666666668,3242.7204125000003,22580.916666666668,56.083333333333336,0.00938549114260245,0.0031315304057225753,0.42596109613471994,0.117784716595988,0.04402783940019922,0.008808157215553196,0.0268001948249915,0.2650809161358018,24,14,0.5833333333333334,1,5558.949278571429,2378.827142857143,838.4528642857142,178.39214142857142,541.975,1383.6757072857145
dd7c3f7f-8505-4cc4-8144-5c38adebc754,472.0,19.666666666666668,5469.2375,15882.541666666666,45.125,0.012442847904401852,0.002881028438609308,0.002964342544614067,0.36501680148248633,0.12436987163390996,0.030820428537689296,0.04665008116039479,0.09954204991642213,24,16,0.6666666666666666,1,8203.85625,4705.878124999999,1125.3175,380.43499999999995,1195.51499375,791.54
dda54d4d-8033-4c4a-83f3-4a6ca8824b75,1298.0,54.083333333333336,18656.735833333336,48104.833333333336,130.83333333333334,0.009869827781343108,0.002754166958510629,0.001255620698307954,0.3861620701427653,0.052486401930516624,0.003774132686009788,0.001061760025157575,0.2103046865082212,24,16,0.6666666666666666,1,27985.103750000002,16218.325,2225.5949625000003,160.905,45.310625,8794.895625
ddc2bebb-aec8-4a8e-b039-a701dcb9385e,2058.0,85.75,3463.0020841666665,28492.208333333332,99.83333333333333,0.018999645809061626,0.0036951497719298954,0.027550079376479658,0.038024537776417434,0.05724972197379143,0.018060323251939483,0.0,0.42280923139873766,24,15,0.625,1,5540.803334666666,200.75799999999998,65.80866666666667,15.768666666666666,0.0,4815.448646666667
ddcd2978-e9fa-4356-bb2a-10ccf18a35de,733.0,30.541666666666668,1036.6520833333334,14060.541666666666,19.708333333333332,0.006301926615975675,0.0014316043231217626,0.7541563131244337,0.0,0.12625742665804351,0.0,0.0,0.29211628491909314,24,13,0.5416666666666666,1,1913.8192307692307,0.0,49.57692307692308,0.0,0.0,1541.5769461538462
ddd1751c-b6cd-4959-ae86-e05a1e445f33,672.0,28.0,251.68125087500002,19788.666666666668,50.5,0.0027149592105000374,0.0027321554481914124,0.0654141680981224,0.0,0.125,0.24964238536261396,0.0,0.0,24,12,0.5,1,503.3625017500001,0.0,133.77916833333333,351.35583333333335,0.0,0.0
ddd601e3-e959-409f-b0a7-503bf1079b15,189.0,7.875,115.16749999999998,3845.625,6.708333333333333,0.0027549433165637255,0.0019395718915265665,0.12188997367684697,0.0,0.25,0.0,0.0,0.0,24,6,0.25,1,460.67,0.0,460.67,0.0,0.0,0.0
de17165b-2c3d-4030-abca-f73aaf4bf40d,576.0,24.0,5492.502083333333,6043.5,15.958333333333334,0.007882319627850368,0.0056764396554950585,1.3161592025081965,0.09820845024666051,0.06914387275240048,0.005832277369311751,0.0,0.26123780598985974,24,14,0.5833333333333334,1,9415.717857142858,2279.8757142857144,1582.002142857143,178.4942857142857,0.0,1818.7299999999998
de55bc38-403a-492b-ac47-f85f0e4fd5e2,926.0,38.583333333333336,6207.957083333334,22177.958333333332,17.833333333333332,0.020329735058512752,0.0008866339684704375,0.003482643317332808,0.039709903071637,0.0021907004489309582,0.00892212418005385,0.006834237992049204,0.22994213324149385,24,16,0.6666666666666666,1,9311.935625,460.14312500000005,21.15625,183.498123125,136.151875,3267.0875
de89ea23-6a1e-4869-87ec-65e62ac6175e,941.0,39.208333333333336,9852.143750000001,21854.791666666668,57.916666666666664,0.012286589951175902,0.0026146261855315538,0.0018250697079056832,0.4675892674898135,0.13294472605606925,0.06597544067426848,0.0,0.0,24,16,0.6666666666666666,1,14778.215625,10257.524375,3076.243125,1441.034375,0.0,0.0
df2536e8-ceec-4657-835d-419756541c2b,172.0,7.166666666666667,168.74125,11331.0,22.458333333333332,0.0030801069828571416,0.0019476470338768903,0.2714164111638324,0.0,0.08333333333333333,0.3333333333333333,0.020833333333333332,0.0,24,11,0.4583333333333333,1,368.1627272727273,0.0,19.421818181818182,209.09909090909088,69.82090909090908,0.0
df2fc9f6-0a30-4195-9219-5be336b963b2,929.0,38.708333333333336,10726.130000000001,29570.416666666668,65.41666666666667,0.01270663942311537,0.0022658141550462416,0.0016360136681130334,0.34537173357962353,0.16677193977712493,0.010238081060837687,0.0,0.14353945417689698,24,16,0.6666666666666666,1,16089.195000000002,8290.865000000002,4116.775625,240.820624375,0.0,3420.40625
df3a85ef-ec6b-44a9-aeb6-1735d6b3c7e9,930.0,38.75,7669.4075,19619.916666666668,42.708333333333336,0.00731100689637267,0.002203848956218392,0.0086664363122579,0.08132235704148359,0.2735618097626477,0.01622786196854044,0.0035606423261841462,0.16329502484050926,24,15,0.625,1,12271.052,2362.3906866666666,4635.276666666668,337.49399800000003,110.75933333333334,2376.3413266666666
df84f897-cf4e-41b6-8bb3-b588fb6c1dbe,157.0,6.541666666666667,98.73625,3494.7916666666665,14.708333333333334,0.0018307728025041502,0.004439900114828433,0.0007271091375957708,0.07388691563770557,0.0,0.02498195107234932,0.0,0.026131133289945107,24,3,0.125,1,789.89,465.03999999999996,0.0,158.10666666666668,0.0,166.7433333333333
df9742f6-d6aa-4313-a729-3d0eba5f0956,129.0,5.375,148.145,2371.1666666666665,5.5,0.0016871816721256959,0.004593482829936846,0.004836188437434975,0.0,0.16666666666666666,0.0,0.0,0.0,24,4,0.16666666666666666,1,888.87,0.0,888.87,0.0,0.0,0.0
df990988-5e55-49c8-a12e-26a03bc7de44,1519.0,63.291666666666664,6500.952083333333,15424.833333333334,55.083333333333336,0.023130729163437225,0.003594967854816271,0.0045893940289312915,0.5258181960111005,0.04401122410317907,0.001103976305249775,0.0,0.024720652145671013,24,16,0.6666666666666666,1,9751.428124999999,7782.66875,662.1475,11.508125,0.0,241.355625
dfbe2b0b-37f9-4fe9-a506-98c669e4fc57,138.0,5.75,366.6816666666667,2243.25,3.875,0.0027453005643204957,0.0007022346792975625,0.0035876421786659994,0.0,0.0,0.041666666666666664,0.0,0.08333333333333333,24,3,0.125,1,2933.4533333333343,0.0,0.0,1372.2133333333334,0.0,1561.24
dfc0ed22-959d-422b-8974-88506b766dff,1167.0,48.625,3388.5499999999997,25280.208333333332,48.75,0.017035148715803274,0.0019941860558509,0.010176990985367217,0.33655042753255754,0.149503093058868,0.1622673665267726,0.0,0.01793429140144112,24,16,0.6666666666666666,1,5082.825,2627.3975,1001.286875,1312.6756249999999,0.0,138.61375
dfe22c4d-a7ce-4b2d-b23a-ea364d575a20,1005.0,41.875,5243.22375,19130.083333333332,78.625,0.010055181568297846,0.005257131672874133,0.00946996183392597,0.2929198011607843,0.30350379754648515,0.03558670798332662,0.0,0.034272765862944275,24,16,0.6666666666666666,1,7864.835625,4814.383125,1705.978125,1068.8125,0.0,266.399375
e02665c9-5045-42ce-bdd1-827b743fb124,1094.0,45.583333333333336,7258.808333333334,19966.083333333332,32.416666666666664,0.008058525013175924,0.001629888677188729,0.003178853052235317,0.27908524489036907,0.011055258073983533,0.30688741242971096,0.0,0.04719919556690455,24,16,0.6666666666666666,1,10888.212500000001,4408.85688125,214.3975025,5071.05125,0.0,816.34375
e071602d-d4a9-419b-90a6-3cea31949d07,500.0,20.833333333333332,1057.0016666666668,7113.583333333333,13.791666666666666,0.006474754676422722,0.002176223836845071,0.02244875451691306,0.0,0.1426758507724878,0.472187701258014,0.0,0.00934613223604845,24,15,0.625,1,1691.2026666666663,0.0,181.68866666666665,1500.6106666666667,0.0,6.032666666666667
e07f1bb2-4a1d-42e1-9745-0318d194595b,126.0,5.25,273.59541666666667,8766.75,9.0,0.004131394964237271,0.0011771067167532542,0.005292910906977171,0.0,0.32725330265215513,0.027628392615655566,0.0,0.02011830473218929,24,9,0.375,1,729.5877777777778,0.0,713.5255555555555,7.808888888888889,0.0,8.253333333333334
e0859a4b-ec57-46a6-a833-885a4ad21919,493.0,20.541666666666668,3863.03125,21994.625,62.958333333333336,0.010578754907339583,0.0029581471386441334,0.009842052475556312,0.13949706290974656,0.15075404356012492,0.024173495835768416,0.0,0.35105586431608216,24,16,0.6666666666666666,1,5794.546875,1344.1275,601.875,86.35,0.0,3748.0400003124996
e0a34d6c-3a67-4640-bc50-92d2ffea4469,750.0,31.25,6004.692916666667,13441.208333333334,19.791666666666668,0.022525392833544728,0.0015434228624131082,0.0026935559398086582,0.49038999954706625,0.005042651045977392,0.0038186988284063827,0.0,0.16717369594216694,24,16,0.6666666666666666,1,9007.039375,6269.71375,35.336875,31.885,0.0,2667.00185625
e0b45d58-5503-4412-9511-8a18dfb1b32d,523.0,21.791666666666668,6274.8370625,15305.791666666666,23.666666666666668,0.012966843576707661,0.0015896947540987585,0.0016054440951896124,0.2966034479989133,0.09544035667811306,0.11168553382870554,0.0,0.15544210616044057,24,16,0.6666666666666666,1,9412.25559375,4198.8025,1335.496875,1532.5837499999998,0.0,2246.6024996875003
e0e2eb42-5175-49b0-8abf-3b055877c50f,7.0,0.2916666666666667,0.0,139.0,0.08333333333333333,0.0,2.4980015987208334e-05,0.0,0.0,0.0,0.0,0.0,0.0,24,0,0.0,0,0.0,0.0,0.0,0.0,0.0,0.0
e11857f1-1ddc-4ef7-b18d-c41b8610859a,1232.0,51.333333333333336,14560.943749999999,21300.625,66.33333333333333,0.012789058449084399,0.003475115182272713,0.0016368144129763542,0.28282539065990037,0.1298503996343379,0.009039385979491547,0.0,0.2424410220480168,24,16,0.6666666666666666,1,21841.415624999998,8729.2875,4233.82000625,309.126875625,0.0,8482.58625
e12129de-62a6-40d8-be71-e7d9bf633b76,1568.0,65.33333333333333,33376.92791666667,43821.708333333336,164.95833333333334,0.01956908719150192,0.0038185458550015795,0.0008689584681781668,0.2793133849042691,0.09145907430360338,0.0,0.0,0.2958008063261528,24,16,0.6666666666666666,1,50065.391875,20941.561875,6829.55751875,0.0,0.0,22287.04803125
e1a65ea7-2da1-4a58-ba35-c82d376ff93c,422.0,17.583333333333332,687.6104166666668,10296.791666666666,37.333333333333336,0.00269247940087545,0.003961472504482942,0.12417653401741592,0.0,0.45776082714941585,0.0,0.0,0.0,24,12,0.5,1,1375.2208333333335,0.0,1372.8641583333335,0.0,0.0,0.0
e1b2a833-f64a-43a4-8adf-23a0a47d221e,2600.0,108.33333333333333,18066.067083333335,39111.833333333336,37.333333333333336,0.02081988282164204,0.0009676438518655418,0.0032988953573661376,0.40560328754257985,0.09193751254431033,0.004611949609568899,0.0,0.051499926937884855,24,16,0.6666666666666666,1,27099.100625000003,13317.275000000001,4536.615,145.80374949999998,0.0,1527.63250625
e1d8e20a-72f9-4484-bad4-ae58865facf5,822.0,34.25,8269.126583333333,20148.416666666668,76.0,0.005029823206277521,0.003768057824874133,0.007108198030440234,0.24974938666406754,0.1292831347301779,0.02407689617673527,0.0,0.2604145937649763,24,16,0.6666666666666666,1,12403.689875,3319.76871875,4894.939375,345.850625,0.0,3805.6237687499997
e1eb9828-8c84-4dbe-86f0-d758fb4d68f5,1216.0,50.666666666666664,17739.782916666667,26537.791666666668,107.20833333333333,0.012537334643760006,0.004380754847119167,0.0012942096958691166,0.2092002441182582,0.05454840675185624,0.04331858356844245,0.0,0.2724512312775405,24,16,0.6666666666666666,1,26609.674375,8259.2075,2173.71375,1776.995625,0.0,10851.1475
e2080f38-092b-46dc-8f8a-8efd06b8282c,272.0,11.333333333333334,3157.543345833333,7748.083333333333,20.791666666666668,0.020934441977874373,0.0027577735588918168,0.001718476583646675,0.5613515384689344,0.10202184400662195,0.0013143092486723876,0.0,0.0019789731910976206,24,16,0.6666666666666666,1,4736.31501875,4028.3343749999995,680.75438125,10.99375,0.0,16.2325
e231c60a-889d-4e08-bfba-90f29f0caa20,84.0,3.5,71.14875,1032.5833333333333,4.125,0.0023138218166932375,0.004250904103223179,0.008558478410941216,0.0,0.20833333333333334,0.0,0.0,0.0,24,5,0.20833333333333334,1,341.514,0.0,341.514,0.0,0.0,0.0
e23dcbc0-0fb0-40f0-a084-98eb7729f0b9,2645.0,110.20833333333333,14996.254166666666,39461.916666666664,128.08333333333334,0.01060193697579418,0.003759157877096825,0.0742396913139838,0.1846408378079268,0.295518463712504,0.09349309989857361,0.011643328848121214,0.07474926607653944,24,16,0.6666666666666666,1,22494.38125,8627.279968750001,7683.80125,3440.823125,145.22687499999998,2325.320626875
e2456b93-a512-4899-916a-530918fd035b,1663.0,69.29166666666667,11509.690833333332,23748.791666666668,109.95833333333333,0.007887103677905738,0.004781798585603692,0.0027481171531010293,0.2740228281360155,0.09117640505579681,0.009359363012400536,0.0,0.20717702221982023,24,16,0.6666666666666666,1,17264.536249999997,6577.17375,2889.100625,213.28312625,0.0,5509.73125625
e26f3c20-2972-4854-9728-b4e8df5c4be4,179.0,7.458333333333333,1234.5339166666665,4025.125,5.5,0.01030890495544583,0.001424606050436375,0.0031273321466353337,0.04888525619987252,0.11126317238410614,0.1434074139746453,0.0,0.3631108269668189,24,16,0.6666666666666666,1,1851.800875,178.7450124375,331.543775,491.54,0.0,849.9721
e273a6b2-da94-42b2-ab2f-4c6006d139b7,427.0,17.791666666666668,3719.8516624999997,19450.625,44.875,0.012588247973753824,0.0024746127792166753,0.0032174426285176455,0.21449931255956325,0.15092344969312313,0.15064409700534034,0.004935098629629725,0.10322145275506606,24,15,0.625,1,5951.762660000001,2144.4900000000002,1447.6100013333332,1055.3833333333334,13.397333333333332,1287.61466
e2773b0a-df6e-46cc-bae7-325f8d9afdfe,94.0,3.9166666666666665,33.187916666666666,2215.0,5.125,0.001930161798698079,0.0011619220398909084,0.6509519533506493,0.0,0.125,0.0,0.0,0.0,24,3,0.125,1,265.50333333333333,0.0,265.50333333333333,0.0,0.0,0.0
e29bb922-4f28-4d76-88db-1fa8dd905878,17.0,0.7083333333333334,5.595833333333334,671.4166666666666,0.4166666666666667,0.0,0.0006413283370296292,0.0,0.0,0.0,0.041666666666666664,0.0,0.0,24,1,0.041666666666666664,1,134.3,0.0,0.0,134.3,0.0,0.0
e2d25bf5-cbd1-4582-a23c-7ba5749ec252,983.0,40.958333333333336,5351.050841666667,16306.208333333334,21.791666666666668,0.010819205441656396,0.0013548520956111164,0.0031168367989679,0.2795450318354504,0.13964245693649588,0.0028070685722834457,0.011845111268644341,0.10549137447154366,24,16,0.6666666666666666,1,8026.576262500001,3080.578125,2030.1468750000001,42.6575,178.203125,1217.271879375
e2f75241-353c-49c2-8b48-5cd83eb38f9d,770.0,32.083333333333336,7962.289583333334,14403.5,42.166666666666664,0.013114067750996558,0.0030588390819738455,0.0030940545250702123,0.3115227853450521,0.13480229559290738,0.015320321919624081,0.02497410973116088,0.01166425023478188,24,16,0.6666666666666666,1,11943.434375,4863.694374999999,2645.16375,160.47375,510.579375,254.25125025
e32af309-cd8d-44cb-b02f-264ed796b871,536.0,22.333333333333332,6562.264145833334,23586.375,62.791666666666664,0.010009972799790367,0.0031439655543707545,0.014240215559339004,0.1830952891749558,0.20488817020109862,0.07559933739402526,0.028627519718063998,0.17438005625607053,24,16,0.6666666666666666,1,9843.39621875,3369.99375,2288.6,720.908125,542.1899999999999,2919.7406312499998
e32c8260-83b3-4e63-93a2-86bac1757cb7,87.0,3.625,233.23208499999998,2821.6666666666665,5.333333333333333,0.005122374400613442,0.0018458742688150544,0.08296741986396694,0.2634580648950818,0.008832184511259068,0.0990245402649177,0.0,0.003414170473296766,24,10,0.4166666666666667,1,559.757004,465.65400100000005,16.949,69.448999,0.0,7.536
e333cd8a-38d0-4d31-a518-36c6370e26c4,874.0,36.416666666666664,6723.830020833334,18464.083333333332,50.791666666666664,0.006790807366712071,0.0027708186323660545,0.6792756641192893,0.2236271289343772,0.14012192651556066,0.011227137957692474,0.0,0.20823279161215477,24,15,0.625,1,10758.128033333332,4198.049333333333,2629.0166933333335,266.75266666666664,0.0,3661.3906666666667
e34359fc-bacf-41e4-b80e-57225a112016,504.0,21.0,2904.2795833333334,8144.541666666667,7.625,0.003715352532883791,0.0010123945664207124,0.024992889167857208,0.030395226999510236,0.15841595030020506,0.40956369688935385,0.0,0.0,24,15,0.625,1,4646.847333333334,65.536,241.03066666666663,4226.8679999999995,0.0,0.0
e37a54cc-5c80-48bc-9f44-87cae3530dd9,797.0,33.208333333333336,3978.4349987499995,4958.708333333333,29.625,0.00789483936827993,0.01038052797394107,1.607063317191755,0.10897080663217544,0.09304928620721648,0.02619089773476153,0.0,0.2299149156715107,24,15,0.625,1,6365.495998,3126.9586666666664,91.33866666666667,14.201333333333334,0.0,3122.8986666666665
e39fec4f-7927-417e-83ff-2682165a3631,178.0,7.416666666666667,132.13333333333333,2152.5833333333335,2.5416666666666665,0.0016368454011534252,0.0013824734456857459,0.005234855415435458,0.0,0.1571765406332463,0.030761765743800327,0.0,0.020395026956286717,24,5,0.20833333333333334,1,634.24,0.0,565.274,46.025999999999996,0.0,22.94
e3a7191a-f2a3-499b-893b-d8b46379dfc4,340.0,14.166666666666666,131.93458433333333,15756.208333333334,40.791666666666664,0.00442073409061635,0.002810088095505462,0.03807172555747501,0.0,0.2916666666666667,0.0,0.0,0.0,24,11,0.4583333333333333,1,287.8572749090909,0.0,215.26272945454545,0.0,0.0,0.0
e3a856a8-cb23-4150-aaea-3e8a19358c11,1264.0,52.666666666666664,15981.793750000003,21568.458333333332,41.291666666666664,0.011798953347671703,0.0019234423145786418,0.0016410489540333376,0.49889005819009463,0.03539827578779978,0.009593180325786536,0.0,0.0792677892860987,24,16,0.6666666666666666,1,23972.690625000003,17636.4281875,1167.62875,288.755,0.0,3111.5943775
e3bb9068-b414-4492-b99e-0dc535fc094d,1715.0,71.45833333333333,8607.0949375,6031.25,31.291666666666668,0.01364871981008133,0.015151307556442025,0.005492312544526579,0.3656250933307481,0.058859508319079795,0.08197211770693809,0.0,0.03359804792239661,24,16,0.6666666666666666,1,12910.64240625,7405.759968750001,1937.9518749375,1173.84125,0.0,879.48436875
e3be17ff-8cd0-4fdc-a8bc-45681bd60729,216.0,9.0,1049.0345833333333,4490.291666666667,5.25,0.006338269526642855,0.0010093204952316918,0.0033703362820308043,0.22601375259714884,0.11184966835468395,0.24250629711848917,0.0,0.002963614040392583,24,14,0.5833333333333334,1,1798.345,640.1949978571429,314.5735714285714,836.8557128571426,0.0,6.720714571428571
e3d3db93-9d28-4129-b120-e86c1dc6bdbb,59.0,2.4583333333333335,120.88875,7122.333333333333,2.6666666666666665,0.0032143991733579787,0.0003717482635379791,0.00228600403237285,0.0,0.2170673155704126,0.041666666666666664,0.0,0.03293268442958739,24,7,0.2916666666666667,1,414.4757142857143,0.0,369.44714285714286,33.544285714285714,0.0,11.484285714285715
e4093196-c822-4e29-8483-dcafd4086ea6,1200.0,50.0,7322.517083333333,17911.75,49.041666666666664,0.007175811628261017,0.002901656874878663,0.004563915726495192,0.21551395568106937,0.2366563449303489,0.11320644892107463,0.0,0.0,24,16,0.6666666666666666,1,10983.775625,2271.7887525,2872.80310625,1225.914375,0.0,0.0
e41c23b5-a03f-4826-85fd-1e0484737119,391.0,16.291666666666668,2374.2325,8906.0,8.666666666666666,0.02894058041062535,0.0010111812607450125,0.0050680202982974,0.4877959828668151,0.060030368057284934,0.0,0.0,0.011685979236245305,24,16,0.6666666666666666,1,3561.34875,2572.1018750000003,349.088125,0.0,0.0,19.276249375
e4388a85-1738-415f-9a5e-4487da70cd2f,927.0,38.625,181.50125000833336,850.0,25.833333333333332,0.0022696991167726,0.08828980968140492,1.949930187293434,0.0,0.12807418421927294,0.0,0.0,0.08025914911406039,24,8,0.3333333333333333,1,544.503750025,0.0,73.64,0.0,0.0,469.40374999999995
e4665f27-b803-4f5c-89c6-3d8599943266,214.0,8.916666666666666,122.19125000000001,2956.75,4.833333333333333,0.002386341455789708,0.0016328574265897374,0.009596490775345225,0.0,0.25,0.0,0.0,0.0,24,6,0.25,1,488.76499999999993,0.0,488.76499999999993,0.0,0.0,0.0
e4766b52-67b3-4392-8036-971ac4b4af1e,1590.0,66.25,20737.88666666667,58374.833333333336,108.33333333333333,0.01618495462445632,0.0019199261708203752,0.0012361814387301,0.31288106162571916,0.1309002945108293,0.0012329848516053126,0.013843763279942417,0.18542764303679918,24,16,0.6666666666666666,1,31106.83,14553.50875,6246.275,57.203125,751.17625,8396.764374999999
e49f01f1-983d-4b76-bd50-9dcc8404c212,146.0,6.083333333333333,2168.5495833333334,2810.5416666666665,11.541666666666666,0.01157154082372261,0.004081956834940592,0.04822959921585802,0.36335434439165987,0.1783123222750068,0.0,0.0,0.0,24,13,0.5416666666666666,1,4003.4761538461535,3424.576923076923,578.8992307692308,0.0,0.0,0.0
e4acc6f5-60d2-432c-b6e0-779183a38200,331.0,13.791666666666666,837.47125125,3569.5833333333335,7.0,0.004584040182246692,0.002056012348097279,0.011296841065410708,0.008417843372101575,0.10367455213931993,0.15992534586138915,0.0,0.27071534564534444,24,15,0.625,1,1339.954002,17.092666666666666,64.57533466,521.3366666666667,0.0,502.89333600000003
e4cbfe2b-10c0-4a93-8c1b-7d848f69c3b7,433.0,18.041666666666668,839.6916708341668,8373.291666666666,12.166666666666666,0.003312992796109592,0.002348324311796475,1.7733806091096407,0.36823093498772247,0.0878388350161043,0.0,0.0,0.0,24,12,0.5,1,1679.383341668333,1625.5999999999997,44.189166666666665,0.0,0.0,0.0
e4dd3224-799c-4b13-b663-c24a80ae2a36,132.0,5.5,192.40291645833335,1614.6666666666667,6.291666666666667,0.0033529132817873377,0.004340723679436391,0.013800929021414837,0.0,0.10164546776276827,0.27335453342380917,0.0,0.0,24,9,0.375,1,513.0744438888888,0.0,26.783333333333335,486.29111166666667,0.0,0.0
e4ddfbfe-6146-465b-8d55-0d2c925a8598,441.0,18.375,775.9241708333334,6345.083333333333,14.916666666666666,0.0072297529396629125,0.0023196703055852544,0.013830217185018763,0.24840390842058632,0.1924041127339664,0.0,0.0,0.016933183709730213,24,11,0.4583333333333333,1,1692.9254636363635,1078.2763636363636,507.3354545454546,0.0,0.0,105.35272727272728
e50464b6-00a1-46ed-806b-1d1c2804e461,975.0,40.625,3834.978333333333,13949.916666666666,38.875,0.011197857963002725,0.002775158032958537,0.023058762148632245,0.23080519170417255,0.16297721271491653,0.0,0.0,0.2728751045576594,24,16,0.6666666666666666,1,5752.4675,2640.578125,613.9824975,0.0,0.0,2497.798749375
e5236524-f9b7-4093-aa57-e9d1785658d0,1935.0,80.625,20674.455416666668,54271.791666666664,137.83333333333334,0.007520005651886545,0.0025082641044411875,0.001474548411249925,0.31305498665543435,0.05223346083145105,0.0766871207345111,0.002018104288632296,0.17295137358732862,24,16,0.6666666666666666,1,31011.683125,14413.230625,2473.105,3550.4125,105.02000000000001,8154.248125
e538e261-21b8-4a6e-8552-4ab69b740564,921.0,38.375,3213.2566625,16162.75,45.875,0.005412493461385476,0.002877231629587079,1.512404014588941,0.19481504528245128,0.32505485887532004,0.0,0.0,0.0,24,15,0.625,1,5141.21066,2221.599333333333,2781.645986666667,0.0,0.0,0.0
e540912a-dc26-4ede-a35c-f9ece720f2a2,133.0,5.541666666666667,175.10458333333335,9725.416666666666,14.25,0.0024501000733156125,0.0015384286907788166,0.0037519663679117378,0.0,0.1962281263730119,0.03332202047627129,0.0,0.0204498531507168,24,6,0.25,1,700.4183333333332,0.0,642.3916666666665,39.27333333333333,0.0,18.753333333333334
e56939d2-1827-442f-a920-dcf38e77ace6,238.0,9.916666666666666,461.9370833333333,868.6666666666666,2.4583333333333335,0.008413048517352228,0.003954063152258097,0.25405006694566185,0.0,0.20732996967918074,0.0,0.0,0.048547324185323815,24,14,0.5833333333333334,1,791.8921428571429,0.0,101.782143,0.0,0.0,199.71285714285713
e56df896-6d2c-4cd4-bc9c-f8eae646e5d1,313.0,13.041666666666666,3229.06125,5217.208333333333,9.416666666666666,0.012454873616213141,0.0019274232394353291,0.0020321912324150165,0.21478029793913112,0.19922877114512624,0.008270761900526183,0.0,0.06780344667007036,24,16,0.6666666666666666,1,4843.591875,1509.933125,1623.301875,51.635,0.0,533.6087481249999
e5734d66-d45b-4194-9e40-57b64e3a02d8,471.0,19.625,1872.1291666666668,11965.583333333334,26.958333333333332,0.01229254530684132,0.0023943424883686084,0.006027334403159854,0.28663337882547874,0.016037547426738952,0.32494839502339795,0.0,0.03902403942410553,24,16,0.6666666666666666,1,2808.1937500000004,1240.4818875,49.075625,1407.59625,0.0,110.82499999999999
e589ecb9-484e-419d-9ff7-bf3ab668e9f8,274.0,11.416666666666666,214.08958333333337,2008.7916666666667,16.708333333333332,0.0019342385091529956,0.008332573000805525,0.1836850158703366,0.0,0.25,0.0,0.0,0.0,24,10,0.4166666666666667,1,513.8149999999999,0.0,496.38199999999995,0.0,0.0,0.0
e5b40264-1792-48cc-9fb0-888518b12894,166.0,6.916666666666667,235.20083458333332,1841.5416666666667,3.4166666666666665,0.0045613587261874875,0.002366511446433125,0.03882333729275143,0.0,0.12530873577524035,0.24969126422475965,0.0,0.0,24,9,0.375,1,627.2022255555555,0.0,9.792222222222223,617.4100033333333,0.0,0.0
e5d76bc4-3b71-4cfa-b136-52615052652b,490.0,20.416666666666668,6174.28625,13178.166666666666,21.083333333333332,0.01876926490531632,0.0016693738740784665,0.0014174789843527083,0.2420673246718855,0.13695796364751037,0.0023826420186544837,0.0022969751722379836,0.1175812506008892,24,16,0.6666666666666666,1,9261.429375,3377.00625,1907.7656249999998,32.0625,29.353125,1668.2687500000002
e611bd82-a6cd-4ebd-8220-a2ee92c477a0,1239.0,51.625,2150.769154125,17259.708333333332,32.583333333333336,0.00570496292137513,0.0019244758434300002,0.09536627884640304,0.37371916873290884,0.03169612439857585,0.017768278283661895,0.0,0.034320170931707965,24,12,0.5,1,4301.53830825,4203.8266416666675,30.08999833333333,19.161666666666665,0.0,34.684999999999995
e6232555-dd5b-4427-a421-021251d32262,213.0,8.875,509.67124999999993,1825.625,2.3333333333333335,0.009172071516755637,0.0012780402719832708,0.010845505482817356,0.2632871645194757,0.11634825119813845,0.2870312533076321,0.0,0.0,24,16,0.6666666666666666,1,764.5068749999999,226.545,294.15688124999997,243.805,0.0,0.0
e6236876-50c9-455a-bd60-95db636f041b,892.0,37.166666666666664,9976.399166666668,13847.541666666666,73.58333333333333,0.011533610298023281,0.005469053458624812,0.0019826200301685166,0.2638355858256711,0.15895793716182519,0.011116958473024562,0.025320047586777084,0.04094249255448579,24,16,0.6666666666666666,1,14964.598750000001,5264.11125,4822.10125,226.8775,506.065625,728.333125
e635998e-d890-441c-a5d6-d8cde5185cc3,1667.0,69.45833333333333,13970.059604166667,28952.291666666668,59.0,0.028194030652845998,0.002121719772039304,0.002262118666135954,0.5635695940746609,0.020245824543655793,0.00145358761547905,0.004085175971764546,0.06426591041713482,24,16,0.6666666666666666,1,20955.08940625,17765.674375000002,540.6968725,40.521875,106.36812499999999,2145.29999375
e662f780-2ada-4249-8058-60e4dca97c4c,4120.0,171.66666666666666,9910.535416666666,33774.083333333336,85.25,0.008085538981812858,0.002878042055105354,0.011099103504166902,0.19063649461567814,0.17879924959354934,0.21629337012495364,0.011606854859420422,0.04000322325938352,24,16,0.6666666666666666,1,14865.803124999999,4215.65,3570.8868749999997,4829.61,564.94625,906.9487499999999
e682af54-754c-4e14-8e0e-71564964d589,1713.0,71.375,17119.795833333334,39352.083333333336,51.875,0.015755894041559446,0.001342410392628025,0.0024628123054380997,0.4193618671274302,0.07107853220974185,0.007732985352919704,0.0011142368357991727,0.10068038245340578,24,16,0.6666666666666666,1,25679.69375,14552.675625,3388.64126875,267.08,20.383749999624996,4276.629375
e695c2fb-04eb-4a32-abb6-e400281fc865,774.0,32.25,10785.172916666668,30912.5,79.54166666666667,0.013277455719567803,0.0026775375306906084,0.001187805272082,0.38576135871904116,0.11990704408209667,1.0460308182717882e-05,0.04889848279588257,0.0757269273537191,24,16,0.6666666666666666,1,16177.759375000001,9880.04625,2501.559375,0.199999999625,1387.506875,1718.7450000000001
e6c8e5b4-a287-4869-ae71-33e4be3fd742,366.0,15.25,359.54375000000005,3317.0,11.333333333333334,0.0041902006395679375,0.0035367663394293963,2.026606278545945,0.11415382303202004,0.05182796956253041,0.060844544891065715,0.029575130485593865,0.035079541782517064,24,9,0.375,1,958.7833333333333,685.8844444444444,68.14666666666666,91.53555555555556,37.34777777777778,74.30555511111112
e6c90051-5505-4c6d-9d7f-1472032ec56c,1290.0,53.75,21618.4425,22363.916666666668,86.16666666666667,0.013856897538371419,0.004387320166326117,0.0011564454726342582,0.3759162171262515,0.02212591935735125,0.005267006853353888,0.0,0.21107370560371227,24,16,0.6666666666666666,1,32427.66375,18215.18,1108.43500125,268.114375,0.0,10245.688125
e6e99175-849f-4161-83e0-f733a862ceba,49.0,2.0416666666666665,43.4975,458.6666666666667,2.1666666666666665,0.002990390186265892,0.005663737860611141,0.003116619922883571,0.0,0.1072773989257519,0.07851673580130965,0.0,0.02253919860627178,24,5,0.20833333333333334,1,208.788,0.0,139.03199999999998,58.577999999999996,0.0,11.178
e6f07acc-264a-4f5d-9cc9-6a0574d04018,128.0,5.333333333333333,40.132083333333334,1083.7083333333333,2.4166666666666665,0.0024184951482617793,0.0036733964743467123,0.006985192337789425,0.0,0.16666666666666666,0.041666666666666664,0.0,0.0,24,5,0.20833333333333334,1,192.63400000000001,0.0,165.048,27.586000000000002,0.0,0.0
e6fb1652-01de-4b9c-b7d3-2ff13e4835c1,867.0,36.125,2557.3541666666665,12706.25,104.41666666666667,0.01553762905239686,0.008152825976898084,0.006126477906503363,0.2065888926901948,0.3786731795721525,0.04983645085643485,0.0,0.030275857164001514,24,16,0.6666666666666666,1,3836.03125,1286.08,2136.2275,248.1925,0.0,157.505
e738cf82-1006-4df0-95a0-569f536b7107,728.0,30.333333333333332,2847.611666625,24762.041666666668,15.083333333333334,0.004881821141406637,0.0007839247902212905,0.0945229440719696,0.0003115174382044208,0.3371925461558895,0.02429079622840438,0.0,0.0957443212611332,24,15,0.625,1,4556.1786666,0.8586666666666667,4103.664666666667,15.476666666666667,0.0,394.05066866666664
e751c0f5-168a-4fbe-8d3e-ea08aa33ef73,64.0,2.6666666666666665,104.26208333333334,1002.3333333333334,0.7916666666666666,0.0024237441819882377,0.0007626912614963084,0.007339325349035129,0.0,0.2916666666666667,0.0,0.0,0.0,24,7,0.2916666666666667,1,357.46999999999997,0.0,357.46999999999997,0.0,0.0,0.0
e7703a73-768d-4368-9315-b26f69f7386e,156.0,6.5,54.82708333333333,5138.0,16.083333333333332,0.0015733705741872498,0.0025279119898099747,0.8492573743166535,0.0,0.16666666666666666,0.0,0.0,0.0,24,8,0.3333333333333333,1,164.48125,0.0,159.325,0.0,0.0,0.0
e79a2e5f-409c-4e07-b133-41de431afb0d,273.0,11.375,1173.9745833333334,6288.833333333333,8.958333333333334,0.01281634250455164,0.0014437621789876332,0.004312910514561488,0.3366166274481681,0.007262682019298951,0.01670448095217698,0.0,0.22188964463065677,24,15,0.625,1,1878.3593333333336,868.519998,13.796000000000001,38.73266666666666,0.0,811.5506746666666
e7ecaae9-a504-4625-b3ec-d34ca1c81439,126.0,5.25,170.6,6690.791666666667,4.666666666666667,0.001289692751964525,0.0004144917575488083,0.0025213754485555627,0.0,0.16666666666666666,0.0,0.0,0.0,24,4,0.16666666666666666,1,1023.6,0.0,1023.6,0.0,0.0,0.0
e80fede8-03f3-4d95-9186-8bd0b0a0f9c1,294.0,12.25,756.9554208333334,3348.7916666666665,4.625,0.009099843639582538,0.0014047111601934873,0.008382688990594859,0.0,0.10382594856195415,0.14240983231401355,0.0,0.3349547855414869,24,14,0.5833333333333334,1,1297.6378642857144,0.0,91.25071428571428,391.19571428571425,0.0,808.9471428571427
e82b2af8-0857-460b-af49-7c4a632dfd58,172.0,7.166666666666667,475.66249999999997,2719.875,2.2083333333333335,0.004769131791459737,0.00088236336447675,1.197756031825805,0.09568837467831126,0.235855344658616,0.01543664814331725,0.0,0.0,24,9,0.375,1,1268.4333333333334,564.7666666666667,441.81999999999994,77.31111111111112,0.0,0.0
e8883107-13e6-4f9e-a40f-5ac8280aee26,1504.0,62.666666666666664,9275.650833333333,30612.375,49.416666666666664,0.010863974524311861,0.0016297972549292501,0.0030875961328432956,0.41801528889486633,0.06398633807053172,0.04210839530328941,0.0,0.14252350629963736,24,16,0.6666666666666666,1,13913.47625,8998.961875,1263.0281249999998,859.6824999999999,0.0,2791.193125
e893a59b-1c21-4862-889d-76be9c84345f,2700.0,112.5,40320.7225,54093.625,277.9583333333333,0.01699371132053714,0.0051837659645553,0.0013619897777785127,0.34135460499325276,0.05644624874543588,0.006313727769645842,0.000860721558137175,0.25111530437140267,24,16,0.6666666666666666,1,60481.083750000005,27898.914312499997,4882.320625,503.9175,45.310625,26301.461874999997
e8972ee1-4394-4055-871e-6779be871a9f,424.0,17.666666666666668,491.492505,7533.125,13.916666666666666,0.006631743983780241,0.0018873911178714793,0.03255284869500416,0.0,0.15138383844893127,0.3808851418002803,0.0,0.00692133972252687,24,16,0.6666666666666666,1,737.2387575,0.0,136.98875003125002,289.90250125,0.0,21.876875
e8b21c4d-837c-454c-ae6b-65737f6eab50,475.0,19.791666666666668,6818.499179166666,12528.583333333334,27.875,0.012940101862916881,0.0029440630838995295,0.001407660394520279,0.16914802709317775,0.13862557934490963,0.04477582686199471,0.0,0.2400600329566747,24,16,0.6666666666666666,1,10227.74876875,2496.363125,2180.968125,780.3525,0.0,3729.9831249999997
e8b74b8f-6f30-4369-b2e5-4dd0f2faf624,748.0,31.166666666666668,949.2237491666668,32498.666666666668,34.791666666666664,0.00354150459636265,0.0011260238538723206,0.21496994507500825,0.0,0.2052460933177077,0.0,0.0,0.0011093974597036124,24,14,0.5833333333333334,1,1627.240712857143,0.0,124.60642714285714,0.0,0.0,4.957142857142857
e8cd6ab9-5801-4771-b55f-4f930a29505e,614.0,25.583333333333332,10972.638749999998,20497.333333333332,36.0,0.015576591764865763,0.0017958646777682583,0.0009842166805644958,0.29999395444289817,0.06206909082287826,0.0,0.0,0.05672724237495271,24,16,0.6666666666666666,1,16458.958124999997,7545.6775,1545.8931231249999,0.0,0.0,1325.35125
e8eb37d7-8c32-49cf-bf0c-ca356bb33bc6,731.0,30.458333333333332,2748.5266666458333,29723.791666666668,29.625,0.008560240267896797,0.00111397470620525,0.11151219848244676,0.4383123219424074,0.07943869424051127,0.0,0.0,0.02181811880015151,24,14,0.5833333333333334,1,4711.759999964285,3245.5357214285714,1128.7964285714284,0.0,0.0,317.484285
e8f64141-54a7-4b84-85f2-935413e1a991,1451.0,60.458333333333336,4891.29,20949.916666666668,109.83333333333333,0.01692541136570035,0.005378829115851262,0.00985373251750442,0.06910857575261996,0.5360107589149109,0.06045245849243006,0.0,0.0,24,16,0.6666666666666666,1,7336.935,522.256875,6275.9419125,530.8275000000001,0.0,0.0
e906b9d1-a799-4a8f-b802-8529347b820d,145.0,6.041666666666667,105.22250000000001,8579.083333333334,11.375,0.0032181344443917748,0.0016919317056142164,0.0063843669582494995,0.0,0.25,0.0,0.0,0.0,24,6,0.25,1,420.89000000000004,0.0,420.89000000000004,0.0,0.0,0.0
e90a9720-6c82-4252-a216-9c1cc4956264,267.0,11.125,475.41333249999997,5025.166666666667,16.041666666666668,0.004654926422477633,0.003277075897379421,3.6170229012590114,0.16608664073776286,0.21235149473096768,0.0,0.0,0.03764850526903233,24,11,0.4583333333333333,1,1037.2654527272725,420.32727272727277,462.9618163636364,0.0,0.0,152.1909090909091
e91df791-09bf-4f65-9233-d59698f073ff,210.0,8.75,0.0,6587.5,6.208333333333333,0.0,0.00015896265101600417,0.0,0.0,0.0,0.0,0.0,0.0,24,0,0.0,0,0.0,0.0,0.0,0.0,0.0,0.0
e92f514d-3d46-4eb3-b336-0cc8264101cf,162.0,6.75,265.30333333333334,3790.8333333333335,4.375,0.012123361675443305,0.0013646650501370789,0.012909062906327795,0.20817252678402573,0.08349413988264097,0.041666666666666664,0.0,0.0,24,8,0.3333333333333333,1,795.91,766.94625,15.98625,12.9775,0.0,0.0
e95ef213-9a30-4422-aa88-7544e0af9bfb,369.0,15.375,2761.767916666666,7556.916666666667,8.666666666666666,0.013555675726174748,0.0014110522495418166,0.002825478511113129,0.500547493179301,0.024340020771598785,0.13978897387835604,0.0,0.0013042264996764835,24,16,0.6666666666666666,1,4142.651875,2985.12124375,133.24812500000002,1012.5124999999999,0.0,6.418125
e9ae310a-9929-47c1-a81d-65aaa7e41f4a,49.0,2.0416666666666665,1334.3183291666667,1065.7083333333333,2.875,0.024007754788285707,0.0026763220689024043,0.0007524417527466958,0.5345344402974302,0.03150852939581947,0.002560677406768704,0.0,0.09806301991840072,24,16,0.6666666666666666,1,2001.4774937500001,1579.51999375,113.67499993749999,8.5975,0.0,299.68500125
e9c0bd6d-d0db-4165-8ddd-bbeca724e4e6,1633.0,68.04166666666667,3031.939166666667,5971.041666666667,51.375,0.00881738392094615,0.013562430539239492,0.049122501318247726,0.3729621707446444,0.053067211792043045,0.1613115963285012,0.0,0.026860886162062624,24,15,0.625,1,4851.102666666668,4329.329313333334,72.75933333333333,370.4099993333333,0.0,23.326
e9cb53af-02a5-47a3-8030-23c02fc30abe,289.0,12.041666666666666,657.7212499999999,7209.958333333333,5.416666666666667,0.006935677150729988,0.0012086496284374833,0.07492772382144886,0.2407171104597349,0.029495719040380928,0.22852076933356055,0.0,0.0008625809829711042,24,12,0.5,1,1315.4424999999999,725.3050083333333,93.98583333333333,491.10833249999996,0.0,2.9433333333333334
ea0c8b9e-392d-452e-acd3-c8bb9b35933d,2203.0,91.79166666666667,24426.145416666666,48054.083333333336,79.125,0.018033174847529764,0.0016532178073249751,0.001847821423385029,0.16921919205571068,0.10491039399527603,0.03230045581727815,0.0062658303991487896,0.008485432182474268,24,16,0.6666666666666666,1,36639.218125,10043.555625,5683.99875,1627.4425,295.896875,704.0168749999999
ea41f6a6-1e57-40e2-8dfb-3354b295e391,448.0,18.666666666666668,245.85541791666665,15919.583333333334,12.208333333333334,0.0044369948910957585,0.0008333103316050791,0.3934046642442169,0.0,0.14756552651792396,0.37300522315255136,0.0,0.006371791901562537,24,14,0.5833333333333334,1,421.4664307142857,0.0,94.00571428571429,315.407145,0.0,7.0721428571428575
ea877eeb-a57e-452e-9d49-affba4b60f5a,678.0,28.25,128.37583333333336,23538.875,46.25,0.006562673443818796,0.0019941026184666414,0.42071024483684477,0.0,0.1253640412163557,0.03006993006993007,0.0,0.09456602871371424,24,8,0.3333333333333333,1,385.1275,0.0,56.676249999999996,27.09,0.0,292.96750000000003
eac266ea-2727-4a12-a324-a7a177d5d86f,341.0,14.208333333333334,531.3308333333333,10939.375,7.916666666666667,0.0066656946330221544,0.0009569037620834708,0.5310498104929456,0.0,0.4108250909211127,0.025367833587011668,0.0,0.06244207599629287,24,13,0.5416666666666666,1,980.9184615384615,0.0,958.2392307692309,11.384615384615385,0.0,5.882307692307692
eac6db06-7265-4b32-b531-737c27709871,3430.0,142.91666666666666,6943.492499999999,140311.25,381.0833333333333,0.008184148355814625,0.0028498559260873497,0.03648680618033682,0.027319393713178545,0.2315151966866528,0.2425645297709406,0.030127171554568528,0.04082098672420869,24,16,0.6666666666666666,1,10415.238749999999,269.61875,3124.850625,5846.724375,146.934375,209.13437625
eacfbdd9-841f-460b-aae3-555df8c166e9,2307.0,96.125,4802.816645833333,24553.041666666668,125.54166666666667,0.007972966954669458,0.005179733984393758,0.02118365877348491,0.11828723437784072,0.24016642116029985,0.0041574494003864875,0.0,0.26238889648868047,24,15,0.625,1,7684.506633333333,1163.4373253333333,2891.838666666667,19.184666666666665,0.0,3610.046
eb03417c-8633-4a99-8064-dd76a8c7d1ab,257.0,10.708333333333334,1695.5275000000001,10773.75,23.583333333333332,0.00874211652405043,0.0024216325071428958,0.007260693326410688,0.13741622910958973,0.06717332662816537,0.03377064440020644,0.0,0.05915167901229971,24,9,0.375,1,4521.406666666666,2009.0411111111114,726.9988888888889,16.285555555555554,0.0,639.3033444444445
eb26cd8e-922e-486d-b7a4-a964dff27be8,1479.0,61.625,33697.65333333333,48666.541666666664,158.125,0.014727166537666663,0.0035874582494974457,0.003950538416218587,0.3881912461430435,0.17161499066121869,0.015132560569407073,0.002461307688997379,0.06048230884154801,24,16,0.6666666666666666,1,50546.479999999996,38149.484375,2308.7125,1527.6924999999999,32.09812501875,7977.04625
eb616cc1-3112-4591-a25f-e4229f4b53b0,42.0,1.75,898.5962499999999,1455.3333333333333,7.25,0.01594558904380712,0.007129150577316063,0.0019789185787066955,0.2977271525069627,0.14337968404063461,0.017226496785736047,0.0,0.0,24,11,0.4583333333333333,1,1960.5736363636365,1706.2390909090907,246.28818181818187,8.046363636363635,0.0,0.0
eb8f0764-5f0c-45e6-a80d-a21e48c7bc74,1656.0,69.0,3450.840833333333,29389.541666666668,78.08333333333333,0.009240279335945603,0.002818763697061754,0.01796636389636805,0.06174074512951135,0.45256057809474054,0.08584698324507418,0.0,0.02054159036663449,24,16,0.6666666666666666,1,5176.26125,417.49875,3777.265625,449.88125,0.0,179.039375
ebaaa398-6cd4-48e6-9044-a4e3f6a3a84d,263.0,10.958333333333334,477.9970820833334,5757.0,9.458333333333334,0.004815948790423526,0.0011248486777240415,0.003959612743138675,0.06261555696338834,0.16666666666666666,0.0,0.0,0.020717776369944974,24,6,0.25,1,1911.9883283333331,680.4833333333333,988.6066616666667,0.0,0.0,242.8983333333333
ebbe32c4-6790-4c59-8ce4-501d96799262,97.0,4.041666666666667,147.46124999999998,825.75,3.8333333333333335,0.0030520840897712083,0.0045372355528166125,0.023859943589160923,0.0,0.25,0.0,0.0,0.0,24,6,0.25,1,589.8449999999999,0.0,589.8449999999999,0.0,0.0,0.0
ebc4a689-1496-4bc6-8de3-f03acd6badd4,391.0,16.291666666666668,787.6641666675,4618.25,13.291666666666666,0.006301575820741767,0.002994832734575325,1.1459899172961416,0.3690835754810386,0.17154345974050778,0.0,0.0,0.0,24,14,0.5833333333333334,1,1350.281428572857,1235.8257142857144,110.45285714285716,0.0,0.0,0.0
ebdce749-a990-4537-8a50-45a8c8ec748b,164.0,6.833333333333333,303.39292083333333,2629.2916666666665,6.666666666666667,0.004870764593489738,0.0025918029310492544,0.008233540542833328,0.24929757322539103,0.08403576010794232,0.0,0.0,0.0,24,8,0.3333333333333333,1,910.1787625,884.3225124999999,25.85625,0.0,0.0,0.0
ebf73930-bf7f-440c-bef2-6ddd65efe32c,399.0,16.625,3993.455429166667,13789.208333333334,28.083333333333332,0.016316596260691762,0.0021460441107234835,0.08023123025285385,0.24297204285695242,0.128333747498051,0.04592002233790699,0.0,0.11767251085961394,24,15,0.625,1,6389.5286866666665,2884.5460000000003,1570.618,401.9973333333333,0.0,1105.1213266666668
ec35e554-5438-4173-b7a5-bea730e9722a,329.0,13.708333333333334,1926.5770833333336,13737.083333333334,25.375,0.00874459215059535,0.002007825192653325,0.0050159592378678204,0.09738626993512878,0.12490957972902066,0.01789234832289742,0.015549523317744942,0.3233937267811392,24,16,0.6666666666666666,1,2889.8656250000004,481.258125,415.81625075,94.17874875,58.372499375000004,1515.664375
ec729270-02c7-4871-9966-ba6860b4c1e2,2521.0,105.04166666666667,23658.579583333336,58805.25,192.70833333333334,0.008410252758682757,0.0034384911379809,0.0021241375941532083,0.2418150688922093,0.1785458521097155,0.07393297304661672,0.046966970949795746,0.08619509423939303,24,16,0.6666666666666666,1,35487.869375,12037.345625,10354.386874374999,4127.219376875,2199.796875,5117.586875
ec947300-e8ee-4eb2-8e13-b9d26c5a778a,433.0,18.041666666666668,2401.9254166666665,14286.291666666666,20.375,0.006328002089645475,0.0014827505505134002,0.00829112801495767,0.0,0.5947991971857006,0.0,0.0,0.06912994913045274,24,16,0.6666666666666666,1,3602.888125,0.0,3209.453125,0.0,0.0,379.536875
ecb1d74b-57a4-4e21-8410-862f9e09833b,491.0,20.458333333333332,5102.507500000001,8125.875,17.125,0.017841325988901077,0.0021206682232814502,0.001989084377755558,0.43848124346732215,0.08589363950394337,0.015465854111745855,0.0,0.11869551564987237,24,16,0.6666666666666666,1,7653.7612500000005,4798.360000000001,950.723125,171.440625,0.0,1577.0637499374998
ecbc47fa-a79c-469e-90b7-b799ce4f129a,73.0,3.0416666666666665,150.54374999999996,4220.0,11.0,0.003148911227552325,0.0025918693402142835,0.006210695885081759,0.0058984289167215995,0.23632855416392004,0.049439683586025046,0.0,0.0,24,7,0.2916666666666667,1,516.15,1.227142857142857,503.5614285714286,11.361428571428572,0.0,0.0
ecc307b4-6c7e-4ec5-8601-5e592e8eb6c6,662.0,27.583333333333332,2993.320833325,8182.5,33.166666666666664,0.008676116299077984,0.004084712401677667,1.0775022473238365,0.20251078261086772,0.25112571500302566,0.024743237622450186,0.0,0.0,24,15,0.625,1,4789.31333332,2287.101993333333,1488.190006666667,289.44466666666665,0.0,0.0
ed12a5d7-6e18-4f7d-83b9-feee2113697e,370.0,15.416666666666666,4349.592904166667,11700.291666666666,32.625,0.0131721909988689,0.003023986786502404,0.0016842761448285376,0.3650431883957319,0.11147720295546981,0.021337955125456762,0.0,0.16773388265215397,24,16,0.6666666666666666,1,6524.38935625,3483.5225,1128.150625,196.8475,0.0,1703.759375
ed29604e-5020-400d-83fa-8ab4448d5965,474.0,19.75,1243.6079124999999,12524.666666666666,10.041666666666666,0.003097319931434842,0.0008266675345786584,0.05553587544003277,0.3225441017964687,0.10260151832837798,0.16671044391396697,0.0,0.03293590245146765,24,15,0.625,1,1989.7726599999996,1359.2799933333333,50.117333333333335,335.4626666666666,0.0,244.052
ed40a9e2-e918-4d39-9db6-10ddf9aa8fe8,1206.0,50.25,8948.762104166666,22540.375,82.91666666666667,0.010838247890088179,0.003711753719025025,0.002693028485046004,0.13875212336103662,0.3103651829509845,0.017647118171389194,0.051545003567065074,0.05424088564044066,24,16,0.6666666666666666,1,13423.14315625,2734.658125,6440.72248125,336.85937624999997,1001.004375,1099.683125
ed673370-f0f7-4415-9ce2-983abac551cd,649.0,27.041666666666668,4070.375833333333,16722.666666666668,43.5,0.01416625809218977,0.0026915933297993956,0.0029054091902959416,0.31711473704154797,0.1453643240334677,0.11857663097262677,0.0,0.03214627014685756,24,16,0.6666666666666666,1,6105.563749999999,2639.43125,1319.578126875,1308.18936875,0.0,309.11999875000004
ed90a37f-876c-4864-8e0e-6ae6814f1504,868.0,36.166666666666664,1224.8500000000001,26384.708333333332,61.125,0.007779497780946154,0.0023270381546573,0.05630540613704605,0.2443917259221096,0.060833159662184465,0.1450454611951011,0.0,0.006864717803987154,24,12,0.5,1,2449.6999999999994,1365.0999916666667,75.75333333333333,989.6016658333333,0.0,7.8808333333333325
ed9da212-b7ed-428b-a0c6-4afe38e903ab,449.0,18.708333333333332,3443.6108333333327,9934.375,29.25,0.02255667061461483,0.0029598026971679376,0.011816285227258154,0.44436738740187814,0.10540414311262826,0.0647076136966757,0.014277889707258533,0.016614893585533173,24,16,0.6666666666666666,1,5165.416249999999,3922.98561875,393.474375,46.125,12.96875,223.355625
eda87214-cb42-438c-928c-7234289e8d24,247.0,10.291666666666666,1427.1279208333333,4391.666666666667,8.541666666666666,0.022512708207675296,0.002049550718771396,0.0033419649125132254,0.5414510666043383,0.04605728777902471,0.07915831093131505,0.0,0.0,24,16,0.6666666666666666,1,2140.69188125,1703.03375,188.71875,248.939375,0.0,0.0
edbcf00a-4c59-450f-9197-48a39cecd278,975.0,40.625,1899.4529175,13176.458333333334,26.708333333333332,0.011347430152273236,0.0021696036564100335,0.034619170545098166,0.0,0.2568535827554638,0.0,0.0,0.2930149463121188,24,15,0.625,1,3039.124668,0.0,511.78933466666666,0.0,0.0,2228.2606666666666
edd1c644-403d-4c8e-b986-1dc4f15b1f62,282.0,11.75,445.23291666666665,4191.375,7.0,0.0053333205890881375,0.001731347449765679,0.01639666720906977,0.0,0.4306775174536886,0.018361005262202867,0.0,0.005811501543548304,24,14,0.5833333333333334,1,763.2564285714286,0.0,563.1078571428571,16.19,0.0,5.905714285714287
ede63d4c-886b-4571-9cca-677a66e9f51e,173.0,7.208333333333333,267.17041666666665,1324.5,3.6666666666666665,0.0044712344148176665,0.002870726334511183,0.013394587399028138,0.0,0.4166666666666667,0.0,0.0,0.0,24,10,0.4166666666666667,1,641.2090000000001,0.0,641.2090000000001,0.0,0.0,0.0
ee06c200-c06e-4e0f-8754-f2528dc87ac2,470.0,19.583333333333332,7386.0079166666665,11541.5,15.666666666666666,0.016449490634428705,0.001410156914143354,0.0015531527241433873,0.566319457274461,0.006165403464569104,0.09371744014199827,0.0,0.0,24,16,0.6666666666666666,1,11079.011875,9280.564375,56.82062487500001,1734.328125,0.0,0.0
ee1ff3e7-120c-4d41-8bf7-5cc9270ae7d5,72.0,3.0,80.21916670833333,6144.375,3.0,0.005625041597746176,0.0005849792646118604,0.017953115066769547,0.0,0.2916666666666667,0.041666666666666664,0.0,0.0,24,8,0.3333333333333333,1,240.657500125,0.0,231.601250125,9.05625,0.0,0.0
ee37698b-aa4f-445c-aa74-933af76aac2d,91.0,3.7916666666666665,154.85625000000002,2646.4166666666665,7.833333333333333,0.00086856842213815,0.0029654424577927586,0.0014261515422696498,0.0,0.0,0.0,0.25,0.0,24,6,0.25,1,619.4250000000001,0.0,0.0,0.0,619.4250000000001,0.0
ee590238-c142-4778-b729-a21c2df85769,144.0,6.0,213.67,2307.625,3.5,0.0037438885439303377,0.0015140955712555665,0.0116986142127387,0.0,0.35702503700358745,0.0,0.0,0.017974962996412533,24,9,0.375,1,569.7866666666666,0.0,563.4177777777777,0.0,0.0,6.368888888888889
ee669983-22a2-468b-a120-e54a4bf02401,156.0,6.5,10.79625,3520.125,7.25,0.002227866909219925,0.0020083773925931,0.014634445086220959,0.0,0.125,0.0,0.0,0.0,24,3,0.125,1,86.37,0.0,86.37,0.0,0.0,0.0
eec60712-c9e7-4e20-bcd7-818fe57b67f9,294.0,12.25,58.784583348333335,9562.791666666666,14.666666666666666,0.003781842902004279,0.0016600273147867083,0.8475353456352694,0.0,0.16666666666666666,0.14006553148858658,0.0,0.0,24,9,0.375,1,156.75888892888887,0.0,71.67666666666666,72.86222222222221,0.0,0.0
eee093a9-491d-4794-9661-41155ce811fa,408.0,17.0,2603.44125,11622.0,42.583333333333336,0.021433901933694367,0.0035975057131851958,0.002436990843454013,0.46294847219069735,0.109881914569629,0.0,0.0,0.009717546225536817,24,14,0.5833333333333334,1,4463.042142857142,3492.848571428571,891.3492857142857,0.0,0.0,71.6542857142857
eef39d32-1689-4971-9862-844c34f66944,227.0,9.458333333333334,2930.281666666667,7379.833333333333,13.458333333333334,0.012623443031506613,0.0018615188420684665,0.0014708412885006041,0.4171034742374613,0.1531634084287371,0.015251819958219918,0.0,0.08105947930146824,24,16,0.6666666666666666,1,4395.422500000001,2713.744375,1021.8799937499999,98.24312625,0.0,560.89125
eeffc321-2d03-4a67-bf5f-967e17a0dbb5,1920.0,80.0,3930.636262083333,11978.708333333334,123.70833333333333,0.0034331635498933877,0.015177748960633746,0.4134509326923696,0.0,0.1734339553522252,0.030573338900293418,0.0,0.09072281148488348,24,13,0.5416666666666666,1,7256.559253076923,0.0,844.0492299999999,16.22230769230769,0.0,716.0746153846153
ef064fc3-4910-4a28-9e07-e1de72e41fbf,749.0,31.208333333333332,3790.624983333333,13490.25,18.333333333333332,0.017311526730806662,0.001355922203318275,0.003871662750031308,0.2877406366893301,0.24052051420192155,0.0,0.0,0.016274885023804333,24,16,0.6666666666666666,1,5685.937475,2434.15063125,2239.159375,0.0,0.0,191.74124999999998
ef1f4842-9e95-4abb-bff4-96d7a3d807e4,746.0,31.083333333333332,1505.1604166666666,13478.125,39.583333333333336,0.010432552440846324,0.0029778257288067046,0.019316450723124837,0.12889011542050166,0.02932252412159821,0.005050918911118667,0.007580630198831129,0.1065295748730151,24,15,0.625,1,2408.256666666667,400.5686646666667,118.40799999999999,13.067333333333332,19.612000000000002,773.3753333333334
ef1f5b1b-650e-42ab-ae68-dcc68ec83254,59.0,2.4583333333333335,125.99000000000001,1278.5416666666667,1.0,0.0016840666590134123,0.0012311079127183334,0.010016257845237913,0.20833333333333334,0.04419943690575095,0.03913389642758238,0.0,0.0,24,7,0.2916666666666667,1,431.9657142857142,416.3085714285714,5.967142857142858,9.69,0.0,0.0
ef467612-8127-485c-a11f-aa30dbdfacc4,633.0,26.375,6164.486249999999,18517.166666666668,70.5,0.014164253175657346,0.004357108502643154,0.0016874875744589332,0.48164589001402774,0.0022976761958001042,0.09845413562443261,0.0,0.08397814681047262,24,16,0.6666666666666666,1,9246.729374999999,6422.7225,27.556874999999998,1492.540005625,0.0,1298.514375
ef67a8a8-289e-4945-b18c-b2fe1c9b9e93,345.0,14.375,1756.4350000000002,6780.75,22.041666666666668,0.012366156402729124,0.003375666096402621,0.0036637715022926286,0.37609306330439335,0.09016974245140068,0.037068876047757514,0.011802368524615046,0.06468367668226682,24,15,0.625,1,2810.296,1691.1680000000001,377.02600000000007,205.57333306666666,40.726666400000006,278.9073353333333
ef8583d7-416c-4ab7-9595-e4b027bf8314,181.0,7.541666666666667,1527.8045875,5881.333333333333,15.583333333333334,0.013028722839685092,0.002902437120329292,0.013170212984648676,0.5096261298066157,0.0030450169756662086,0.05207617219039767,0.008719056630247225,0.05153362259597439,24,15,0.625,1,2444.4873399999997,1898.6473333333336,15.135333066666668,243.39333333333335,47.474666400000004,239.83666466666668
ef931735-5f44-483b-99e9-3989f5f51b0b,594.0,24.75,282.11875,10955.125,25.833333333333332,0.0030433531992399335,0.0023691852512053627,18.281545326133607,0.0,0.2549005117494993,0.025513859040061718,0.0,0.011230800605942774,24,12,0.5,1,564.2375,0.0,516.18,15.433333333333332,0.0,9.242499666666667
efa300f0-c4b6-4bc2-bbf8-21bbf42311c1,1487.0,61.958333333333336,2711.2704166666667,19993.0,45.5,0.006036383307925392,0.002456248744805971,0.0595733772635598,0.0,0.19712196664472995,0.4075292962586446,0.0,0.020004821019072454,24,15,0.625,1,4338.032666666668,0.0,1177.644,3114.8713333333335,0.0,42.77133333333334
efaadff1-3a91-4a45-aad8-ac063f93eac8,1093.0,45.541666666666664,779.38125,8809.458333333334,54.666666666666664,0.0031357401958305334,0.006380765045069796,0.4464404188686299,0.041666666666666664,0.2503134857264695,0.0,0.0,0.0828256432716842,24,10,0.4166666666666667,1,1870.515,99.94,1220.5610000000001,0.0,0.0,548.554
efb1d046-d15d-435f-a2ee-2fd243ad2ed3,278.0,11.583333333333334,3722.070833333333,11952.083333333334,6.875,0.015048274677513837,0.0005764807239074875,0.0022389800605361002,0.38182898576141416,0.001524471483084408,0.019963817751586357,0.06847189607175436,0.07543414705588221,24,16,0.6666666666666666,1,5583.10625,2469.3725,7.541875,221.400625,764.2368749999999,771.1693693750001
efbf3a2c-a4bf-4be8-95f1-5576fcdd158f,203.0,8.458333333333334,806.9745833333333,4252.208333333333,11.375,0.002540864450336879,0.0018373315729150084,0.012374158092091974,0.10976037688552243,0.006040941339353029,0.17586534844179122,0.0,0.008621766989868126,24,10,0.4166666666666667,1,1936.739,430.971,22.019,632.816,0.0,75.918
efc41a27-a7ac-4041-9a0c-2fe74e99a422,130.0,5.416666666666667,147.17916666666667,1635.0416666666667,8.708333333333334,0.0018188548406586624,0.006819902028628362,0.006573647503317816,0.0,0.20833333333333334,0.0,0.0,0.0,24,5,0.20833333333333334,1,706.46,0.0,706.46,0.0,0.0,0.0
f00f94df-69a8-4213-a6fb-15059c74852f,611.0,25.458333333333332,1526.1175000000003,8266.916666666666,16.083333333333332,0.01084355323615215,0.0020067471340101625,0.00850461154247228,0.1624082028645263,0.43473466095763785,0.0689575101158229,0.0,0.0,24,16,0.6666666666666666,1,2289.1762500000004,500.76812625,1573.965626875,212.98624999999998,0.0,0.0
f0207150-8400-4726-98ec-6aea5ec9eed5,949.0,39.541666666666664,6605.365083333333,30898.916666666668,98.125,0.012833580386739216,0.0031866941051862667,0.0027762341815540624,0.06857159276117197,0.1499454621230266,0.011511726780287628,0.008437762128959409,0.42378394133911296,24,16,0.6666666666666666,1,9908.047625,1176.47812625,2489.985770625,191.798125,125.606875,5864.14625
f02e7c62-763d-4e5e-8c5b-8bb7f1da83ee,289.0,12.041666666666666,1144.4875,8305.5,16.0,0.0021627957429360876,0.0029153475918477123,0.00023468488255820003,0.0,0.0,0.022175491943044436,0.0,0.1444911747236222,24,4,0.16666666666666666,1,6866.924999999999,0.0,0.0,1022.3375,0.0,5844.5875
f0596040-cdd6-49ed-8021-075d3cd2db89,658.0,27.416666666666668,822.92583775,1001.9583333333334,5.666666666666667,0.003923578496957496,0.00761428612748855,0.07994804194977245,0.0,0.16710602134233485,0.24699097369659095,0.0,0.0,24,14,0.5833333333333334,1,1410.7300075714286,0.0,121.51571469285714,839.6514285714286,0.0,0.0
f062abcc-2c07-4e0e-aa30-1f2ece9784a0,622.0,25.916666666666668,951.3687458333334,7546.041666666667,10.916666666666666,0.007570406702746912,0.0014033264770870208,0.1590238455414917,0.0,0.0866187331388329,0.0,0.0,0.29318681007326375,24,12,0.5,1,1902.7374916666668,0.0,28.742499999999996,0.0,0.0,1597.6574916666666
f097bcae-e93d-433a-87ed-235b1ac5223f,490.0,20.416666666666668,645.6250000000001,10801.375,28.958333333333332,0.005414038224866154,0.0027228539908684796,0.015995452345861267,0.0,0.28394566344724376,0.1612315582972892,0.0,0.011782176963801709,24,11,0.4583333333333333,1,1408.6363636363637,0.0,686.070909090909,709.6145454545455,0.0,6.765454545454546
f0ce1f92-bd00-4902-a3c0-62cf63ebb760,423.0,17.625,938.2170875000002,5811.25,19.375,0.0017898290944953583,0.0038025418190276252,0.12874961624682968,0.04303473215977379,0.07718210730548389,0.027159465545251057,0.0,0.01247648785798845,24,11,0.4583333333333333,1,2047.0191,612.0027272727273,244.84636363636363,54.46181818181819,0.0,108.00636363636363
f116d8a0-5135-4ac1-956b-1dd6bb8a4f26,253.0,10.541666666666666,669.9333333333333,4450.625,12.25,0.019504987642740494,0.002982607707492054,0.02750326407074427,0.16142685588663835,0.0861712737085581,0.019238179416676524,0.0,0.24933301944594768,24,14,0.5833333333333334,1,1148.457142857143,337.4621428571428,25.760714285714283,43.270714285714284,0.0,666.4071431428571
f12d81c4-8a7d-41e6-a88d-73f5a47203f1,1337.0,55.708333333333336,0.0,8310.25,3.9583333333333335,0.0,0.00039006668329600826,0.0,0.0,0.0,0.0,0.0,0.0,24,0,0.0,0,0.0,0.0,0.0,0.0,0.0,0.0
f12e0fce-7e60-4af8-8972-9f331ac743a4,130.0,5.416666666666667,1083.5237458333334,8688.333333333334,12.208333333333334,0.027600233440126663,0.001854676484481279,0.003672109107875079,0.4549851653215307,0.07692785326262117,0.032302439105697946,0.0,0.0021657619718052916,24,16,0.6666666666666666,1,1625.2856187500001,923.465,74.439375625,16.518125,0.0,6.52999975
f13d593d-0f95-47d4-96ec-63c57affefe7,185.0,7.708333333333333,1552.5645845833333,6165.291666666667,19.625,0.025987087208209327,0.003426584086769212,0.003825725193881108,0.5517657925375143,0.0,0.0244002026967217,0.002662284452045033,0.08783838634709103,24,16,0.6666666666666666,1,2328.846876875,1471.5068768750002,0.0,191.631875,3.73625,661.97186875
f14c1f6c-9fda-4122-b224-16ad7067eb0e,178.0,7.416666666666667,1314.5308345833334,1704.875,4.541666666666667,0.006785546311988359,0.005046570813112346,0.0011427757141501541,0.19989314240583597,0.04287099671866773,0.010448442343350512,0.0,0.08892050217997856,24,9,0.375,1,3505.415558888889,1881.8766666666666,533.0777777777779,151.07999999999998,0.0,651.6011
f1597648-4396-462c-b065-b244cd3c6fc1,773.0,32.208333333333336,4966.35625,22722.75,28.166666666666668,0.011219829103724833,0.0012551817754617959,0.003953330426137308,0.41065623439978943,0.11870843670227278,0.06860497515816744,0.0,0.06731723765193813,24,16,0.6666666666666666,1,7449.534374999999,4573.82,1295.825625,830.7987499999999,0.0,728.675
f17d91bb-d8b7-41a9-a9c0-047cd2f056b0,90.0,3.75,4652.90875,24922.791666666668,15.625,0.019011012832060154,0.0006378248737388667,0.000354716387837025,0.3353239964716071,0.061610053415415526,0.007028473173984487,0.0,0.24841282980596477,24,16,0.6666666666666666,1,6979.363125,3383.824375,696.51999375,58.56,0.0,2745.286875
f1c5cd4b-eb70-4446-81d6-da79d25da922,105.0,4.375,73.20166666666667,2153.7916666666665,4.5,0.0023554514007332003,0.0023293672059202792,0.011662203451536611,0.0,0.20833333333333334,0.0,0.0,0.0,24,5,0.20833333333333334,1,351.368,0.0,351.368,0.0,0.0,0.0
f1d2f8c2-72bd-4793-bb79-160ff4c4a9a1,299.0,12.458333333333334,1706.8341666666668,8527.875,22.791666666666668,0.029898774447995647,0.0030208435434530083,0.0038455403016671706,0.6424998258886229,0.008737554434711537,0.004255233657634596,0.0,0.01113672072792024,24,16,0.6666666666666666,1,2560.2512500000003,2494.7512500000003,31.1975,14.164375,0.0,19.93625
f1d9f4f3-5166-40b9-b17f-6c8d159e310d,298.0,12.416666666666666,437.66041791666663,8709.0,15.5,0.005406912694320092,0.002047838970698375,0.010844137137150033,0.0,0.4583333333333333,0.0,0.0,0.0,24,11,0.4583333333333333,1,954.8954572727274,0.0,954.8954572727274,0.0,0.0,0.0
f1f5260c-de95-45cf-aa0b-d558a69acb2b,378.0,15.75,137.91291662083333,3128.1666666666665,15.25,0.002387774670455163,0.004944936610067541,0.5541981356855229,0.0,0.29163912013549387,0.0,0.0,0.0,24,8,0.3333333333333333,1,413.7387498625,0.0,413.483746125,0.0,0.0,0.0
f23e9091-4f34-4754-8f07-b9939de51a41,244.0,10.166666666666666,436.74666666666667,2279.6666666666665,4.5,0.005487150868855717,0.0020295788975115167,0.04483216826187437,0.3730191276167833,0.12683437333462066,0.0,0.0,0.0,24,12,0.5,1,873.4933333333332,844.8533166666667,28.18416666666667,0.0,0.0,0.0
f249d992-4d67-43c6-848b-bd868309e680,1217.0,50.708333333333336,2406.151679166667,18783.708333333332,63.416666666666664,0.005005364837800504,0.004420312815381433,0.054790879626498534,0.0,0.398657614078959,0.0,0.0,0.18367224098857846,24,14,0.5833333333333334,1,4124.831450000001,0.0,2687.8828500000004,0.0,0.0,1427.3092857142858
f25ff6cb-43cc-4531-b912-ab27ce892dc6,438.0,18.25,4451.911270833334,10585.708333333334,25.833333333333332,0.0070736497583502285,0.002488018425374696,0.0021432766470574206,0.2190764162019293,0.11511564893261139,0.05575942143683619,0.0,0.19180988722810946,24,14,0.5833333333333334,1,7631.847892857143,2905.811428571428,1298.0750214285713,877.2192857142857,0.0,2528.8714214285715
f2821762-53a2-4902-9204-7e494864f375,105.0,4.375,77.78500041666666,1288.7916666666667,3.5,0.0030031285665622627,0.003676759925618129,0.0029676784396464,0.0,0.14193578894332984,0.03703795151371495,0.0,0.029359592711682744,24,5,0.20833333333333334,1,373.368002,0.0,306.4520018,45.001999999999995,0.0,21.913999999999998
f28ff062-251a-4133-ad10-516b648afab2,403.0,16.791666666666668,2309.0304,7529.708333333333,7.125,0.01221958947084593,0.0009582065569498458,0.0037738002205304918,0.2536756844963481,0.2117800587986766,0.0,0.0,0.20079747284440685,24,16,0.6666666666666666,1,3463.5456000000004,999.32598125,1308.1798125,0.0,0.0,1153.29225
f2afe916-d16d-44c5-9903-e62b522ddf00,1305.0,54.375,28221.449583333335,45624.0,54.833333333333336,0.021327968977323978,0.001234371507259025,0.0009221029622523458,0.516939527618904,0.04672716586805024,0.0065406752586467136,0.0,0.09189048719300308,24,16,0.6666666666666666,1,42332.174375,32986.213125,2941.109375,405.105,0.0,5724.530624999999
f2c57fed-6c27-434d-8960-61db85d0fd41,4271.0,177.95833333333334,17378.4525,3380.125,156.04166666666666,0.01145543456748673,0.050593159568422835,0.013235227805515384,0.13734308314973928,0.051422284532017686,0.0002669791182187875,0.0,0.43563149307015187,24,15,0.625,1,27805.523999999998,9115.503266666667,1376.2966666666666,14.924666666666667,0.0,17289.178666666667
f2e56ad7-149c-457e-99bb-265e7ec116c4,396.0,16.5,860.0941666666668,5496.916666666667,5.708333333333333,0.004174639573336413,0.0010953613395078751,1.746222763334505,0.041666666666666664,0.16229809783261165,0.37822171585793446,0.0,0.042648250468882515,24,15,0.625,1,1376.1506666666667,255.03333333333333,60.59666666666667,919.4866666666668,0.0,140.64399999999998
f30375b8-5bb5-48e0-a50d-590d6e3009b3,3007.0,125.29166666666667,18947.674166666668,36085.166666666664,164.20833333333334,0.012097982579427083,0.004650823260472062,0.0038248673645163663,0.30472163824360093,0.19490071523540595,0.06655663727016466,0.0025636657566144166,0.06574386776267806,24,16,0.6666666666666666,1,28421.511250000003,13418.809375,7889.116906249999,2787.72561875,107.11812499999999,3074.991875
f31db753-f0d7-4910-b413-165d3391c787,290.0,12.083333333333334,728.7916708333333,2454.0833333333335,9.416666666666666,0.014619625475941622,0.004261782592900167,0.62519015966071,0.3309467805327135,0.16832618229898635,0.0,0.0,0.0,24,15,0.625,1,1166.0666733333333,1036.6033333333332,73.736,0.0,0.0,0.0
f38f3cf3-0ba5-4f01-b167-5c47e13c9dc2,386.0,16.083333333333332,1496.8787501250001,7754.583333333333,9.25,0.002922203100534796,0.0012694880461161708,0.370951097914003,0.0,0.35626629270376226,0.013647452378169922,0.0,0.005084034620825237,24,14,0.5833333333333334,1,2566.077857357143,0.0,2260.69,16.015714285714285,0.0,6.058571428571428
f39e1204-2da3-4f57-9f09-4ed5fbf1eaee,474.0,19.75,6041.87125,17638.666666666668,24.166666666666668,0.008879138840663433,0.0015128729388642834,0.001542789079809546,0.43595762834683116,0.028168035456818327,0.038591905276515744,0.0,0.16340779180672843,24,16,0.6666666666666666,1,9062.806875,5823.760625,389.506875,472.379376875,0.0,2368.319375
f3a7e68f-3c05-4bce-9007-142def03d224,298.0,12.416666666666666,485.68666691666675,1801.7083333333333,4.25,0.00508891878896015,0.0024400561660327916,0.026423589423019145,0.3743245349691649,0.0840087983641684,0.0,0.0,0.0,24,11,0.4583333333333333,1,1059.6800005454545,1046.3800005454545,13.299999999999999,0.0,0.0,0.0
f3b627ef-122b-4ec5-8ad1-9df54b5d4046,46.0,1.9166666666666667,17.724583333333335,1140.875,2.2916666666666665,0.002730166799821746,0.0023064796038157627,0.006402943546953009,0.0,0.08333333333333333,0.08333333333333333,0.0,0.0,24,4,0.16666666666666666,1,106.34750000000001,0.0,54.9425,51.405,0.0,0.0
f3dd55aa-e7cf-4ae6-9ea0-bcc56aa39b04,1929.0,80.375,21453.089999999997,29051.25,96.0,0.011632114683397697,0.0034869284810542835,0.0016779981849498586,0.5184594889204216,0.06397799205039435,0.0016867966877686334,0.0,0.07936353604260374,24,16,0.6666666666666666,1,32179.634999999995,24758.2044375,3163.2512312500003,83.56375,0.0,4009.88250625
f3df9ac9-230a-4007-8d5b-a3b3059a9a38,1493.0,62.208333333333336,3672.0175,15546.125,58.291666666666664,0.0059114816811414546,0.0037269764804902833,0.02149578632180664,0.061758855650788556,0.42431755406404,0.12048429816581803,0.021999004535261515,0.03222471603250302,24,16,0.6666666666666666,1,5508.02625,932.365,3866.55125,564.52,19.1375,46.26374875
f40b7947-a918-472c-a622-fdd843358462,456.0,19.0,3883.415833333333,6829.458333333333,15.041666666666666,0.020835863035476396,0.002267080013984175,0.0022333491574268835,0.536100100617846,0.047760265443978135,0.0,0.0,0.0716100351089784,24,16,0.6666666666666666,1,5825.12375,4603.141250000001,434.68874999999997,0.0,0.0,681.3125
f4307ea3-e5b7-4c50-ba72-991774cf5207,255.0,10.625,393.44708458333326,3465.9583333333335,3.3333333333333335,0.0011119934912256874,0.0009575406204865667,0.024850306043353237,0.2916666666666667,0.08333333333333333,0.0,0.0,0.0,24,9,0.375,1,1049.1922255555555,1033.355558888889,15.836666666666666,0.0,0.0,0.0
f4432530-93d3-44e5-a599-9be5f4299d26,1083.0,45.125,817.86291725,19106.25,58.625,0.009278503603756438,0.0030950052706076293,1.2024454759981003,0.0,0.2029303460906489,0.0,0.0,0.06525113166380526,24,14,0.5833333333333334,1,1402.0507152857142,0.0,142.13928673571428,0.0,0.0,392.21714285714285
f44383c6-1958-437e-99ad-546359c4877f,406.0,16.916666666666668,1939.0783333333331,3121.7916666666665,9.666666666666666,0.009523316171029738,0.0036350422857515294,0.02056897664251195,0.11954261978181614,0.07636381784868433,0.03156565656565657,0.0,0.4061738101960728,24,16,0.6666666666666666,1,2908.6175,1006.03125,29.574375125,9.328125,0.0,1606.446875
f45a2eff-5e15-4449-b8ee-4ed181b94079,38.0,1.5833333333333333,49.079583333333325,706.5416666666666,1.375,0.0028126388779203086,0.0019341683579208833,0.0027160286199799585,0.0,0.15262160320299856,0.08333333333333333,0.0,0.014045063463668113,24,6,0.25,1,196.31833333333336,0.0,149.72833333333332,39.995,0.0,6.595
f46d2435-3fed-403f-bb3a-bb151da3e6f0,184.0,7.666666666666667,1004.6220845833333,1526.125,3.7916666666666665,0.028938474518024504,0.0025798055550076125,0.003839941709666004,0.4698219911707502,0.005441071396519674,0.0,0.0,0.19140360255793074,24,16,0.6666666666666666,1,1506.933126875,926.96375,9.049375,0.0,0.0,570.9199995625
f504a52a-8604-4610-af1a-c7195bdb682b,222.0,9.25,1099.3683333333333,2941.9583333333335,4.708333333333333,0.03333333333333333,0.001799314908321121,0.01477744802291643,0.3964899877406313,0.0021489017236828163,0.0,0.0,0.08232218792786482,24,16,0.6666666666666666,1,1649.0525,926.4512500000001,4.9775,0.0,0.0,142.46562500000002
f52c476c-cb35-4ec0-ae10-fde50c42e360,808.0,33.666666666666664,2243.934583333333,11232.458333333334,31.5,0.0031207091850766707,0.0029049626520657418,0.4637206055976926,0.14276004517058882,0.28945888629690214,0.01504269329270985,0.0,0.0102994250702925,24,15,0.625,1,3590.295333333334,1231.0266666666669,2316.32,14.535333333333334,0.0,6.544666666666667
f52e1829-825e-448c-ba5e-68dd4555a1d2,739.0,30.791666666666668,1379.6916666666666,13515.375,37.875,0.0017475513390404708,0.003161944218805992,0.0006639387390528292,0.0,0.0,0.021904127941968946,0.0,0.14476253872469771,24,4,0.16666666666666666,1,8278.15,0.0,0.0,1203.2024999999999,0.0,7074.9475
f52ed671-fdc0-44a1-bf29-61b2b4a72c09,72.0,3.0,730.3487500000001,3485.25,1.8333333333333333,0.008418781016889832,0.0006689280097554251,0.012863634824361841,0.17592465959775558,0.18427805192007116,0.0,0.01479728848217327,0.0,24,9,0.375,1,1947.5966666666666,964.9366666666667,890.9333333333333,0.0,91.72666666666666,0.0
f5424104-6011-4d88-ab40-df7de9bc5461,133.0,5.541666666666667,918.0525000000001,3162.2083333333335,3.9583333333333335,0.016663478490550315,0.0012842435312062958,0.0026500842047056123,0.25456285665593464,0.3436764864823905,0.06624818344963244,0.0,0.0021791412332087916,24,16,0.6666666666666666,1,1377.0787500000001,502.263125,683.002501875,187.56125000000003,0.0,4.251875
f54b0afa-a0c5-45f2-835a-3f1ba48ba16d,859.0,35.791666666666664,5424.962512499999,13297.25,43.125,0.007716101827549871,0.0032536744141918746,0.0024579179372124,0.15775741196511375,0.22112777842468392,0.006564228354946604,0.0,0.1652571446814739,24,14,0.5833333333333334,1,9299.935735714285,2589.567142857143,3480.781428571428,104.96000000000001,0.0,2678.4142928571423
f54cec06-ea74-4407-952f-99e6b0eb8d6f,1753.0,73.04166666666667,5114.49125,26584.416666666668,70.95833333333333,0.011697859519359652,0.002771015491376342,0.016011967692591878,0.4519373914940661,0.04741992671102657,0.04656692829484086,0.0012995950588127962,0.04647432105347196,24,16,0.6666666666666666,1,7671.7368750000005,5632.58065625,250.868125,317.3425003125,20.5575,359.60750625
f5531c07-8077-4ee4-b45e-395ef9872100,57.0,2.375,0.0,3833.0833333333335,7.416666666666667,0.0,0.00198172767645045,0.0,0.0,0.0,0.0,0.0,0.0,24,0,0.0,0,0.0,0.0,0.0,0.0,0.0,0.0
f55b4b5e-26fa-444b-870e-5f5435a4069d,110.0,4.583333333333333,860.8441666666666,3801.6666666666665,7.0,0.008454121114971706,0.0018168726680484251,0.3955022058155924,0.09157972520521836,0.1686462939736566,0.041666666666666664,0.0,0.1564406474877917,24,11,0.4583333333333333,1,1878.2054545454544,601.4963636363636,311.6172727272728,15.17090909090909,0.0,949.920909090909
f58c91e0-7d08-4c28-87d8-248f8e0a105d,1714.0,71.41666666666667,10638.848333333333,30407.333333333332,156.83333333333334,0.016002685898821777,0.005084414415032401,0.0028994880227559707,0.34351878007966885,0.06111317265848554,0.005656542392626945,0.0046988795246572295,0.1436431852531528,24,16,0.6666666666666666,1,15958.272500000001,7854.48,1504.9712499999998,150.604375,115.31125,3801.830625
f591af86-a953-4d0f-b406-7e8b9c3e74cc,1022.0,42.583333333333336,4585.46875,16088.833333333334,43.375,0.016000665018317695,0.0034128186885421957,0.008798111553401404,0.36462935627967735,0.09935133372887757,0.03919235648138574,0.0023299210131786014,0.15749949558157145,24,16,0.6666666666666666,1,6878.203125,3700.415,1279.1718749375,428.6549999999999,23.016875000000002,1441.905625
f59c7e66-40f1-4915-a4a9-296f65e1c8df,102.0,4.25,0.0,11182.791666666666,9.333333333333334,0.0,0.0009894906950133917,0.0,0.0,0.0,0.0,0.0,0.0,24,0,0.0,0,0.0,0.0,0.0,0.0,0.0,0.0
f59f33fb-f1ce-42be-8566-2b2d3f94ce51,157.0,6.541666666666667,109.75124999999998,11737.625,12.458333333333334,0.003259506698797545,0.0010612937268039834,0.00908672967474128,0.0,0.20833333333333334,0.0,0.0,0.0,24,5,0.20833333333333334,1,526.806,0.0,526.806,0.0,0.0,0.0
f5bd9187-b401-451a-91fe-823464a694a9,128.0,5.333333333333333,451.77374833333334,1052.5833333333333,6.666666666666667,0.003243396424371862,0.00648677811939542,0.0031882381152656624,0.0,0.2240737387370392,0.0,0.1509262612629608,0.0,24,9,0.375,1,1204.7299955555557,0.0,526.0411077777777,0.0,678.6888877777778,0.0
f5bf358d-dd49-460a-8f3c-23b7e9dfa60d,336.0,14.0,1178.3495875,7081.916666666667,14.625,0.009700851477358137,0.002080163630177475,0.016856080843716665,0.09253146056714612,0.19392152127501774,0.0,0.0,0.2796229933925854,24,14,0.5833333333333334,1,2020.027864285714,455.82071428571425,564.7857142857143,0.0,0.0,884.0328571428573
f5d55efb-81d6-4ee5-8c08-d2324b4a9f3d,1493.0,62.208333333333336,8779.999583333332,13627.625,19.75,0.01704967041828215,0.0015364876025015003,0.003225295049153984,0.5731526681209748,0.0024573337495563835,0.00283372751178545,0.0,0.08594039840758168,24,16,0.6666666666666666,1,13169.999375,11199.79375,45.3106250625,53.34375,0.0,1827.5749999999998
f5fa6199-916d-4089-b57f-4a3dd0f50fb9,636.0,26.5,4783.90625,15177.125,36.708333333333336,0.01863193250728891,0.002666245398784021,0.005731164427735432,0.3568634129827726,0.11281779037805861,0.002863090594516992,0.0,0.11565568298348095,24,16,0.6666666666666666,1,7175.859375,3637.73063125,1087.936248125,25.715625250000002,0.0,1274.4606275
f608d4e5-1363-47dd-b5be-56828384343b,178.0,7.416666666666667,241.13958458333332,1618.0416666666667,5.416666666666667,0.006290710727531634,0.0033561870951557917,0.04193962350055875,0.0,0.125,0.0,0.0,0.3333333333333333,24,11,0.4583333333333333,1,526.1227299999999,0.0,22.820909090909087,0.0,0.0,503.30182090909096
f60a061a-1c3c-4c50-80ca-7a01f8cbe6e6,1125.0,46.875,7741.045000000001,29141.25,39.375,0.01768967446984598,0.0013591529145382043,0.0027211526327444216,0.28951387550001456,0.12411193018541312,0.060794625834496435,0.0,0.1916145147220579,24,16,0.6666666666666666,1,11611.567500000001,4700.01125,2084.9775,996.2349999999999,0.0,3819.1837499999997
f62a202d-5d47-435b-84b5-d285ab928716,477.0,19.875,2951.7845833333336,6440.416666666667,12.916666666666666,0.010554394091683595,0.0019865617933103375,0.003407073560718546,0.29283676980523676,0.09986828973786294,0.0137541948744329,0.0,0.24204516512100238,24,16,0.6666666666666666,1,4427.676875,1858.62375625,620.679375,86.875625,0.0,1738.1599999999999
f64933cf-a150-414f-946b-0b2ee037ad76,437.0,18.208333333333332,1035.1454166666667,4761.208333333333,7.5,0.016947441180190592,0.0015742779030701627,0.019341747034333036,0.0,0.15451590103152546,0.05744980637549394,0.02561846503356517,0.3763875332688957,24,16,0.6666666666666666,1,1552.718125,0.0,334.631875,64.413125,13.7575,918.0199980625
f650a6f5-8857-4b6a-a860-33e76bfe0276,357.0,14.875,2831.5537499999996,4470.25,11.583333333333334,0.007359224874230709,0.0015309539077069084,0.002747937934196925,0.2322226573580165,0.08603885085187986,0.0,0.0,0.139655039104475,24,11,0.4583333333333333,1,6177.935454545455,2803.0627272727274,1093.5290909090907,0.0,0.0,2278.4591
f66e5e2c-e713-4940-b3e7-c6ba211bde45,354.0,14.75,2782.549166666666,19328.958333333332,39.708333333333336,0.024792898326674005,0.002188852727715646,0.002353481101397175,0.43572596604967045,0.03955849138958911,0.007442746904637521,0.0,0.10055845193389627,24,14,0.5833333333333334,1,4770.084285714285,3611.8235785714287,242.93214285714288,73.64785714285713,0.0,841.3792857142856
f67bf6d5-006d-4aa6-b252-1c587a95aaa5,143.0,5.958333333333333,2487.1749999999997,21647.583333333332,44.166666666666664,0.003331245387095521,0.0021339225498772916,0.0008881854934938499,0.4098335175057956,0.0076003272371562465,0.0,0.0,0.0,24,11,0.4583333333333333,1,5426.563636363636,4834.636363636364,20.514545454545456,0.0,0.0,0.0
f68e03c8-3006-4c5f-b18c-48f18716a2c1,169.0,7.041666666666667,160.5558333333333,812.7916666666666,2.2916666666666665,0.0031934919370835077,0.003629369280197279,0.007532010752010508,0.0,0.2916666666666667,0.0,0.0,0.0,24,7,0.2916666666666667,1,550.4771428571428,0.0,550.4771428571428,0.0,0.0,0.0
f6b0ebfc-a600-447c-9e2a-00dddab40cb9,1059.0,44.125,14087.049166666666,36581.416666666664,51.125,0.012174832545733769,0.0014579378002702126,0.001322097837296225,0.5113003175916856,0.0023453051151299913,0.05912071462602187,0.0007642547638439376,0.0914535880227042,24,16,0.6666666666666666,1,21130.57375,15944.769375,56.93312375000001,1972.116251875,18.65625,3086.15064375
f6c25fe0-f469-4795-8d82-20b8344069f6,1757.0,73.20833333333333,8804.989583333334,36279.541666666664,65.08333333333333,0.01408982195591644,0.0018141279748987206,0.014836895218301937,0.27369258846286976,0.12625776199221408,0.0,0.0,0.2662477561797425,24,16,0.6666666666666666,1,13207.484375,6078.088125,879.336873125,0.0,0.0,6239.108125000001
f6c31dc0-d7b3-4474-9df7-cf1cf6933226,1162.0,48.416666666666664,1625.9883333333335,15362.458333333334,59.458333333333336,0.004678664794721142,0.004577167164426971,4.483489786661001,0.0,0.11718488067632393,0.16552157143957155,0.0,0.08386753794975332,24,13,0.5416666666666666,1,3001.824615384616,0.0,714.7853869230769,1257.1323076923077,0.0,481.12153846153836
f6de2f35-5eb0-4a26-bd08-7f9dea128dda,532.0,22.166666666666668,5476.78875,19963.916666666668,24.916666666666668,0.014307563060758333,0.001358664889667362,0.0017751480284787086,0.28047101094687593,0.26969076329374425,0.0013833173883433041,0.001405445314710721,0.1086426936853,24,16,0.6666666666666666,1,8215.183125,3459.0337499999996,3328.0650000000005,23.595625,23.998125,1301.260625
f71754be-76bc-454e-af82-847f31f88e18,1348.0,56.166666666666664,16400.284583333334,40835.208333333336,57.666666666666664,0.01786449202349312,0.0014600640139163165,0.0017345737592694207,0.4299592540733614,0.07415020246765072,0.0034543371157249197,0.001606393149447479,0.060303256532731525,24,16,0.6666666666666666,1,24600.426875,14321.192500000001,3316.76187625,78.41375000000001,50.455,2392.895625
f739b1f5-7887-4ff1-ada0-0342d5331aa4,201.0,8.375,1922.3458375,7078.083333333333,5.125,0.012450924009308188,0.0007839976297403958,0.0020456858349243165,0.36010302375052,0.16280136988546473,0.025644743733783115,0.0,0.11811752814640401,24,16,0.6666666666666666,1,2883.51875625,1517.3025,678.7737500000001,129.73875,0.0,557.70375
f753ec1d-7c18-445a-b23c-7ca5850f8c3b,1339.0,55.791666666666664,1978.7321008333336,14079.291666666666,25.791666666666668,0.008441211761547216,0.0036033964434543327,0.07806580647795462,0.0,0.28687942280687423,0.24735108033605516,0.0,0.006967368828346646,24,13,0.5416666666666666,1,3653.0438784615376,0.0,1453.5215477692311,2120.523846153846,0.0,77.10769461538462
f76528be-e479-4925-bb07-c892dd4d4722,175.0,7.291666666666667,1916.2620833333333,6029.166666666667,7.291666666666667,0.01805430654919214,0.0012736910441405126,0.0017308200873466584,0.5085675189308265,0.06094803268899979,0.022472034094211845,0.0,0.0746790808969277,24,16,0.6666666666666666,1,2874.393125,2173.7893750000003,267.26625,95.85312475,0.0,337.484375
f777e080-a770-4f30-9b31-b4519b43bb56,265.0,11.041666666666666,1147.60375,7495.583333333333,24.333333333333332,0.011719520396677523,0.0032624554046278794,0.00859395807889597,0.19627719178716738,0.08762185841214586,0.0,0.0,0.254452709200696,24,13,0.5416666666666666,1,2118.653076923077,1375.3846153846155,50.878461538461536,0.0,0.0,679.5699999999999
f77d97e8-851f-4024-8b57-dd0e9926a5f9,372.0,15.5,1705.855833333333,5177.375,10.083333333333334,0.03333333333333333,0.0019556670938681376,0.0043324196062115294,0.6150495292046937,0.0034766370894815583,0.0,0.0,0.0480131508274296,24,16,0.6666666666666666,1,2558.7837499999996,2314.46625,13.419374999999999,0.0,0.0,230.45499999999998
f79b60d6-6440-49f2-8024-c59bafb5f93e,1609.0,67.04166666666667,19819.315,34547.5,117.91666666666667,0.013840959967621025,0.003373092956581158,0.0013914231199339125,0.37983985670541637,0.09472656302904141,0.04356181374168224,0.0,0.05819347094939371,24,16,0.6666666666666666,1,29728.9725,15764.8875625,3930.9224999999997,2027.155625,0.0,2325.4143750000003
f7c513ba-bf5c-4a34-a015-56d2c1923801,119.0,4.958333333333333,145.35166625,1649.9583333333333,2.6666666666666665,0.0031694718556009582,0.0015704034023477497,0.00860193456024034,0.0,0.14870350340712746,0.1297749055384559,0.0,0.006786248804929445,24,9,0.375,1,387.60444333333334,0.0,174.21666666666667,118.21555555555554,0.0,12.05111111111111
f7c8333f-fb51-49c9-8f89-5b43e9ace4be,311.0,12.958333333333334,3043.1949999999997,5345.416666666667,19.375,0.009106968249799854,0.0035019984869916958,0.003388759387696371,0.08136160609888395,0.2457735586160387,0.0,0.0,0.01566737123888973,24,16,0.6666666666666666,1,4564.7925,762.1231250000001,2340.432498125,0.0,0.0,140.7293750625
f7c85e9b-a418-4fba-85d8-6f6746778351,223.0,9.291666666666666,15949.383333333331,7156.833333333333,28.625,0.006735405058318084,0.09297868650970814,0.1072524589853004,0.11052089498462277,0.06643721584113856,0.2054163685898456,0.0,0.1071848597595698,24,13,0.5416666666666666,1,29445.015384615377,2180.0215384615385,868.3669230769231,673.3700000000001,0.0,25671.030769230772
f7de3fa1-bdf2-473b-a679-2bbd49fdac0c,588.0,24.5,3296.157916666667,12283.416666666666,23.166666666666668,0.0156610764273417,0.002200432310585679,0.004377372662768992,0.43084182175254054,0.16119311397362268,0.07422493364044945,0.0,0.0,24,16,0.6666666666666666,1,4944.2368750000005,3016.6875,1032.0587500000001,891.3125,0.0,0.0
f7fe0292-9646-4e0a-a858-c7e5d94b513d,725.0,30.208333333333332,675.0166666666667,14389.708333333334,50.458333333333336,0.0068276328381872324,0.0035504634740998876,0.023248498185575214,0.0,0.20288501962331731,0.0,0.0,0.1421064625923729,24,10,0.4166666666666667,1,1620.04,0.0,224.10299999999998,0.0,0.0,1101.213
f8032fcf-cee5-4f1c-9902-486b99a258dd,154.0,6.416666666666667,569.4691666666666,2459.9166666666665,2.875,0.00240538539311125,0.0027086243438820003,0.00021831915968873331,0.0,0.0,0.0488033696088439,0.0,0.1178632979486558,24,4,0.16666666666666666,1,3416.815,0.0,0.0,1070.0,0.0,2346.815025
f81f74fb-bcb6-41df-bbe2-433a7bf7ecaa,965.0,40.208333333333336,16411.259583333333,29396.125,55.041666666666664,0.012872542146827738,0.0021039915526020834,0.0012318939582925583,0.3622710509105877,0.14377499062750432,0.08086891665001679,0.0,0.017168156727228885,24,16,0.6666666666666666,1,24616.889375,12976.781875,5495.046875,2868.87499875,0.0,610.113125125
f821bc67-d580-49ed-9b78-a0eebb7288d8,271.0,11.291666666666666,269.54375,3723.0,6.083333333333333,0.003893448978490821,0.0017742559941863623,0.11998731641171263,0.16652398491313933,0.2307691644904124,0.014155679394779033,0.0,0.004843489117191375,24,10,0.4166666666666667,1,646.905,479.494,137.2979998,21.825,0.0,7.728
f8486fa2-d5a2-4328-84e0-e74de00f5447,341.0,14.208333333333334,6276.227916666668,9698.125,33.25,0.02127586782480934,0.0025767218785880002,0.0013194461551482041,0.4913885610649762,0.016360358899061515,0.004187955504614333,0.02841444070475981,0.0,24,15,0.625,1,10041.964666666667,8515.484666666667,228.408,61.589333333333336,531.3746666666666,0.0
f86ca298-a982-44f8-b9b3-d0385d39bea9,144.0,6.0,2827.494166666667,8480.25,5.125,0.005885441950553513,0.0006178982905709541,0.0008813406538479542,0.4330933152455551,0.059393699324508144,0.16078358592828604,0.0,0.0,24,16,0.6666666666666666,1,4241.24125,2635.01375,512.3612499999999,957.176248125,0.0,0.0
f8943294-7651-4b14-8a9c-59bf46b63289,687.0,28.625,2069.4491624999996,11400.083333333334,48.5,0.010054070263229409,0.004333031947337917,0.45183385563183753,0.5364340380399154,0.005205484135084317,0.0,0.0,0.0,24,14,0.5833333333333334,1,3547.6271357142864,3503.938564285715,43.30214285714285,0.0,0.0,0.0
f8973925-bcba-4244-9cc2-2d5fd93cd1ea,445.0,18.541666666666668,481.3812504166667,8858.5,27.708333333333332,0.005122975212543512,0.003177199265151346,0.08290794236611246,0.0,0.3331630809428508,0.0,0.0,0.0,24,13,0.5416666666666666,1,888.703846923077,0.0,484.0907696153846,0.0,0.0,0.0
f8e1c957-711b-49f3-a6aa-6398ec5e1c56,2370.0,98.75,20458.30833333333,37173.666666666664,52.458333333333336,0.01605894327146813,0.0014533234274454708,0.001972765786674,0.4796540561131359,0.11504655758231393,0.014821385715173108,0.0,0.04991009649918804,24,16,0.6666666666666666,1,30687.462499999998,21905.675625000003,5327.456875,649.7650000000001,0.0,2439.1050175
f8fe3585-0152-4d6f-8a2a-87b3ca9cc41e,622.0,25.916666666666668,908.2374999999998,16291.666666666666,29.958333333333332,0.008807801172790137,0.0018844196464863168,0.16539530739776184,0.0,0.4562781634956739,0.07086100413177422,0.0,0.012040906401170913,24,14,0.5833333333333334,1,1556.9785714285715,0.0,1464.112857142857,54.10642857142857,0.0,27.762142857142855
f90c6f0e-185a-45bf-92c3-15df86fc924f,112.0,4.666666666666667,2535.0904166666664,4638.583333333333,13.5,0.020088278451707388,0.0031332996871832,0.0009758577698309041,0.30280869585205367,0.09008476712811875,0.0,0.0,0.0,24,16,0.6666666666666666,1,3802.635625,1858.76125,446.23875687500004,0.0,0.0,0.0
f913cdd0-2652-480d-b331-9104cddc38f4,106.0,4.416666666666667,83.47166666666668,1131.5833333333333,3.3333333333333335,0.006099584655736259,0.0028135284833283,0.015221665921490518,0.0,0.12685511172928046,0.0,0.0,0.05462017027140855,24,5,0.20833333333333334,1,400.66400000000004,0.0,35.988,0.0,0.0,268.222
f91948d3-87c2-4c56-bd76-6c79e96d36b1,533.0,22.208333333333332,8150.05375,17037.458333333332,50.416666666666664,0.01050570468501571,0.003327901043817496,0.0013090992277435707,0.38299217851342665,0.08283903259332959,0.08242200735399118,0.0,0.08894790035144218,24,16,0.6666666666666666,1,12225.080625,7228.560625,1541.253120625,1304.2425,0.0,1593.8325062499998
f93769d0-d287-4b81-baed-9694089b5ee4,2884.0,120.16666666666667,28557.68875,78480.20833333333,56.666666666666664,0.009092232266582883,0.0007921745319219,0.0019282202172234708,0.2955984545171381,0.005392186767642525,0.009088617871430183,0.0008090307432428876,0.30593132799389394,24,16,0.6666666666666666,1,42836.533125,18060.969375,318.32937368750004,443.21500000000003,39.241249999999994,19013.2025
f94e270c-2d53-4b3b-92b6-a2183eb0eb14,415.0,17.291666666666668,2730.420417083333,5612.083333333333,7.708333333333333,0.011601954778647458,0.0018142714551087084,0.1814068864998132,0.17949495133329388,0.16706206844680785,0.1330394024494526,0.0,0.012894797872768668,24,15,0.625,1,4368.672667333333,1706.8026666666667,1468.277333333333,51.034,0.0,55.52333333333334
f95015de-4c39-414e-989b-5d3dde2365b2,1693.0,70.54166666666667,7004.175416666666,25953.125,70.58333333333333,0.015528194602297664,0.0038234796764763206,0.005271097821069858,0.4597268065754978,0.05717891452087811,0.028707443293286446,0.0,0.12102128683019318,24,16,0.6666666666666666,1,10506.263125,6894.0599999999995,1158.4918750000002,770.60125,0.0,1682.2237499999999
f955397d-e953-4bab-bbe5-3f338f0235bd,633.0,26.375,1575.2879125,22125.916666666668,29.708333333333332,0.008213512561347662,0.001702397167787267,0.028312441149258894,0.005995428606888634,0.3968850766724059,0.12816448567258146,0.0,0.0,24,13,0.5416666666666666,1,2908.2238384615384,171.23076923076923,1806.283068461538,639.7446153846154,0.0,0.0
f956ba89-fa67-47d8-8c21-d31b14c6248e,933.0,38.875,2521.4279166666665,20056.333333333332,99.54166666666667,0.011087064783180625,0.005122972311908479,5.3378645464007946,0.02146556451186248,0.02072844438585431,0.011326479085855982,0.11118329350328478,0.2721784970221382,24,13,0.5416666666666666,1,4654.943846153846,295.213076923077,206.05076923076922,120.17692307692307,835.4715384615384,2460.189999230769
f99d1edb-8f11-4301-97c0-c18f6c6f81ec,1081.0,45.041666666666664,25863.57541666667,23055.666666666668,25.416666666666668,0.011198186023365147,0.0007672328367088916,0.001108223847684571,0.4130702709464664,0.08825668230572241,0.007771467356712675,0.020025082537479134,0.09498207411251595,24,15,0.625,1,41381.72066666666,27728.613999999998,5848.682000000001,366.8806666466666,1403.462,5974.194666666667
f9bc4d6a-92db-46f2-b5c7-cb14a9c79764,148.0,6.166666666666667,686.9212491666667,2462.875,7.458333333333333,0.0022569822778214206,0.003510307944374496,0.011040596126881616,0.0,0.2916666666666667,0.0,0.0,0.0,24,7,0.2916666666666667,1,2355.1585685714285,0.0,2355.1585685714285,0.0,0.0,0.0
fa595e25-765a-4995-b867-0d00832a5a29,391.0,16.291666666666668,1275.8195833333332,4954.75,29.666666666666668,0.02492039012948434,0.0059796858667010835,0.005041293849598976,0.35542934907816376,0.218079194645057,0.09315812162186476,0.0,0.0,24,16,0.6666666666666666,1,1913.729375,962.071248125,698.13375,253.52437375,0.0,0.0
faa9c6d5-517d-495d-a38b-f3fe60218318,274.0,11.416666666666666,963.1395833333332,6735.375,25.708333333333332,0.005695190049757551,0.001575936415966704,0.0033708776974912293,0.0,0.08574787052644067,0.0,0.0,0.205918796140226,24,7,0.2916666666666667,1,3302.192857142857,0.0,982.2742857142857,0.0,0.0,2319.9185714285713
faf47d19-bedb-4bf1-b1f4-ea42a8e10e47,370.0,15.416666666666666,1709.8087500000001,12894.541666666666,11.541666666666666,0.005789029254281112,0.0009171357268019292,0.012722929319064658,0.2539446943414592,0.10566171833648696,0.0,0.0,0.0016215478851671248,24,13,0.5416666666666666,1,3156.5699999999997,2027.7692307692307,102.65384615384613,0.0,0.0,3.4015384615384616
fb24cc79-3a20-4987-9b5b-c3577606105c,85.0,3.5416666666666665,0.0,3076.2083333333335,23.416666666666668,0.0,0.008305092919771233,0.0,0.0,0.0,0.0,0.0,0.0,24,0,0.0,0,0.0,0.0,0.0,0.0,0.0,0.0
fb377d45-c725-40c8-8c6a-645e86c82264,140.0,5.833333333333333,301.67791666666665,1355.1666666666667,2.75,0.0041743358599091165,0.0031646782701632583,0.012292250145856073,0.041666666666666664,0.04702035873169803,0.3696463079349686,0.0,0.0,24,11,0.4583333333333333,1,658.2063636363636,83.94545454545454,8.360909090909091,565.9,0.0,0.0
fb432d8f-0f76-4b47-af66-5ea31138e618,2775.0,115.625,9819.494583333333,32684.625,124.08333333333333,0.018285729867478704,0.004247111873332596,0.009288649036815174,0.18906477428215654,0.2014163433518843,0.0025130485211676,0.024117222888548447,0.10639000612471476,24,16,0.6666666666666666,1,14729.241875,3425.820625,5319.094999999999,14.43,645.61875,3263.16
fb6a9102-5517-42e0-9acc-4419c64cc403,4.0,0.16666666666666666,286.6791666666667,265.9583333333333,0.5416666666666666,0.0013007297335860875,8.486082824168334e-05,2.4223749933383335e-05,0.01905906476946257,0.0,0.0,0.0,0.02187713471796288,24,1,0.041666666666666664,1,6880.3,3147.17,0.0,0.0,0.0,3612.51
fc3645be-f613-4aa6-9acd-028d583ebe40,2766.0,115.25,16506.037083333333,38766.25,183.08333333333334,0.009337354677914909,0.0047762350546428165,0.0037038537292022333,0.34728257554345016,0.15025252324659386,0.05565827560294672,0.0,0.11180548620882252,24,16,0.6666666666666666,1,24759.055625,12264.576875,5653.134375,2218.925625,0.0,4559.269375
fc5911fd-78e1-4a4c-a92f-88da362769ec,1240.0,51.666666666666664,0.0,9027.916666666666,13.625,0.0,0.0015746083780937626,0.0,0.0,0.0,0.0,0.0,0.0,24,0,0.0,0,0.0,0.0,0.0,0.0,0.0,0.0
fc5b0434-7e1c-486a-a048-af6813a76df1,218.0,9.083333333333334,718.1708333333332,3522.625,8.5,0.00425304696123958,0.0024909696336892916,0.004001189455797129,0.16638600976275772,0.06708287007527253,0.11180981933763116,0.0,0.11305463386778043,24,11,0.4583333333333333,1,1566.9181818181817,313.2609109090909,324.4945456363637,209.56454545454545,0.0,719.5981727272726
fc7fc8c3-d5f6-48b8-b51b-90108844156d,1856.0,77.33333333333333,9635.234645833334,40091.75,64.75,0.020533997524535393,0.0015527067145768084,0.0036830358527499625,0.5027066463859814,0.16012174984472735,0.0008135354234266542,0.0,0.0026321839706120917,24,16,0.6666666666666666,1,14452.851968750001,10236.561906249999,4146.516250000001,14.144375,0.0,45.385625000000005
fcac7ab4-7727-44a3-a1d9-2ff42bfb6244,203.0,8.458333333333334,2051.090833333333,9710.5,18.458333333333332,0.003072916393037025,0.0025841933565325793,0.002221625652966413,0.5627662312945761,0.0,0.022901236085343765,0.0,0.07951110404865162,24,16,0.6666666666666666,1,3076.63625,1868.0625,0.0,279.0775,0.0,925.2775
fcb8ebb4-22c4-439c-b12b-275d1abef724,1195.0,49.791666666666664,3002.3950000000004,17111.041666666668,9.375,0.006769146017127125,0.0006003586072539582,0.02435169811981243,0.19442400743363789,0.19240193363182165,0.0,0.0,0.2793725614547203,24,16,0.6666666666666666,1,4503.592500000001,1478.9962500000001,1215.0862437500002,0.0,0.0,1806.5974999999999
fcca4d6b-8275-4e37-a9f1-5c96b4876f32,1268.0,52.833333333333336,855.48875,21003.458333333332,110.125,0.005137699384882467,0.005543059878932454,1.4294823753475907,0.026131926124181044,0.22711840665182806,0.0,0.0,0.06174144300110146,24,9,0.375,1,2281.3033333333337,218.18555555555557,1006.5033333333334,0.0,0.0,889.7199999999999
fd078d0a-7270-4702-8a43-4a6f42e6a5d7,179.0,7.458333333333333,8.461666666666666,2801.4583333333335,4.583333333333333,0.00166090859913185,0.0017275147292581626,0.23216957995712217,0.0,0.16666666666666666,0.0,0.0,0.0,24,4,0.16666666666666666,1,50.769999999999996,0.0,50.769999999999996,0.0,0.0,0.0
fd115e80-2b99-4eae-9b96-aa75575cf704,155.0,6.458333333333333,364.91375,6874.5,7.083333333333333,0.004258750896964612,0.0011306083191422543,0.009487832643630503,0.0,0.05770059587854711,0.3188992012395843,0.0,0.08173353621520195,24,11,0.4583333333333333,1,796.1754545454546,0.0,50.47727272727273,521.3072727272728,0.0,224.3909090909091
fd423352-d28a-4d98-a67e-7b17c86ae675,331.0,13.791666666666666,635.9941675,7461.125,21.625,0.00951337138607727,0.0031232889912400663,1.7559283434409922,0.0,0.3131404579120221,0.07061264300984317,0.0,0.0021621136259787834,24,13,0.5416666666666666,1,1174.1430784615384,0.0,722.3792307692308,30.563846153846157,0.0,19.189230769230768
fd59ff86-2efa-4f04-b631-d7018b1dc9ad,1234.0,51.416666666666664,8542.514979166668,24948.083333333332,75.58333333333333,0.020887300841783783,0.003103738733128121,0.0031204026596890707,0.6259541276800852,0.025347542025608738,0.0029904678899774374,0.0021973135397302707,0.0024210429005629085,24,16,0.6666666666666666,1,12813.772468750001,12078.8875,488.90312500000005,51.939375000000005,22.715,50.24125
fd5aee2b-49cb-4043-a6a6-43e959396fdb,365.0,15.208333333333334,543.2341708333333,10803.416666666666,39.708333333333336,0.008447671410241196,0.0038009869666564,0.1369295200524031,0.0,0.21221966717903462,0.016024586815663443,0.0,0.22977969835964976,24,12,0.5,1,1086.4683416666667,0.0,418.8316666666667,6.825833,0.0,659.6308416666666
fd7b2873-f015-4dca-9922-613ffd908a2a,376.0,15.666666666666666,396.07291667500004,14974.625,33.791666666666664,0.0040845309124719715,0.0022963516605808503,0.09534167520182125,0.0,0.17725258493353027,0.36367951616159794,0.0,0.0,24,14,0.5833333333333334,1,678.9821428714284,0.0,123.14785714285715,553.2207142857143,0.0,0.0
fd7e1fb5-bd1b-43bb-a246-59604edb151e,1725.0,71.875,13605.582083333333,30129.125,140.04166666666666,0.011142952412336107,0.004875970989454475,0.002576160004850233,0.2703341057365788,0.13245317442579632,0.06602984871906702,0.0,0.0567873984123557,24,16,0.6666666666666666,1,20408.373125,6831.45,3578.43624375,1616.1050062499999,0.0,2036.3431249999999
fda542ae-e450-4d4f-9511-655e5ee6a165,212.0,8.833333333333334,3676.021666666667,5360.5,7.916666666666667,0.015554473659937618,0.0014819623346214665,0.0010090058166044127,0.4908450720013879,0.028583700307463312,0.09152899434816643,0.0,0.055708899048540476,24,16,0.6666666666666666,1,5514.0325,4024.20875,281.95562500000005,743.2587425,0.0,464.609375
fdcac787-e1a7-4108-bd7e-b4021394da4b,265.0,11.041666666666666,4423.81625,14553.5,32.958333333333336,0.018802111985885394,0.0030928014416366956,0.0011838347919397,0.3517030181317562,0.2581831914207034,0.002572001041464379,0.0,0.001818440069004592,24,16,0.6666666666666666,1,6635.724375,3149.366875,2762.66001875,32.1175,0.0,26.403125
fdd5714a-32b2-4edf-8cd2-aa74dfba409b,118.0,4.916666666666667,2318.812082916667,9658.5,14.666666666666666,0.008067003073462371,0.001975473513126846,0.002073744279929396,0.1833700382068435,0.0,0.04593572299277637,0.10100911331545048,0.21135179215159627,24,13,0.5416666666666666,1,4280.883845384615,1365.4515384615383,0.0,518.6315384615385,213.0769223076923,2183.7238461538464
fdddabdb-ecf1-4a06-bf04-4275a365fa5b,2076.0,86.5,3018.789583333333,24512.083333333332,40.958333333333336,0.006636499508597041,0.0017293882704883833,0.05753550845917512,0.0,0.10479167054626,0.1024959695026828,0.011844030249539684,0.12841056010668472,24,16,0.6666666666666666,1,4528.184375,0.0,829.4087506249999,625.9324981249999,58.41875000000001,1202.18501875
fde5dca5-5e6f-4636-99f4-34c86588ae70,93.0,3.875,213.08250095833333,1488.4583333333333,4.083333333333333,0.0032535102229093414,0.003012316122505304,0.2112943543887983,0.0,0.25,0.0,0.0,0.0,24,14,0.5833333333333334,1,365.2842873571428,0.0,91.87357285714286,0.0,0.0,0.0
fdf27d81-dc5e-4a0d-9b67-861325a42b35,82.0,3.4166666666666665,460.1191658333333,970.4166666666666,0.875,0.007559913097398709,0.0009497376352864834,0.0034581348419068167,0.27281760091840934,0.09692303619626341,0.29692603041133075,0.0,0.0,24,16,0.6666666666666666,1,690.17874875,236.660000625,197.450625,256.06812375000004,0.0,0.0
fe0522df-180a-440b-a56c-827a1cc122b1,267.0,11.125,908.255,4035.9166666666665,15.375,0.007225920799483749,0.003656380927629575,0.011154418943430187,0.437277640219544,0.06686859343530117,0.11615823961317297,0.0,0.0043478704680978,24,15,0.625,1,1453.2079999999999,1310.9020000000003,18.179999333333335,122.12733333333333,0.0,1.8086666666666666
fe05cf27-f862-493c-be08-e6de9a5ac90a,121.0,5.041666666666667,1497.3166666666666,2025.6666666666667,5.708333333333333,0.02394784036247614,0.0028661002786558123,0.0010036958189380875,0.4968086102107243,0.016619499955942044,0.0010214320983883583,0.0,0.027217124401611947,24,13,0.5416666666666666,1,2764.2769230769222,2527.020769230769,54.25,4.939230769230769,0.0,178.06692307692308
fe0bed13-ebeb-4a07-a7a1-d9ee46f8c56d,2224.0,92.66666666666667,14227.613333333335,38626.416666666664,132.20833333333334,0.015168906269196342,0.0034684126454621583,0.003094928169245154,0.29798281250363723,0.29417300615848335,0.06359041035483698,0.0,0.0009056028093503791,24,16,0.6666666666666666,1,21341.420000000002,8840.685625,10088.49496875,2101.8743750000003,0.0,26.461250624999998
fe3e39b3-f787-4226-bdde-46b2af4e978d,562.0,23.416666666666668,11121.936666666666,18945.625,27.083333333333332,0.010924070270971883,0.0015363704631474375,0.0008832797736110791,0.4805912766969458,0.08279159920120026,0.012733352952295052,0.0,0.09052709259729042,24,16,0.6666666666666666,1,16682.905,11950.504375,2064.775,356.05375,0.0,2310.930625
fe517115-a9c2-4f43-963e-5f8f252a5795,3010.0,125.41666666666667,25151.152916249997,41212.75,101.70833333333333,0.008459935334038738,0.002612989798987725,0.03450140769451241,0.3029440329413257,0.17133060791787136,0.040658922674121516,0.030228571238085505,0.12139405837197775,24,16,0.6666666666666666,1,37726.729374375,20890.9,5718.698124375,1944.5925,2108.47124375,7054.97625
fe6fc740-a20a-4993-bffa-7cc8c04e889f,62.0,2.5833333333333335,154.45791658333334,353.5,0.4583333333333333,0.008147413134570972,0.0008036529301008333,0.14619282606967318,0.0,0.0,0.041666666666666664,0.0,0.25,24,7,0.2916666666666667,1,529.5699997142857,0.0,0.0,19.349999999999998,0.0,510.2199997142857
fec4b139-8800-43eb-b62f-387431fc63af,591.0,24.625,2613.684583333333,7427.625,29.791666666666668,0.030718038981168604,0.003989479978058608,0.004399822184115842,0.5828992701026551,0.015135630438237095,0.0,0.0,0.017161200981924914,24,16,0.6666666666666666,1,3920.526875,3298.49,97.88812500625001,0.0,0.0,77.21125
ff03bb5f-b433-40d1-8246-9b698dc0f27b,70.0,2.9166666666666665,98.51375125,538.1666666666666,1.0,0.002371741874163946,0.0023010776505776333,0.22519493152586223,0.0,0.13071843596188096,0.16094822907233527,0.0,0.0,24,7,0.2916666666666667,1,337.7614328571429,0.0,168.60428571428568,169.15714285714284,0.0,0.0
ff0a93d9-4597-4d0e-be9a-24306148c349,89.0,3.7083333333333335,1541.3033333333333,4332.25,12.5,0.007623785857103038,0.004696134359200542,0.0010650909029999624,0.32599343094965055,0.13793460932794918,0.032120028285939524,0.0,0.17061859726974457,24,16,0.6666666666666666,1,2311.955,938.16875,389.5137475,231.02249999999998,0.0,753.25
ff708e01-0459-47a1-9f63-43e27c5cda5d,513.0,21.375,8713.669166666667,17634.416666666668,31.166666666666668,0.017222706396797512,0.0018344971791697917,0.0012205047634511875,0.5333719296767069,0.04815901274379572,0.0,0.0,0.08100042229343395,24,16,0.6666666666666666,1,13070.50375,10468.9225,852.150625,0.0,0.0,1663.4568812500002
ffa3393d-5ec3-4b14-ab98-ceaf77c599f6,348.0,14.5,869.0691708333334,6637.75,9.625,0.010246179222493566,0.0015817652463567002,2.984133057328128,0.1507988971158369,0.30371129016173826,0.054503665643384276,0.0,0.03166604299081963,24,14,0.5833333333333334,1,1489.8328642857143,638.937145,703.9621428571428,106.33071428571428,0.0,37.68214285714286
ffcb35a6-bd5c-4ddb-8cd5-99cd13739fb2,449.0,18.708333333333332,649.2745833333333,5112.833333333333,14.583333333333334,0.013581198307864473,0.0031191714017063422,0.14577930035001282,0.0,0.12547398238939877,0.0,0.0,0.3036839695091165,24,13,0.5416666666666666,1,1198.6607692307691,0.0,38.10153846153846,0.0,0.0,1000.2230850000001
fffa6970-d2e2-4a3e-a0a8-5204383902cb,401.0,16.708333333333332,10372.627083333333,23857.5,24.916666666666668,0.013093648259931484,0.001045721556715125,0.0007427386520492916,0.38408939306892353,0.07339418039217793,0.011584561449007588,0.0,0.1649447459370284,24,16,0.6666666666666666,1,15558.940625,9050.82875,1640.541873125,286.53499999999997,0.0,3713.2212250000002
